url_len,dots,hyphens,is_ip,has_https,bad_words,label
82,2,7,0,1,0,0
93,2,0,0,0,0,1
121,3,0,0,0,1,1
24,2,0,0,1,0,0
73,3,1,0,1,0,0
47,2,0,0,0,0,1
66,2,0,0,0,0,1
80,3,6,0,1,0,0
56,3,0,0,0,0,0
71,2,1,0,1,0,1
20,1,0,0,1,0,0
97,2,5,0,1,0,0
51,3,0,0,1,0,1
104,4,1,0,0,1,1
80,3,8,0,0,0,0
52,3,0,0,0,0,1
160,3,1,0,0,1,1
73,1,1,0,0,0,1
35,3,0,0,0,0,1
35,3,0,1,0,0,1
22,2,0,0,1,0,0
36,2,0,0,0,0,1
33,3,0,0,1,0,0
30,2,0,0,0,0,1
50,3,0,0,0,0,1
31,2,1,0,1,0,0
30,2,0,0,0,0,1
34,2,0,0,1,0,0
36,2,1,0,1,0,1
33,1,1,0,1,0,1
79,1,10,0,0,0,0
79,2,7,0,0,0,0
94,4,10,0,0,0,0
59,2,5,0,0,0,0
48,4,0,0,1,0,0
61,3,0,0,0,0,1
102,4,3,0,1,0,1
85,4,0,0,0,0,1
55,4,0,0,0,0,0
44,2,1,0,1,0,1
79,4,2,0,0,0,1
78,2,0,0,0,0,1
81,2,0,0,0,0,1
53,2,0,0,0,0,1
62,1,0,0,0,0,1
65,2,1,0,0,0,1
68,2,6,0,0,0,0
105,4,0,0,0,0,1
27,2,0,0,0,0,1
30,2,0,0,1,0,0
74,4,1,0,1,0,0
52,1,2,0,0,0,0
92,3,0,0,1,0,1
40,2,0,0,0,0,1
52,2,0,0,0,0,1
25,2,0,0,0,0,1
107,4,1,0,0,0,1
56,1,4,0,0,0,0
26,2,0,0,0,0,0
32,2,0,0,0,0,1
46,1,1,0,1,0,0
57,3,2,0,0,0,0
71,4,0,0,1,0,1
26,2,0,0,0,0,0
30,2,0,0,0,0,0
46,2,0,0,0,0,1
110,1,2,0,0,1,1
43,2,0,0,1,0,0
98,4,0,0,1,0,1
110,5,1,0,1,0,1
41,2,1,0,0,0,1
47,2,0,0,0,0,1
28,1,0,0,0,0,1
21,2,0,0,0,0,0
69,3,1,0,0,0,0
49,3,0,0,0,0,0
100,2,5,0,1,0,0
268,3,0,0,0,0,1
68,4,0,0,0,0,1
20,2,0,0,1,0,0
31,2,1,0,0,0,1
81,4,4,0,1,0,0
48,1,0,0,1,0,1
20,1,0,0,0,0,1
39,2,1,0,1,0,1
53,3,0,0,1,0,1
71,3,0,0,0,0,1
67,5,2,0,0,0,1
51,5,0,0,0,0,1
23,2,0,0,1,0,0
61,4,0,0,0,0,1
92,3,7,0,0,0,1
83,2,9,0,0,0,0
130,1,10,0,1,0,0
62,1,0,0,1,0,0
98,8,0,0,1,0,1
80,4,0,0,0,0,1
120,3,9,0,0,0,0
214,5,0,0,0,0,1
34,2,1,0,1,0,1
112,3,2,0,0,0,0
21,1,0,0,1,0,1
37,2,0,0,1,0,1
34,2,0,0,0,0,1
87,7,0,0,0,0,1
58,4,3,0,0,1,1
109,2,10,0,1,0,0
42,3,0,0,0,0,0
29,3,0,0,1,0,0
49,2,0,0,1,0,0
79,6,2,0,1,1,1
32,1,0,0,0,0,1
42,3,0,0,0,0,1
49,2,1,0,0,0,1
79,4,1,0,1,0,1
40,2,1,0,0,0,1
33,2,0,0,0,0,1
89,2,8,0,1,0,0
49,3,0,0,0,0,1
34,1,0,0,0,0,1
78,2,4,0,1,0,0
40,3,0,0,0,0,1
40,2,0,0,0,0,0
54,2,0,0,0,0,1
76,3,3,0,1,1,1
51,2,0,0,1,0,1
49,2,1,0,0,0,0
59,2,1,0,0,0,0
25,1,0,0,0,0,1
125,2,8,0,0,0,0
117,4,0,0,0,0,1
18,1,0,0,1,0,0
30,2,0,0,0,0,1
26,2,0,0,1,0,0
95,3,0,0,0,0,0
50,2,3,0,0,0,0
45,2,0,0,0,0,1
32,2,0,0,1,0,0
51,2,0,0,0,0,0
34,1,0,0,0,0,1
93,5,0,0,0,1,1
36,2,1,0,0,0,0
33,1,0,0,0,0,1
40,2,2,0,1,0,1
29,1,0,0,0,0,1
33,2,0,0,1,0,0
66,1,7,0,0,0,0
126,4,1,0,0,0,1
86,3,1,0,0,0,1
219,3,1,0,1,1,1
47,2,0,0,0,0,1
73,2,3,0,0,0,1
39,1,2,0,0,0,1
47,2,0,0,0,0,0
24,3,0,0,0,0,0
190,2,0,0,1,0,1
56,3,0,0,0,0,0
40,3,0,0,1,0,1
40,3,0,0,0,0,1
126,4,1,0,1,0,1
65,3,6,0,1,0,0
65,3,1,0,0,0,1
110,3,1,0,0,1,1
76,4,1,0,0,0,1
43,4,0,0,0,1,1
54,2,0,0,1,1,1
43,2,3,0,1,0,0
110,3,0,0,1,0,1
30,2,0,0,1,0,1
68,5,1,0,0,0,1
25,2,0,0,0,0,0
18,1,0,0,0,0,0
85,7,1,0,0,0,1
26,3,0,0,0,0,0
52,2,0,0,0,0,1
60,4,0,0,1,0,1
22,2,0,0,1,0,0
24,2,0,0,1,0,0
55,2,0,0,1,0,0
218,3,1,0,0,1,1
36,4,0,1,0,0,1
26,2,0,0,1,0,0
57,3,1,0,0,0,0
57,2,0,0,1,0,0
38,2,0,0,1,0,0
36,2,0,0,1,0,0
111,2,4,0,0,0,1
79,3,1,0,1,1,1
44,2,0,0,1,0,1
53,3,6,0,1,0,1
32,2,0,0,1,0,0
71,4,1,0,0,0,1
39,3,0,0,0,0,1
24,2,0,0,0,0,0
20,2,0,0,1,0,0
74,2,0,0,0,0,0
27,2,0,0,0,0,1
58,2,0,0,0,0,0
29,2,0,0,1,0,1
73,4,1,0,1,0,0
40,3,0,0,0,0,1
40,1,0,0,0,0,1
65,3,0,0,0,0,0
30,2,0,0,1,0,0
77,1,0,0,0,0,1
82,1,1,0,1,1,1
30,2,0,0,1,0,1
17,1,0,0,0,0,0
50,3,0,0,1,0,0
65,2,3,0,1,0,0
58,3,3,0,0,0,0
40,1,0,0,1,0,0
22,1,0,0,1,0,0
89,3,1,0,1,0,1
97,2,6,0,1,0,0
61,2,0,0,0,0,1
39,2,2,0,0,0,1
85,4,0,0,0,0,1
19,2,0,0,0,0,1
41,2,2,0,0,0,1
22,2,0,0,0,0,0
44,2,0,0,1,0,0
80,2,1,0,0,1,1
47,2,0,0,1,0,1
45,2,0,0,1,0,0
52,5,0,0,0,1,1
50,4,0,0,0,0,1
22,2,0,0,1,0,0
44,1,0,0,0,0,1
54,2,1,0,0,0,1
29,2,0,0,1,0,0
35,2,0,0,1,0,1
107,2,9,0,0,0,0
36,2,0,0,0,0,0
85,3,0,0,1,0,1
36,2,2,0,1,0,1
25,2,0,0,1,0,0
73,2,6,0,0,0,0
70,1,3,0,0,0,0
34,2,0,0,1,0,1
29,1,0,0,0,0,1
40,2,1,0,0,0,1
17,2,0,0,0,0,0
37,2,0,0,1,0,0
63,2,1,0,0,0,0
34,2,2,0,1,0,0
29,2,0,0,1,0,0
78,2,4,0,0,0,0
111,2,5,0,0,0,0
43,2,0,0,0,0,0
54,4,2,0,1,0,1
41,2,0,0,1,0,0
23,2,0,0,0,0,0
30,2,1,0,0,0,0
77,3,0,0,0,0,0
69,2,0,0,0,0,1
25,1,0,0,1,0,1
42,2,0,0,1,0,0
74,3,2,0,0,1,1
46,2,0,0,0,0,0
28,2,0,0,1,0,0
54,2,0,0,1,0,1
75,3,0,0,0,1,1
74,3,3,0,1,0,0
125,4,1,0,1,0,1
94,2,1,0,1,0,0
15,1,0,0,0,0,1
27,2,0,0,0,0,1
41,3,1,0,1,0,0
106,3,2,0,0,0,1
104,2,2,0,1,0,1
111,3,1,0,0,0,1
202,2,0,0,1,0,1
53,2,0,0,0,0,1
57,3,0,0,0,0,0
65,2,0,0,0,0,1
77,4,1,0,1,0,0
62,2,2,0,1,0,0
49,2,1,0,1,0,0
42,2,0,0,0,0,0
54,2,4,0,0,0,0
29,2,0,0,0,0,1
30,2,0,0,1,0,0
40,2,0,0,0,0,0
52,2,0,0,0,0,1
63,1,4,0,0,0,0
126,4,1,0,1,0,1
52,2,0,0,0,0,0
55,2,0,0,1,0,0
75,5,2,0,0,1,1
36,1,0,0,0,0,1
64,2,0,0,0,0,0
61,2,4,0,1,0,0
58,2,1,0,0,0,0
35,2,0,0,0,0,0
126,3,0,0,0,0,1
36,1,0,0,1,0,0
125,4,1,0,0,0,1
23,2,0,0,1,0,0
35,2,1,0,0,0,1
35,2,0,0,0,0,1
32,2,0,0,1,0,0
77,2,0,0,1,0,0
29,2,0,0,0,0,1
61,2,3,0,0,0,0
25,2,0,0,0,0,1
79,3,2,0,0,0,0
42,1,0,0,1,0,0
113,2,1,0,1,0,1
42,3,1,0,0,0,0
45,2,0,0,0,0,0
37,2,0,0,0,0,1
43,2,0,0,1,0,1
35,1,3,0,0,0,1
50,3,1,0,1,0,1
75,1,5,0,1,0,0
65,2,0,0,1,0,0
32,2,0,0,0,0,0
47,2,0,0,1,0,0
62,3,2,0,0,0,0
33,2,0,0,0,0,1
47,2,3,0,0,0,1
58,2,4,0,0,0,0
71,4,7,0,1,0,1
60,2,4,0,1,0,0
29,2,0,0,0,0,0
50,2,4,0,0,0,1
52,2,1,0,1,0,0
78,3,2,0,0,0,0
35,1,2,0,0,0,0
66,2,1,0,1,0,1
26,2,0,0,1,0,0
38,2,1,0,1,0,0
47,2,0,0,0,0,0
23,2,0,0,0,0,0
98,4,0,0,1,0,0
73,1,0,0,0,0,1
32,2,0,0,1,0,0
46,4,2,0,0,0,1
33,2,1,0,0,0,1
24,2,0,0,0,0,0
52,4,0,0,1,0,1
26,2,0,0,1,0,1
243,14,1,0,0,0,1
54,3,0,0,0,0,0
29,2,0,0,1,0,0
28,2,0,0,0,0,0
45,2,0,0,1,0,1
72,3,1,0,1,0,0
430,24,0,1,0,0,1
33,2,0,0,1,0,0
18,2,0,0,0,0,0
45,2,0,0,0,0,1
31,2,0,0,0,0,1
36,2,0,0,0,0,0
30,2,1,0,1,0,1
46,2,0,0,1,0,0
35,2,0,0,1,0,1
57,2,4,0,0,0,0
26,2,0,0,1,0,0
19,1,0,0,1,0,0
58,3,0,0,0,0,1
89,2,1,0,0,0,1
49,3,0,0,1,0,0
35,2,0,0,1,0,1
51,3,2,0,0,0,0
34,1,1,0,0,0,1
28,2,0,0,0,0,1
55,3,0,0,0,0,0
17,1,0,0,0,0,0
29,2,0,0,1,0,1
26,3,0,0,0,0,1
59,2,1,0,1,0,0
17,1,0,0,1,0,0
21,1,0,0,1,0,1
51,1,3,0,0,0,0
127,4,1,0,1,0,1
263,5,0,0,0,1,1
37,1,0,0,0,0,1
39,2,2,0,1,1,1
56,3,0,0,0,0,1
48,4,0,0,0,0,1
35,3,0,0,0,0,0
36,4,0,0,0,0,1
36,3,0,0,1,0,1
22,2,0,0,0,0,0
42,2,1,0,0,0,1
125,4,1,0,1,0,1
76,2,0,0,0,0,1
33,3,0,0,0,0,1
36,1,0,0,1,0,1
89,2,0,0,0,0,0
180,3,1,0,1,1,1
49,2,2,0,0,0,0
39,2,0,0,1,0,1
39,2,0,0,0,0,1
31,2,1,0,0,0,1
65,2,0,0,0,0,0
59,3,1,0,1,1,1
118,4,2,0,0,0,1
22,2,0,0,1,0,0
105,3,1,0,0,0,1
22,2,0,0,1,0,0
151,6,1,0,0,0,1
137,3,0,0,1,0,0
17,1,0,0,1,0,1
82,2,0,0,1,0,1
31,1,0,0,1,0,0
21,1,0,0,1,0,0
58,3,0,0,0,0,0
22,2,0,0,1,0,0
253,14,0,0,0,1,1
68,4,0,0,0,0,1
131,5,1,0,0,0,1
69,2,4,0,1,0,0
51,2,1,0,1,0,1
58,1,4,0,0,0,0
41,1,0,0,0,0,1
52,3,3,0,0,0,0
78,3,0,0,0,0,1
38,2,0,0,0,0,0
34,2,0,0,0,0,0
39,1,0,0,0,0,1
61,2,0,0,0,0,0
94,3,0,0,0,0,1
23,2,0,0,0,0,1
33,3,0,0,0,0,1
58,4,1,0,1,0,1
140,2,1,0,1,0,1
46,4,1,0,0,0,1
98,3,1,0,0,1,1
28,2,0,0,1,0,0
26,2,0,0,1,0,0
30,3,0,0,1,0,1
26,2,0,0,1,0,0
57,2,0,0,1,0,1
28,2,1,0,1,0,0
43,3,0,0,1,0,0
32,2,0,0,1,0,0
30,2,0,0,0,0,1
32,3,1,0,0,0,1
64,3,0,0,1,0,0
23,2,0,0,0,0,0
42,2,1,0,1,0,1
69,3,2,0,0,0,0
33,2,0,0,1,0,0
22,3,0,0,0,0,0
32,1,0,0,0,0,1
159,6,0,0,0,0,1
22,2,0,0,1,0,1
74,3,0,0,0,0,0
24,2,0,0,0,0,0
43,1,1,0,1,0,0
33,1,0,0,1,0,1
114,4,1,0,0,0,1
65,2,2,0,1,0,0
24,1,0,0,0,0,0
29,2,0,0,1,0,0
26,2,1,0,0,0,0
52,3,2,0,0,0,0
37,2,0,0,0,0,0
32,2,0,0,1,0,0
38,2,0,0,0,0,0
46,2,1,0,0,0,0
32,2,0,0,1,0,1
56,2,1,0,0,0,1
55,3,1,0,0,0,1
46,2,0,0,0,1,1
71,4,1,0,1,1,0
124,5,0,0,1,0,1
18,1,0,0,0,0,0
36,2,0,0,0,0,1
32,2,0,0,1,0,0
43,1,2,0,0,0,1
24,2,0,0,1,0,0
49,4,2,0,1,1,1
199,3,5,0,0,1,1
53,2,0,0,0,0,0
66,3,0,0,1,0,1
60,4,3,0,0,1,1
176,6,1,0,0,1,1
139,2,3,0,1,0,1
36,4,0,0,0,0,1
76,2,0,0,1,0,0
68,2,4,0,0,0,0
54,2,2,0,0,0,1
43,2,2,0,0,0,1
34,3,1,0,1,0,0
128,4,1,0,1,0,1
45,2,0,0,0,0,0
34,4,0,0,0,0,1
47,2,1,0,0,0,0
30,1,0,0,0,0,1
24,2,0,0,0,0,0
45,2,0,0,0,0,1
31,2,2,0,1,0,0
118,4,0,0,0,0,1
22,1,0,0,0,0,1
40,2,0,0,0,0,1
117,4,0,0,0,0,1
65,2,1,0,0,0,0
41,1,0,0,0,0,1
77,1,0,0,0,0,1
119,4,0,0,0,0,1
26,1,0,0,1,0,0
35,2,0,0,0,0,1
98,2,2,0,0,0,1
29,2,0,0,0,0,1
55,2,2,0,1,0,0
23,1,0,0,0,0,1
80,2,9,0,0,0,0
55,1,0,0,0,0,0
28,2,0,0,0,0,0
98,2,2,0,0,0,1
43,3,1,0,0,0,1
63,1,6,0,1,0,0
293,4,2,0,1,0,1
938,3,0,0,0,0,1
41,2,0,0,1,0,0
46,3,2,0,0,0,1
92,3,3,0,0,0,1
66,2,3,0,0,0,0
32,2,0,0,1,0,1
58,1,4,0,1,0,0
76,1,5,0,1,0,0
64,2,2,0,0,0,0
39,2,0,0,1,0,1
49,3,0,0,0,0,0
85,2,7,0,0,0,0
149,2,4,0,0,0,0
26,1,0,0,1,0,1
20,1,0,0,1,0,1
57,3,1,0,0,0,0
37,3,0,0,0,0,0
52,4,3,0,1,0,1
64,5,2,0,1,0,1
16,1,0,0,1,0,0
21,2,0,0,0,0,0
85,4,1,0,0,0,0
43,2,0,0,0,0,1
33,1,1,0,1,0,0
160,4,1,1,0,0,1
42,6,0,0,0,0,1
72,4,0,0,0,0,0
84,3,0,0,1,0,1
56,4,0,0,0,0,0
36,1,0,0,0,0,0
35,3,0,0,1,0,1
25,3,0,0,1,0,0
64,2,0,0,0,0,0
58,1,0,0,0,0,1
38,2,0,0,0,0,1
67,2,4,0,0,0,0
49,2,1,0,0,0,0
48,2,0,0,1,0,1
106,2,0,0,0,0,1
22,3,0,0,1,0,0
90,2,1,0,1,0,1
150,5,0,0,0,0,1
56,5,2,0,0,0,1
96,4,0,0,0,0,1
29,2,0,0,1,0,1
55,2,4,0,1,0,1
55,2,4,0,1,0,0
54,2,1,0,0,0,1
86,3,0,0,1,0,1
39,2,0,0,0,0,0
31,3,0,0,0,0,1
26,3,0,0,1,0,0
28,2,0,0,1,0,1
37,2,0,0,0,0,1
35,2,0,0,1,0,0
38,1,0,0,1,0,0
25,1,0,0,1,0,1
34,2,1,0,1,0,1
71,3,0,0,1,0,1
30,2,0,0,0,0,0
36,2,0,0,1,0,0
71,2,1,0,0,0,1
58,2,0,0,1,0,0
26,1,0,0,0,0,1
74,4,0,0,0,0,0
62,2,3,0,0,0,1
30,2,0,0,1,0,1
97,2,6,0,0,0,0
230,3,1,0,0,1,1
51,2,1,0,1,0,1
123,1,0,0,0,0,1
50,2,0,0,1,0,0
129,5,1,0,0,0,1
118,4,0,0,0,0,1
37,3,0,0,0,0,1
99,4,8,0,0,0,0
41,2,0,0,0,0,1
47,1,0,0,1,0,1
39,2,0,0,1,0,0
29,2,1,0,1,0,0
24,1,0,0,0,0,0
63,2,4,0,0,0,0
36,1,2,0,1,0,1
44,4,2,0,1,0,1
32,2,0,0,0,0,0
27,2,0,0,1,0,0
44,3,1,0,0,1,1
23,2,0,0,0,0,0
27,2,0,0,0,0,0
32,1,0,0,1,0,1
119,2,8,0,0,0,0
16,1,0,0,0,0,0
35,2,1,0,1,0,0
107,2,1,0,0,0,1
40,2,0,0,1,0,0
23,2,0,0,0,0,0
126,3,4,0,0,0,1
41,2,0,0,0,0,1
34,2,0,0,0,0,1
243,5,5,0,0,1,1
27,2,0,0,0,0,1
44,2,1,0,0,0,0
30,2,0,0,0,0,0
15,1,0,0,0,0,1
58,2,3,0,0,0,0
49,2,3,0,0,0,0
38,2,0,0,0,0,1
72,3,1,0,0,0,0
67,2,0,0,0,0,0
77,2,0,0,0,0,0
72,2,0,0,1,0,1
138,2,1,0,0,1,1
93,3,0,0,0,0,0
18,2,0,0,0,0,0
25,2,0,0,0,0,0
31,2,0,0,0,0,0
33,1,1,0,0,0,1
42,3,0,0,0,0,0
32,2,0,0,1,0,1
196,3,2,0,0,1,1
45,2,1,0,1,0,1
188,4,0,1,0,1,1
49,2,1,0,1,0,0
77,4,0,0,1,0,1
40,1,1,0,1,0,1
65,2,0,0,0,0,1
82,4,0,0,0,0,1
86,2,3,0,0,0,0
66,2,1,0,0,0,1
61,3,1,0,1,0,1
59,4,0,0,0,0,1
188,4,9,0,0,0,1
38,2,0,0,0,0,1
47,4,1,0,0,0,1
26,2,0,0,0,0,0
42,2,1,0,0,1,1
60,3,1,0,1,0,1
51,1,0,0,0,0,1
48,3,0,0,0,0,1
32,2,1,0,1,0,0
25,1,0,0,1,0,1
129,5,1,0,0,0,1
53,3,0,0,1,0,1
330,4,8,0,1,0,1
76,4,1,0,0,0,1
97,2,5,0,0,0,0
31,1,0,0,0,0,1
158,2,2,0,0,0,1
127,4,1,0,1,0,1
30,3,0,0,0,0,1
42,2,0,0,1,0,1
28,2,1,0,0,0,0
25,2,0,0,0,0,0
38,1,1,0,0,0,0
66,2,1,0,0,0,1
112,2,13,0,1,0,0
70,2,1,0,0,1,1
49,3,0,0,1,1,1
53,2,0,0,0,0,1
24,1,1,0,1,1,1
425,24,0,1,0,0,1
69,2,5,0,0,0,0
32,2,0,0,0,0,0
124,4,1,0,0,0,1
42,2,0,0,1,0,0
61,2,3,0,0,0,0
44,2,0,0,0,0,0
102,3,1,0,0,0,1
45,2,2,0,1,0,1
29,2,0,0,1,0,0
25,2,0,0,1,0,0
53,2,0,0,0,0,1
45,1,0,0,0,0,0
39,3,0,0,1,0,0
59,2,0,0,0,0,1
68,3,0,0,0,0,0
29,2,0,0,1,0,0
32,2,0,0,0,0,1
21,2,0,0,0,0,0
51,2,1,0,1,0,0
43,2,0,0,0,0,1
44,4,0,0,0,0,1
40,1,2,0,1,1,1
127,3,4,0,1,0,1
35,2,0,0,0,0,1
73,5,2,0,0,0,1
82,2,0,0,1,0,1
85,3,1,0,0,0,1
33,2,0,0,1,0,0
75,3,0,0,0,0,0
43,1,0,0,0,0,1
30,2,0,0,1,0,0
89,2,8,0,0,0,0
27,3,0,0,1,0,0
39,2,0,0,1,0,0
33,2,0,0,0,0,0
40,4,0,0,1,0,1
26,2,0,0,1,0,0
67,5,0,0,0,0,1
56,2,5,0,0,0,0
85,2,1,0,0,0,1
66,2,4,0,0,0,0
22,2,0,0,0,0,1
49,2,0,0,1,0,1
92,1,9,0,1,0,0
64,2,0,0,0,0,1
33,2,0,0,1,0,1
121,8,3,0,0,0,1
35,2,0,0,1,1,0
83,3,1,0,1,0,1
30,2,0,0,0,0,1
49,3,1,0,0,0,0
77,2,2,0,0,0,1
79,3,1,0,1,1,1
26,2,0,0,1,0,0
63,1,2,0,0,0,1
40,2,2,0,1,1,1
43,2,0,0,1,0,0
46,2,2,0,0,0,0
63,3,0,0,0,0,1
32,2,0,0,0,0,1
41,3,0,0,0,0,0
70,3,4,0,0,0,0
57,3,3,0,0,0,0
50,3,0,0,0,0,1
49,1,2,0,1,0,0
80,2,4,0,0,0,0
58,3,0,0,1,0,0
26,2,0,0,1,0,0
57,3,0,0,0,0,0
19,1,0,0,1,0,1
54,2,1,0,0,0,0
63,2,0,0,1,0,1
44,3,0,0,1,1,1
21,2,0,0,1,0,0
133,2,2,0,0,0,1
117,2,5,0,0,0,1
63,3,0,0,0,0,0
61,3,2,0,0,0,0
29,3,0,0,0,0,0
58,5,0,0,0,1,1
43,3,0,0,0,0,1
64,2,4,0,1,0,0
25,1,0,0,1,0,1
63,2,5,0,0,0,0
22,2,0,0,0,0,0
76,2,4,0,1,0,0
32,3,1,0,0,0,1
59,2,2,0,0,0,0
51,2,1,0,0,0,1
76,2,0,0,1,0,0
31,2,0,0,0,0,1
61,5,1,0,1,0,1
35,2,1,0,1,0,0
33,2,2,0,1,0,1
35,1,3,0,1,0,1
124,5,0,0,1,0,1
33,2,0,0,1,0,0
36,3,0,0,0,0,1
44,2,2,0,1,0,0
44,4,0,0,0,0,1
34,2,0,0,1,0,1
49,2,1,0,0,0,1
46,3,0,0,0,0,1
28,2,0,0,1,0,0
51,2,0,0,0,0,1
69,4,2,0,1,0,0
64,3,0,0,0,0,1
30,2,1,0,0,0,1
54,3,1,0,0,0,1
29,1,1,0,0,0,1
87,1,1,0,0,0,1
26,2,0,0,0,0,0
64,3,0,0,0,0,0
68,3,1,0,0,0,1
21,2,0,0,0,0,0
25,2,0,0,0,0,1
130,2,2,0,1,0,1
26,1,0,0,0,0,1
39,2,2,0,0,0,1
34,1,1,0,0,0,1
43,3,0,0,0,0,0
461,5,2,0,1,0,1
55,2,2,0,1,0,0
216,2,0,0,0,1,1
26,2,0,0,0,0,1
48,3,0,0,1,0,0
16,1,0,0,0,0,1
28,2,0,0,1,0,0
45,2,0,0,0,0,0
62,3,1,0,0,0,1
56,3,0,0,0,0,0
69,3,0,0,0,0,1
74,1,2,0,1,0,0
68,4,0,0,0,0,1
29,1,0,0,1,0,1
17,1,0,0,0,0,0
39,4,0,0,0,0,1
60,3,0,0,0,0,0
30,2,0,0,0,0,0
63,2,2,0,1,0,1
119,3,8,0,0,0,0
63,3,0,0,0,0,0
24,2,0,0,1,0,0
47,2,1,0,1,0,1
32,2,0,0,0,0,0
23,2,0,0,1,0,0
26,3,0,0,0,0,0
25,2,0,0,1,0,0
26,2,0,0,0,0,1
25,2,0,0,1,0,0
36,3,0,0,1,0,0
114,2,1,0,1,0,1
82,2,1,0,0,0,1
28,2,0,0,1,0,0
37,2,1,0,0,0,1
84,3,0,0,0,0,0
29,2,0,0,1,0,0
29,1,1,0,0,0,1
122,2,0,0,1,0,1
91,3,7,0,1,0,0
47,2,1,0,0,0,1
111,4,1,0,0,0,1
59,3,0,0,0,0,1
35,1,2,0,1,0,1
100,3,9,0,1,0,0
22,1,0,0,0,0,1
30,2,0,0,0,0,0
39,4,0,1,0,0,1
42,2,2,0,0,0,1
40,3,0,0,0,0,1
25,2,0,0,0,0,1
30,2,0,0,0,0,0
24,2,0,0,1,0,0
131,3,1,0,0,0,1
30,2,2,0,1,0,0
77,2,0,0,1,0,1
27,3,0,0,0,0,0
34,1,0,0,1,0,0
29,2,0,0,1,0,1
29,2,0,0,1,0,0
26,3,0,0,1,0,0
33,2,0,0,1,0,0
22,1,1,0,0,0,0
73,3,0,0,1,0,0
54,2,2,0,1,0,0
37,2,0,0,1,0,1
34,2,0,0,0,0,0
73,3,1,0,0,0,1
26,2,0,0,0,0,0
33,2,0,0,1,0,0
71,4,0,0,0,0,1
63,1,0,0,0,0,0
27,2,0,0,0,0,1
47,2,3,0,0,0,0
80,2,0,0,0,0,1
113,3,0,0,1,0,1
36,2,0,0,1,0,0
49,3,2,0,0,1,1
31,2,0,0,0,0,0
77,3,0,0,1,0,0
44,1,0,0,0,0,1
41,2,1,0,0,0,1
43,3,0,0,0,0,0
52,2,0,0,0,0,0
120,2,1,0,0,0,0
26,2,0,0,1,0,0
85,2,5,0,1,0,0
57,4,0,0,0,0,0
35,2,0,0,0,0,1
39,3,0,0,0,0,0
60,2,1,0,0,0,0
73,3,4,0,0,0,0
26,2,0,0,0,0,0
35,2,1,0,1,0,1
120,4,0,0,1,0,1
45,4,0,0,0,0,1
64,2,0,0,0,0,1
72,2,0,0,1,0,1
74,3,2,0,0,0,1
20,2,1,0,1,0,0
39,2,2,0,0,0,0
45,2,1,0,0,0,0
49,2,1,0,0,0,0
45,2,0,0,0,0,0
43,4,0,0,1,0,1
41,2,0,0,1,0,0
48,1,1,0,1,0,1
60,3,1,0,0,0,1
203,8,0,0,0,0,1
55,5,1,0,0,0,1
33,2,0,0,0,0,1
99,2,2,0,0,0,0
94,3,0,0,1,0,1
43,2,2,0,0,0,0
23,2,0,0,0,0,0
26,3,0,0,0,0,0
28,2,0,0,0,0,0
30,1,0,0,0,0,1
43,2,0,0,0,0,0
28,2,0,0,1,0,0
36,2,0,0,0,0,1
42,3,0,0,1,0,1
64,2,3,0,1,0,0
77,2,8,0,1,0,0
47,3,5,0,1,0,1
127,4,1,0,1,0,1
47,2,1,0,0,0,1
20,2,0,0,0,1,1
47,2,0,0,0,0,1
25,2,0,0,0,0,0
98,2,2,0,0,0,1
124,5,0,0,1,0,1
32,3,1,0,0,0,1
33,2,0,0,1,0,0
41,2,0,0,0,0,1
26,2,0,0,0,0,1
63,2,0,0,0,0,1
58,5,0,0,0,0,1
34,2,0,0,0,0,1
332,6,0,0,0,0,1
155,4,6,0,0,0,1
82,4,3,0,1,0,0
173,5,1,0,1,0,1
27,2,1,0,1,0,1
40,1,0,0,0,0,1
59,3,5,0,0,0,0
51,2,0,0,0,0,1
52,2,1,0,0,0,1
188,4,0,1,0,1,1
112,2,0,0,0,1,1
136,1,2,0,1,0,1
48,1,2,0,1,0,0
59,2,3,0,1,0,0
126,4,1,0,1,0,1
27,2,0,0,0,0,0
204,2,2,0,1,0,1
40,3,0,0,0,0,1
37,2,0,0,0,0,1
104,2,10,0,0,0,0
53,2,1,0,0,0,1
45,2,0,0,0,0,0
50,2,0,0,0,0,1
56,2,0,0,1,0,0
56,2,0,0,1,0,1
23,2,0,0,1,0,0
65,3,0,0,1,0,1
30,2,0,0,1,0,0
49,3,4,0,0,0,0
28,2,0,0,1,0,0
29,2,0,0,0,0,0
56,2,2,0,0,0,1
56,2,0,0,0,0,1
98,4,0,0,0,0,1
21,2,0,0,0,0,0
116,2,12,0,1,0,0
80,3,3,0,1,0,0
50,2,1,0,1,0,1
19,1,0,0,0,0,1
64,2,0,0,0,0,1
33,1,0,0,0,0,0
56,3,1,0,0,0,1
117,4,0,0,0,0,1
48,2,0,0,1,0,0
37,2,0,0,0,0,1
50,3,0,0,0,0,0
396,19,10,1,0,1,1
30,2,0,0,0,0,1
58,3,0,0,0,0,0
50,1,0,0,0,0,0
76,4,1,0,0,0,1
106,3,0,0,1,0,1
56,2,0,0,0,0,1
34,2,0,0,1,0,0
24,2,0,0,0,0,0
56,3,0,0,0,0,1
113,3,0,0,0,0,1
23,2,0,0,0,0,1
39,3,0,0,0,0,0
25,3,0,0,0,0,0
35,2,0,0,0,0,0
57,2,0,0,1,0,0
19,1,0,0,1,0,1
17,1,0,0,0,0,0
26,2,0,0,0,0,0
61,2,4,0,1,0,0
26,2,0,0,0,0,0
30,1,1,0,0,0,1
29,2,0,0,1,0,0
24,2,0,0,1,0,0
39,2,0,0,1,0,0
23,1,0,0,0,0,0
28,2,1,0,1,0,1
58,2,2,0,0,0,0
33,2,0,0,0,0,0
45,3,0,0,0,0,0
52,2,0,0,1,0,0
73,3,5,0,0,0,0
21,2,0,0,0,0,0
35,2,0,0,0,0,0
25,2,0,0,1,0,0
34,2,0,0,0,0,0
31,2,0,0,0,0,1
34,2,1,0,1,0,1
36,2,1,0,0,1,1
79,2,6,0,1,0,0
126,4,1,0,0,0,1
102,3,2,0,0,0,1
29,2,0,0,0,0,0
60,1,2,0,0,0,1
76,2,0,0,0,0,1
41,3,0,0,0,0,1
50,2,1,0,1,0,0
43,2,0,0,1,0,0
83,2,0,0,1,0,1
63,2,3,0,0,0,0
113,5,1,0,0,0,1
87,2,4,0,1,0,0
33,2,1,0,1,0,1
21,2,0,0,0,0,0
28,1,0,0,0,0,1
43,2,0,0,1,0,0
43,3,1,0,1,0,0
67,4,0,0,1,0,0
92,2,1,0,0,0,1
48,2,0,0,0,0,0
110,3,1,0,0,0,1
109,8,2,0,1,0,1
28,2,0,0,0,0,0
59,3,4,0,0,0,0
34,2,0,0,1,0,1
18,2,0,0,0,0,0
29,2,0,0,1,0,0
45,2,0,0,0,0,1
74,3,4,0,0,0,0
47,2,3,0,0,0,0
62,2,2,0,0,0,0
36,2,0,0,0,0,0
565,3,0,0,0,0,1
30,3,0,0,0,0,1
33,3,0,0,0,0,0
37,2,0,0,0,0,1
46,2,0,0,0,0,0
54,1,4,0,0,0,0
54,2,0,0,0,0,1
187,6,2,0,0,1,1
47,2,0,0,1,0,0
30,1,1,0,0,0,1
37,2,0,0,0,0,1
126,4,1,0,0,0,1
24,1,0,0,0,0,0
25,2,0,0,1,0,0
33,2,0,0,0,0,0
156,4,0,0,0,1,1
99,3,0,0,1,0,1
49,3,0,0,0,0,0
21,1,0,0,0,0,1
44,3,0,0,1,0,0
26,2,1,0,0,0,0
20,2,0,0,0,0,0
24,2,1,0,0,0,0
50,2,3,0,0,0,0
27,1,1,0,0,0,1
25,2,0,0,0,0,0
102,1,1,0,0,0,1
77,2,3,0,0,0,0
76,6,0,1,0,0,1
22,2,0,0,1,0,0
44,2,0,0,1,0,0
54,3,0,0,1,0,1
65,5,1,0,1,0,1
27,2,0,0,1,0,0
76,2,2,0,0,0,0
46,3,0,0,0,0,1
45,3,0,0,1,0,1
100,3,1,0,0,0,1
53,2,0,0,1,0,0
23,3,0,0,1,0,0
30,2,0,0,1,0,0
47,2,0,0,0,0,1
98,4,1,0,1,0,1
39,2,0,0,1,0,0
32,2,0,0,0,0,1
30,2,0,0,0,0,0
43,2,0,0,1,0,1
36,3,1,0,0,0,1
29,2,1,0,0,0,0
68,3,3,0,0,0,0
75,3,0,0,0,0,1
110,4,0,0,0,1,1
22,2,0,0,0,0,0
61,2,4,0,1,0,0
37,2,0,0,0,0,1
32,2,0,0,1,0,0
64,3,1,0,0,0,0
48,4,0,0,0,0,1
129,5,1,0,0,0,1
113,2,0,0,1,0,1
40,4,0,1,0,1,1
130,4,2,0,1,0,1
157,2,11,0,1,0,0
55,2,0,0,1,0,0
127,4,1,0,0,0,1
96,2,3,0,0,0,1
50,2,0,0,0,0,1
49,2,0,0,1,0,0
64,3,4,0,0,0,0
21,2,0,0,0,0,0
25,1,0,0,0,0,1
57,1,3,0,1,0,1
30,3,0,1,0,1,1
99,1,0,0,0,0,1
50,3,0,0,0,0,0
46,2,1,0,0,0,0
81,2,0,0,0,0,1
111,3,2,0,0,0,1
56,1,1,0,0,0,1
250,6,3,0,0,0,1
19,2,0,0,0,0,1
59,2,0,0,0,1,1
36,2,0,0,0,0,1
53,3,0,0,0,0,1
106,3,1,0,0,1,1
41,3,0,0,0,0,1
51,2,2,0,1,0,0
65,2,0,0,1,0,0
74,2,0,0,0,0,1
73,4,0,0,1,0,1
33,2,0,0,1,0,1
33,2,0,0,0,0,1
65,3,0,0,1,0,1
51,1,2,0,0,0,1
32,3,1,0,0,0,1
59,2,0,0,0,1,1
27,2,0,0,1,0,0
36,2,0,0,0,0,1
44,3,0,0,0,0,0
36,2,0,0,0,0,1
29,2,0,0,1,0,0
22,2,0,0,1,0,0
76,4,1,0,0,0,1
38,2,1,0,0,0,1
21,1,0,0,0,0,1
38,1,0,0,0,0,0
464,9,3,1,0,0,1
61,5,1,0,1,0,1
75,2,1,0,0,0,1
25,1,0,0,0,0,1
85,2,1,0,0,0,1
36,2,0,0,0,0,0
63,2,0,0,0,1,1
55,5,0,0,1,0,1
123,5,0,0,1,0,1
72,3,0,0,1,0,0
28,2,0,0,1,0,0
66,1,2,0,0,0,0
33,3,0,0,1,0,0
31,2,0,0,0,0,0
83,1,11,0,0,0,0
16,1,0,0,0,0,0
31,2,0,0,1,0,0
31,2,0,0,1,0,0
40,1,0,0,1,0,1
21,2,0,0,1,0,0
77,1,7,0,0,0,0
44,2,0,0,0,0,0
33,2,0,0,0,0,0
31,2,0,0,0,0,0
34,2,0,0,1,0,0
56,2,0,0,1,0,1
29,3,0,0,0,0,1
32,2,0,0,0,0,0
64,2,2,0,0,0,1
39,2,1,0,1,0,0
104,3,1,0,0,0,1
67,3,2,0,1,0,0
76,4,1,0,0,0,1
68,5,3,0,0,0,1
28,2,0,0,1,0,1
34,3,0,0,0,0,1
67,2,2,0,0,0,0
65,3,1,0,0,0,0
78,3,0,0,0,1,1
56,3,2,0,1,0,0
69,2,3,0,1,0,0
97,4,0,0,0,1,1
42,2,0,0,0,0,0
208,7,3,0,0,0,1
45,4,0,0,1,0,0
37,1,0,0,1,0,1
28,2,0,0,0,0,1
267,3,0,0,0,0,1
29,2,0,0,1,0,0
40,2,0,0,0,0,0
64,5,3,0,0,1,1
28,2,1,0,1,0,0
110,4,7,0,1,0,0
46,3,2,0,0,0,1
33,2,0,0,1,0,0
71,2,7,0,1,0,0
75,2,5,0,0,0,0
30,2,0,0,1,0,1
88,2,6,0,1,0,0
52,2,0,0,1,0,1
50,2,0,0,0,0,1
83,3,4,0,1,0,0
104,4,1,0,0,1,1
77,2,0,0,1,0,1
36,2,0,0,1,0,0
56,3,2,0,1,0,0
125,4,1,0,1,0,1
27,2,0,0,1,0,0
34,2,0,0,1,0,0
55,2,3,0,0,0,0
32,2,0,0,0,0,1
54,2,2,0,0,0,0
40,2,0,0,0,0,0
40,3,0,0,0,1,1
78,4,2,0,1,0,1
90,4,1,0,0,0,1
64,2,1,0,1,0,1
19,1,0,0,0,0,0
34,3,0,0,1,0,0
46,3,0,0,0,0,1
121,2,2,0,1,0,1
33,1,0,0,1,0,0
46,2,0,0,1,0,0
65,2,0,0,0,0,1
86,2,9,0,0,0,0
37,2,0,0,1,0,1
264,4,1,0,1,0,1
49,3,0,0,1,0,0
88,2,5,0,1,0,0
69,5,1,0,1,0,1
26,1,0,0,0,0,1
55,2,1,0,0,0,0
238,3,8,0,1,0,1
36,2,1,0,0,0,1
61,1,3,0,0,0,0
132,3,0,0,1,0,1
80,6,2,0,1,0,1
28,2,0,0,1,0,1
96,2,1,0,0,0,0
35,2,0,0,1,0,0
34,2,0,0,0,0,0
92,2,2,0,0,0,1
51,3,2,0,0,0,0
32,2,0,0,0,0,0
45,2,0,0,1,0,1
31,2,1,0,0,0,0
132,3,0,0,1,0,1
28,2,0,0,1,0,0
24,2,0,0,1,0,0
31,1,0,0,1,0,1
34,2,0,0,0,0,1
149,1,0,0,1,0,1
35,2,0,0,1,0,0
110,2,14,0,1,0,0
278,3,0,0,1,0,1
38,2,0,0,0,0,0
42,2,0,0,0,0,0
101,2,0,0,0,1,1
162,7,1,0,1,1,1
24,1,0,0,1,0,1
49,1,1,0,0,0,1
36,2,0,0,0,0,1
129,5,1,0,0,0,1
49,3,0,0,0,0,1
114,5,1,0,0,0,1
64,2,0,0,0,0,0
26,2,0,0,0,0,1
30,2,1,0,0,0,0
20,1,0,0,0,0,1
27,2,0,0,1,0,0
47,2,1,0,0,0,0
77,1,0,0,0,0,1
21,1,0,0,0,0,0
60,3,4,0,0,0,0
84,6,0,0,0,0,0
54,5,2,0,0,0,1
25,2,0,0,0,0,0
75,4,3,0,1,0,0
159,2,0,0,0,1,1
82,2,0,0,1,0,1
76,2,3,0,0,0,0
40,4,0,1,0,0,1
68,3,1,0,0,1,1
30,2,0,0,0,0,0
38,2,0,0,1,0,1
130,2,1,0,1,0,1
65,3,4,0,0,0,0
35,2,0,0,0,0,0
23,1,0,0,0,0,0
30,2,0,0,0,0,0
125,3,5,0,1,0,0
99,3,4,0,0,0,0
77,1,0,0,0,0,1
103,4,5,0,1,0,0
54,2,2,0,1,0,0
79,2,3,0,0,0,0
52,2,0,0,1,0,1
31,2,0,0,1,0,1
31,1,0,0,0,0,1
46,2,0,0,0,0,1
75,9,0,0,0,0,1
39,1,0,0,0,0,1
32,2,0,0,1,0,0
35,2,2,0,1,0,0
129,2,4,0,0,0,1
52,3,0,0,0,0,1
48,1,0,0,0,0,1
55,2,0,0,0,0,0
58,3,0,0,0,0,0
49,2,1,0,0,0,0
45,1,3,0,0,0,0
33,1,0,0,0,0,1
24,2,0,0,0,0,0
25,2,0,0,1,0,0
28,2,0,0,0,0,1
88,3,1,0,1,0,0
62,1,1,0,0,0,1
69,3,0,0,1,0,0
34,2,0,0,0,0,0
112,3,1,0,0,0,0
29,2,0,0,1,0,0
20,2,0,0,0,0,0
101,2,0,0,1,0,1
44,2,1,0,1,0,0
96,4,1,0,1,0,0
44,3,1,0,0,0,0
37,3,0,0,0,0,1
79,2,0,0,0,0,1
26,2,0,0,0,0,0
35,2,0,0,0,0,1
50,2,3,0,0,0,0
35,2,0,0,0,0,1
95,2,1,0,0,0,1
31,2,0,0,0,0,0
28,2,0,0,0,0,1
69,3,3,0,0,0,0
36,2,0,0,1,0,0
21,2,0,0,1,0,0
27,2,0,0,1,0,0
154,4,0,0,1,0,1
52,2,0,0,0,0,1
58,2,3,0,1,0,0
92,2,8,0,0,0,0
43,2,0,0,0,0,1
27,2,0,0,0,0,0
38,1,3,0,1,0,0
68,3,0,0,1,0,0
35,2,0,0,1,0,0
66,2,0,0,1,0,1
22,1,0,0,1,0,0
58,3,3,0,0,0,0
23,2,0,0,0,0,0
135,2,1,0,1,0,1
58,2,2,0,0,0,0
54,2,1,0,0,0,0
49,2,1,0,0,0,0
127,2,7,0,0,0,0
125,4,1,0,1,0,1
62,3,0,0,0,0,0
20,2,0,0,1,0,0
67,3,0,0,0,0,1
62,2,1,0,0,0,1
63,2,0,0,0,0,1
88,4,1,0,1,1,1
64,4,0,0,1,0,1
31,2,0,0,1,0,1
41,2,1,0,1,0,1
18,1,0,0,0,0,1
79,3,2,0,0,0,1
22,2,0,0,1,0,0
177,7,1,0,0,1,1
22,2,0,0,1,0,0
34,4,0,0,0,0,1
49,2,0,0,0,0,0
110,2,0,0,0,0,1
42,2,0,0,1,0,0
79,2,5,0,0,0,0
55,3,0,0,0,0,0
37,3,0,0,1,0,1
63,3,2,0,0,0,0
404,2,1,0,0,1,1
123,2,9,0,1,0,0
18,1,0,0,0,0,1
72,1,4,0,0,0,0
103,2,8,0,1,0,0
36,3,0,0,0,0,1
34,1,0,0,0,0,1
25,1,0,0,1,0,0
83,2,6,0,0,0,0
39,1,0,0,0,0,0
39,2,0,0,0,0,0
148,2,1,0,1,1,1
52,3,1,0,0,0,0
34,3,0,0,0,0,1
59,3,0,0,0,0,1
70,2,2,0,0,0,1
57,2,0,0,1,0,0
42,3,0,0,0,0,0
127,4,1,0,0,0,1
48,3,0,0,0,0,0
141,3,10,0,0,0,0
39,2,0,0,0,0,1
36,2,0,0,1,0,0
56,2,2,0,1,0,0
59,2,2,0,1,0,0
27,2,0,0,1,0,0
46,2,0,0,0,0,1
86,3,1,0,1,0,1
36,2,0,0,1,0,0
18,2,0,0,0,0,1
16,2,0,0,0,0,0
115,2,1,0,1,1,1
68,4,0,0,0,0,1
97,1,1,0,1,0,1
54,3,0,0,1,0,1
88,2,7,0,0,0,0
40,2,0,0,1,0,0
34,1,0,0,0,0,1
19,2,0,0,0,0,1
38,2,0,0,1,0,1
83,2,9,0,0,0,0
147,7,5,0,1,1,1
75,4,0,0,0,0,0
19,2,0,0,1,0,0
26,2,0,0,1,0,0
415,2,1,0,0,0,1
32,2,1,0,0,0,1
106,7,0,0,0,1,1
137,3,6,0,0,0,1
28,2,0,0,0,0,1
84,3,0,0,1,0,1
84,3,1,0,0,0,0
39,2,0,0,0,0,1
33,1,0,0,1,0,0
65,5,2,0,0,0,1
23,1,0,0,1,0,1
32,2,0,0,0,0,0
70,2,3,0,1,0,1
23,2,0,0,1,0,1
32,2,0,0,0,0,1
57,3,0,0,0,0,1
35,1,1,0,0,0,1
34,2,0,0,0,0,0
44,2,0,0,0,0,1
23,2,0,0,1,0,0
72,5,3,0,0,0,1
26,2,1,0,1,0,0
42,2,0,0,1,0,0
92,3,1,0,1,0,1
73,3,0,0,0,0,1
48,2,1,0,0,0,0
45,2,0,0,1,0,0
58,3,1,0,0,0,1
40,1,0,0,1,0,0
61,2,0,0,1,0,1
41,1,2,0,1,0,1
22,1,0,0,0,0,1
68,1,3,0,0,0,1
29,2,0,0,0,0,0
63,2,0,0,0,0,1
40,2,0,0,0,0,0
28,2,0,0,0,0,0
32,2,0,0,1,0,0
57,2,0,0,1,0,0
47,2,0,0,1,0,0
24,2,0,0,0,0,0
30,1,0,0,0,0,0
128,4,1,0,1,0,1
37,3,0,0,1,0,0
38,2,0,0,1,0,1
43,2,0,0,1,0,0
47,1,1,0,0,0,0
40,4,0,0,0,0,0
22,1,0,0,0,0,1
56,2,0,0,0,0,1
34,3,0,0,0,0,1
47,2,2,0,1,0,0
43,2,0,0,0,0,1
92,3,0,0,0,0,0
22,1,0,0,0,0,1
58,2,2,0,0,0,0
31,2,1,0,0,0,0
111,7,0,0,1,0,0
39,2,0,0,1,1,1
24,2,0,0,0,0,0
45,3,1,0,0,0,0
40,3,1,0,1,0,1
126,4,1,0,1,0,1
105,2,1,0,1,0,1
59,5,0,0,0,0,1
37,2,1,0,0,0,1
46,2,0,0,1,0,0
73,2,4,0,1,0,0
46,2,1,0,0,0,0
45,2,0,0,0,0,0
23,2,0,0,0,0,0
32,2,0,0,0,0,1
34,1,1,0,0,0,1
40,2,0,0,0,0,1
97,2,1,0,0,0,1
188,1,4,0,0,0,1
23,2,0,0,0,0,0
48,2,0,0,1,0,0
25,2,0,0,0,0,0
153,2,0,0,1,0,1
68,4,3,0,1,0,0
46,2,0,0,1,0,0
21,2,0,0,1,0,0
126,4,1,0,1,0,1
61,3,0,0,1,0,0
64,2,3,0,0,0,0
51,2,0,0,0,0,0
45,2,0,0,0,0,1
44,2,0,0,1,0,1
106,3,2,0,0,0,1
34,2,1,0,0,0,1
43,3,2,0,0,0,1
26,3,0,0,1,0,0
59,2,0,0,0,0,0
54,2,1,0,0,0,0
23,2,0,0,1,0,0
24,2,0,0,1,0,0
75,4,2,0,1,0,1
152,4,1,0,0,0,1
32,2,0,0,0,0,0
79,2,1,0,0,0,1
99,2,0,0,1,0,1
81,4,0,0,0,0,0
55,3,0,0,0,0,1
70,2,3,0,0,0,1
552,5,24,0,1,1,0
30,2,1,0,1,0,0
56,5,0,0,0,1,1
58,3,3,0,0,0,0
70,5,0,0,0,1,1
32,2,0,0,1,0,1
55,5,0,0,1,0,1
40,2,1,0,1,0,0
28,2,0,0,1,0,0
50,2,1,0,1,0,0
44,1,1,0,0,0,1
32,2,0,0,0,0,0
72,3,4,0,0,0,0
35,3,0,0,0,0,0
55,2,0,0,0,0,1
45,3,1,0,0,0,0
218,1,2,0,0,0,1
60,3,0,0,0,0,0
101,4,1,0,1,0,1
42,2,0,0,1,0,1
28,2,0,0,0,0,0
55,3,0,0,0,0,1
68,2,0,0,0,0,1
56,4,1,0,0,0,0
40,3,0,0,0,0,0
63,2,3,0,0,0,0
32,2,0,0,0,0,0
49,3,0,0,0,0,1
26,2,0,0,0,0,0
25,2,1,0,1,0,0
23,1,0,0,1,0,1
77,3,0,0,0,0,1
37,3,0,0,0,0,1
59,3,1,0,1,1,1
40,2,1,0,0,0,0
33,2,1,0,1,0,1
38,3,0,0,0,0,0
73,3,3,0,0,0,1
60,2,2,0,1,0,0
37,1,0,0,0,0,1
68,4,0,0,0,0,1
34,2,1,0,0,0,0
25,1,0,0,1,0,0
43,2,0,0,0,0,0
28,2,0,0,0,0,1
19,2,0,0,0,0,0
28,2,0,0,0,0,1
48,2,1,0,0,0,0
23,2,1,0,0,0,0
31,2,0,0,1,0,0
76,2,3,0,1,0,0
27,3,0,0,1,0,0
41,1,1,0,0,0,0
77,2,5,0,1,0,0
58,3,0,0,0,0,0
140,3,0,0,0,0,0
45,2,0,0,1,0,0
140,1,6,0,0,0,1
56,4,3,0,0,0,1
49,1,3,0,0,0,0
61,2,0,0,1,0,1
26,2,0,0,0,0,0
476,24,0,1,0,0,1
40,1,0,0,1,0,0
305,4,8,0,1,0,1
52,3,0,0,0,0,0
28,3,0,0,1,0,0
32,2,0,0,0,0,1
17,1,0,0,0,0,0
126,4,1,0,0,0,1
73,1,1,0,0,0,1
63,3,3,0,0,0,0
39,2,1,0,0,0,1
55,1,1,0,0,0,1
63,1,4,0,0,0,0
23,2,0,0,1,0,0
59,3,1,0,0,0,0
24,2,0,0,0,0,0
39,2,0,0,1,0,0
29,2,0,0,0,0,1
39,1,1,0,1,0,0
27,2,0,0,0,0,0
45,3,0,0,0,0,0
117,4,0,0,0,0,1
77,2,2,0,0,0,1
32,2,0,0,0,0,0
84,1,9,0,0,0,0
21,2,0,0,1,0,0
82,2,0,0,1,0,1
63,2,3,0,0,0,0
48,2,2,0,0,0,0
39,1,0,0,0,0,1
42,4,0,0,1,0,1
23,2,0,0,1,0,0
70,2,1,0,0,0,1
45,2,2,0,0,0,0
62,3,1,0,0,0,1
26,2,1,0,0,0,0
26,2,1,0,0,1,1
126,4,1,0,0,0,1
64,2,1,0,1,0,1
21,1,0,0,0,0,0
18,2,0,0,0,0,0
24,2,0,0,1,0,0
45,3,1,0,0,0,1
34,2,1,0,1,0,0
24,2,0,0,1,0,0
40,3,0,0,0,0,0
64,3,6,0,0,0,0
21,1,0,0,1,0,1
42,2,0,0,0,0,0
87,3,0,0,0,0,1
53,3,0,0,0,0,1
60,4,0,0,0,0,0
65,3,1,0,0,0,1
30,2,0,0,1,0,0
39,2,0,0,1,0,0
33,2,0,0,1,0,1
90,3,0,0,1,0,0
105,3,1,0,0,0,1
102,2,7,0,0,0,0
63,2,2,0,0,0,0
98,6,2,0,1,0,1
38,2,0,0,0,0,1
51,3,0,0,1,0,1
259,15,0,0,1,0,1
34,2,1,0,0,0,1
30,1,1,0,1,0,1
42,3,0,0,0,0,1
21,1,0,0,1,0,1
48,1,3,0,0,0,0
123,1,4,0,1,0,1
79,4,0,0,1,0,0
39,2,0,0,1,0,1
22,2,0,0,1,0,0
60,4,3,0,0,0,1
25,2,0,0,1,0,0
47,1,0,0,1,0,1
113,2,7,0,1,0,0
37,2,0,0,1,0,0
97,5,0,0,1,1,1
56,2,1,0,0,0,0
38,4,0,0,0,0,1
68,6,0,0,0,1,1
61,3,2,0,0,0,0
36,2,0,0,1,0,0
35,2,0,0,0,0,1
28,2,0,0,0,0,1
33,2,0,0,1,0,1
64,4,1,0,1,0,0
43,2,1,0,0,0,1
74,2,2,0,0,0,1
115,3,4,0,0,0,1
23,2,0,0,1,0,0
44,3,0,0,0,1,1
44,4,0,0,1,0,1
27,2,0,0,1,0,0
45,2,0,0,1,0,1
29,3,0,0,1,0,0
32,2,1,0,0,0,0
45,1,0,0,0,1,1
54,2,0,0,1,0,0
74,2,0,0,0,0,1
127,4,1,0,1,0,1
28,2,0,0,1,0,0
25,2,0,0,0,0,0
30,2,0,0,1,0,0
48,2,2,0,0,0,0
119,4,0,0,0,0,1
71,2,3,0,0,0,0
45,2,0,0,0,0,1
53,2,0,0,0,0,1
47,2,0,0,0,0,0
21,2,0,0,0,0,1
43,3,2,0,0,0,0
36,2,0,0,0,0,1
20,2,0,0,0,0,0
17,1,0,0,0,0,0
116,1,14,0,1,0,0
40,2,0,0,0,0,0
17,1,0,0,1,0,0
31,2,0,0,1,0,0
22,2,0,0,1,0,1
38,2,0,0,0,0,1
62,3,3,0,0,0,0
21,1,0,0,0,0,1
58,4,0,0,0,0,1
41,3,0,0,0,0,1
127,4,1,0,0,0,1
82,5,1,1,0,0,1
22,2,0,0,0,0,0
127,4,1,0,1,0,1
48,1,0,0,1,0,1
53,2,1,0,1,0,1
56,3,0,0,0,0,1
104,10,0,0,0,0,1
53,2,4,0,0,0,0
25,1,0,0,1,0,0
34,2,1,0,1,0,1
58,5,0,0,0,0,0
43,2,0,0,1,0,0
115,2,13,0,1,0,0
44,2,0,0,0,0,1
30,3,0,0,0,0,1
35,2,1,0,0,0,0
74,3,0,0,0,1,1
113,2,2,0,1,0,1
40,4,1,0,0,0,1
124,5,0,0,1,0,1
27,2,0,0,0,0,0
65,3,1,0,1,0,0
30,2,0,0,0,0,0
27,2,0,0,1,0,0
437,7,2,0,0,0,1
32,2,0,0,0,0,1
120,4,0,0,1,0,1
49,3,0,0,0,0,0
29,2,0,0,0,0,1
77,3,0,0,0,0,1
55,4,0,0,0,0,1
26,2,0,0,1,0,0
38,2,1,0,1,0,1
60,2,1,0,0,0,0
26,2,0,0,0,0,1
83,2,5,0,1,0,0
57,2,0,0,0,1,1
128,4,1,0,1,0,1
45,2,2,0,0,0,0
33,2,0,0,0,0,1
60,4,0,0,0,0,1
74,2,2,0,0,0,0
57,3,2,0,0,0,1
62,2,0,0,0,0,0
39,2,2,0,0,0,1
36,2,0,0,1,0,1
254,3,1,0,1,0,1
50,2,1,0,0,0,0
138,2,2,0,0,0,1
34,2,1,0,0,0,0
21,1,0,0,0,0,1
139,5,1,0,1,0,1
75,4,3,0,0,1,1
92,2,1,0,0,0,1
22,2,0,0,1,0,0
33,2,0,0,1,0,0
35,2,0,0,0,0,1
66,3,1,0,0,0,0
64,2,1,0,0,0,1
34,2,0,0,0,0,1
68,2,4,0,0,0,1
96,2,1,0,0,0,1
62,1,0,0,0,0,1
22,2,0,0,0,0,0
45,2,0,0,1,0,1
77,1,0,0,0,0,1
82,2,6,0,0,0,0
52,3,0,0,0,0,0
32,3,1,0,0,0,1
155,3,2,0,0,0,0
124,5,0,0,1,0,1
276,4,0,0,0,1,1
34,2,0,0,0,0,0
165,4,6,0,0,0,1
29,1,0,0,1,1,1
172,2,2,0,1,0,1
58,2,4,0,1,0,0
24,2,0,0,0,0,0
27,2,1,0,0,0,0
72,3,0,0,0,0,0
201,2,0,0,0,1,1
30,2,0,0,0,0,0
36,4,0,0,0,0,1
36,3,0,0,1,0,0
21,3,0,1,0,0,1
108,3,1,0,0,0,1
32,1,0,0,0,0,1
61,2,1,0,0,0,1
56,2,1,0,0,0,1
112,12,0,0,0,0,1
39,1,0,0,1,0,1
25,2,0,0,0,0,0
62,2,2,0,0,0,1
35,3,0,0,1,0,0
37,2,2,0,1,0,0
33,2,0,0,1,0,0
28,2,1,0,0,0,0
118,4,0,0,0,0,1
41,2,0,0,1,0,1
41,2,0,0,1,0,0
63,5,2,0,0,0,1
40,2,0,0,0,0,0
54,4,0,0,0,0,1
629,2,8,0,0,0,1
84,2,0,0,1,0,1
54,2,0,0,1,0,0
67,3,0,0,1,0,0
160,2,0,0,0,0,1
44,2,0,0,0,0,0
53,2,1,0,1,0,0
54,3,1,0,0,0,1
98,3,7,0,0,0,0
30,2,0,0,0,0,1
36,2,0,0,1,0,1
36,1,1,0,0,0,0
62,5,0,0,0,0,1
59,2,0,0,0,0,1
35,2,0,0,0,0,0
77,2,1,0,0,0,0
58,3,5,0,0,0,0
128,4,1,0,1,0,1
27,2,0,0,1,0,0
34,3,0,0,0,1,1
29,2,0,0,1,0,0
27,1,0,0,0,0,0
243,2,15,0,1,0,1
140,3,5,0,0,0,1
31,2,0,0,0,0,1
65,3,0,0,0,0,0
32,2,0,0,0,0,0
24,2,0,0,0,0,0
52,2,1,0,0,0,0
22,2,0,0,0,0,0
95,2,1,0,0,0,0
37,2,0,0,0,0,0
19,1,0,0,0,0,0
44,2,0,0,0,0,0
39,6,1,0,0,0,1
29,2,0,0,1,0,0
24,2,0,0,1,0,0
43,2,0,0,1,0,0
60,2,0,0,1,0,0
66,3,3,0,0,0,0
51,3,2,0,0,0,1
206,3,1,0,0,1,1
55,1,0,0,1,0,1
19,1,0,0,1,0,0
27,2,1,0,0,1,0
153,4,9,0,1,1,1
46,2,0,0,0,0,1
38,3,0,1,0,0,1
31,2,1,0,0,0,0
27,2,0,0,1,0,0
53,4,1,0,0,0,1
32,2,0,0,0,0,0
49,2,0,0,1,0,0
142,3,2,0,1,0,1
536,2,0,0,0,0,1
23,2,0,0,1,0,0
32,2,0,0,1,0,0
64,5,2,0,1,0,1
47,4,0,0,1,0,1
61,2,5,0,0,0,0
33,2,0,0,0,0,1
45,1,0,0,0,0,0
24,2,0,0,0,0,1
70,2,0,0,1,0,1
37,3,1,0,0,0,1
74,2,1,0,1,0,1
109,4,1,0,1,0,1
33,2,0,0,1,0,0
40,3,1,0,0,1,1
43,2,0,0,1,0,0
40,4,0,0,1,0,1
50,2,0,0,0,0,1
60,2,0,0,0,0,0
42,2,0,0,1,0,1
38,2,1,0,1,0,0
27,2,0,0,1,0,0
27,1,0,0,1,0,1
73,2,2,0,1,0,0
17,1,0,0,0,0,0
30,2,1,0,1,0,0
43,2,0,0,0,0,0
44,2,0,0,1,0,1
40,3,0,0,0,0,1
91,2,1,0,0,0,1
24,3,0,0,0,0,0
17,1,0,0,0,0,1
115,3,1,0,0,0,1
101,3,1,0,0,0,1
34,2,0,0,1,0,1
64,3,0,0,0,0,1
75,2,0,0,0,0,1
33,2,0,0,1,0,0
30,2,0,0,0,0,0
60,3,1,0,1,0,1
34,2,0,0,0,0,0
20,2,0,0,1,0,0
29,2,0,0,1,0,1
80,2,8,0,0,0,0
42,3,0,0,1,0,0
73,2,5,0,0,0,0
39,2,0,0,0,0,1
41,2,0,0,0,0,1
54,2,1,0,0,0,0
30,2,0,0,1,0,0
84,3,4,0,0,0,0
53,2,0,0,0,0,1
92,2,6,0,0,0,0
82,2,0,0,1,0,1
33,2,0,0,0,0,0
33,2,0,0,1,0,0
37,2,0,0,1,0,0
60,5,0,0,1,0,1
120,2,6,0,0,0,0
19,1,0,0,0,0,1
78,1,7,0,0,0,0
33,2,0,0,1,0,1
40,2,0,0,1,0,1
35,2,0,0,1,0,0
34,2,0,0,1,0,0
55,2,2,0,1,0,0
94,7,0,0,1,0,1
76,3,1,0,0,0,1
51,3,1,0,0,0,0
44,2,0,0,1,0,0
36,1,0,0,0,0,0
50,3,2,0,0,0,0
110,2,13,0,0,0,0
28,2,0,0,0,0,0
101,2,8,0,0,0,1
41,2,0,0,1,0,0
66,2,4,0,1,0,0
31,2,1,0,0,1,1
74,2,5,0,1,0,0
75,3,0,0,1,0,1
127,2,3,0,1,0,1
39,3,0,0,0,0,1
31,3,0,0,1,0,0
21,1,1,0,1,0,0
67,3,0,0,0,0,1
23,2,0,0,1,0,0
17,1,0,0,0,0,0
127,4,1,0,1,0,1
90,3,0,0,0,1,1
23,3,0,0,1,0,0
22,2,0,0,1,0,1
44,2,0,0,0,0,0
21,1,0,0,0,0,1
60,1,4,0,0,0,0
91,2,7,0,0,0,0
56,3,1,0,0,0,0
52,3,0,0,0,1,1
43,4,0,0,0,0,1
27,2,0,0,1,0,0
72,3,1,0,0,0,0
54,5,0,1,0,0,1
55,4,2,0,0,0,1
53,2,0,0,0,0,1
57,3,0,0,0,0,0
27,2,0,0,0,0,0
48,2,1,0,0,0,0
41,2,0,0,0,0,1
125,4,1,0,1,0,1
56,4,0,0,0,0,1
56,2,4,0,0,0,1
46,4,1,0,1,0,1
77,2,6,0,1,0,0
21,1,1,0,1,0,1
45,3,0,0,0,0,1
48,3,0,0,1,0,0
68,6,0,0,0,1,1
67,2,3,0,0,0,0
22,2,0,0,1,0,0
71,5,0,0,0,0,1
78,2,7,0,0,0,0
71,2,0,0,0,0,1
94,3,5,0,0,0,0
33,4,0,0,0,0,1
84,3,7,0,0,0,0
128,4,1,0,1,0,1
22,1,0,0,1,0,1
22,1,0,0,0,0,0
126,4,1,0,0,0,1
39,2,0,0,0,0,1
45,4,0,0,0,0,1
53,2,2,0,0,0,0
32,2,0,0,1,0,0
77,2,0,0,1,0,1
39,2,0,0,1,0,0
61,2,4,0,0,0,0
48,2,0,0,1,0,0
29,2,0,0,0,0,0
48,3,0,0,0,0,1
56,2,0,0,1,0,0
38,2,0,0,0,0,0
76,3,4,0,1,0,0
44,3,3,0,0,0,1
127,4,1,0,1,0,1
77,1,0,0,0,0,1
34,3,0,0,0,0,1
76,3,6,0,0,0,0
23,2,0,0,1,0,0
53,3,1,0,1,0,0
119,2,7,0,1,0,0
49,1,0,0,0,0,1
45,2,0,0,1,0,0
83,2,10,0,1,0,0
94,2,1,0,0,1,1
21,2,0,0,0,0,1
37,2,0,0,0,0,0
89,2,6,0,0,0,0
115,4,0,0,0,0,1
28,2,0,0,0,0,1
69,3,2,0,0,0,0
67,4,0,0,0,0,0
103,1,1,0,0,0,0
110,2,1,0,1,0,1
24,2,0,0,1,0,0
62,2,0,0,0,0,0
31,2,0,0,0,0,0
31,2,0,0,0,0,0
103,1,1,0,0,0,1
123,4,0,0,0,0,1
35,2,1,0,1,0,1
133,3,6,0,1,0,0
150,2,0,0,0,1,1
40,3,0,0,0,0,0
39,2,0,0,1,0,1
76,4,1,0,0,0,1
98,2,2,0,0,0,1
56,2,0,0,1,0,0
243,2,4,0,1,1,1
157,4,1,0,1,0,1
150,2,2,0,1,0,1
32,2,0,0,0,0,0
49,3,0,0,0,0,1
39,2,2,0,1,0,0
18,1,0,0,0,0,0
72,2,0,0,0,0,1
127,4,1,0,1,0,1
33,2,0,0,0,0,0
26,1,1,0,0,0,1
31,2,0,0,0,0,1
58,3,1,0,1,0,0
299,5,1,0,1,0,1
133,2,2,0,1,0,1
34,2,1,0,0,0,1
48,2,0,0,0,0,0
44,2,0,0,0,0,1
89,3,2,0,0,0,0
23,2,0,0,1,0,0
83,2,1,0,1,0,1
51,2,1,0,0,0,1
41,4,0,1,0,0,1
31,2,0,0,0,0,0
131,1,0,0,0,0,1
29,2,0,0,1,0,1
37,4,0,0,1,0,1
35,2,1,0,0,0,1
27,2,1,0,0,0,0
102,1,1,0,0,0,1
23,2,0,0,1,0,1
46,2,0,0,0,0,1
26,2,0,0,1,0,0
35,2,0,0,0,0,0
45,4,0,0,0,0,1
34,2,0,0,1,0,1
107,2,9,0,0,0,0
70,2,0,0,0,1,1
129,2,1,0,1,0,1
67,3,1,0,0,0,0
59,3,1,0,0,0,1
64,3,1,0,0,0,0
24,2,0,0,1,0,0
32,2,0,0,0,0,1
83,2,5,0,1,0,0
44,2,2,0,0,0,1
47,3,0,0,0,0,0
56,2,2,0,0,0,1
76,4,6,0,0,0,0
38,3,1,0,0,0,0
51,5,3,0,0,0,1
53,2,3,0,1,0,0
41,2,0,0,1,0,0
50,6,0,0,0,1,1
38,2,0,0,0,0,0
45,2,0,0,0,0,1
64,3,3,0,1,0,0
51,2,0,0,0,0,1
127,4,1,0,1,0,1
56,3,1,0,0,0,0
27,2,1,0,0,0,0
31,3,0,0,0,0,1
128,4,1,0,1,0,1
128,4,1,0,1,0,1
65,3,0,0,1,0,1
66,4,0,0,0,0,0
35,1,1,0,1,1,1
20,2,0,0,1,0,0
26,2,0,0,0,0,0
51,3,2,0,0,0,1
20,2,0,0,0,0,1
36,1,0,0,0,0,1
124,2,2,0,1,0,1
75,2,0,0,0,0,1
67,2,0,0,0,0,0
28,2,0,0,0,0,1
67,3,1,0,1,0,0
104,2,6,0,1,0,0
31,2,0,0,0,0,0
118,4,0,0,0,0,1
135,2,0,0,1,0,1
62,2,0,0,0,1,0
65,3,2,0,0,0,1
50,2,1,0,0,0,1
53,3,2,0,0,0,0
227,4,0,0,1,1,1
44,3,0,0,1,0,0
29,2,1,0,0,0,0
29,2,1,0,0,0,0
40,4,0,1,0,0,1
28,2,0,0,1,0,0
34,2,0,0,1,0,1
51,2,1,0,1,0,0
31,2,0,0,1,0,0
70,5,2,0,0,1,1
25,2,0,0,0,0,1
27,2,0,0,0,0,0
34,1,1,0,0,0,0
47,2,1,0,0,0,0
27,2,0,0,1,0,0
37,2,0,0,0,0,0
28,2,0,0,0,0,0
53,3,2,0,1,0,0
37,3,0,0,0,0,1
87,4,4,0,1,0,0
74,2,4,0,0,0,0
91,2,0,0,0,0,1
54,3,4,0,0,0,0
74,2,0,0,0,0,1
109,2,7,0,0,0,0
72,4,1,0,1,0,0
132,3,0,0,1,0,1
18,1,0,0,0,0,0
70,2,2,0,0,0,1
43,2,0,0,1,0,1
25,2,0,0,0,0,0
32,2,0,0,1,0,1
114,1,4,0,1,0,1
27,2,0,0,0,0,0
77,1,0,0,1,0,1
65,3,5,0,0,0,0
123,5,1,0,0,0,1
55,2,1,0,1,0,0
48,2,3,0,0,0,0
36,2,0,0,0,0,0
73,2,0,0,0,0,1
24,3,0,0,1,0,0
44,2,0,0,0,0,0
19,1,0,0,0,0,1
138,2,7,0,1,0,1
23,2,0,0,0,0,1
24,2,0,0,1,0,0
26,2,0,0,1,0,0
23,1,0,0,0,0,0
90,4,0,0,1,0,1
76,2,4,0,1,0,0
39,1,2,0,0,0,1
127,2,15,0,1,0,0
35,2,0,0,0,0,0
37,1,0,0,0,0,1
72,3,2,0,1,0,0
24,2,0,0,0,0,0
57,1,0,0,0,0,1
68,4,0,0,1,0,1
27,2,0,0,1,0,0
50,3,0,0,0,0,1
132,3,0,0,1,0,1
51,5,1,0,0,0,1
235,4,0,0,0,1,1
52,1,0,0,0,0,1
39,2,0,0,1,0,1
267,14,0,0,0,0,1
18,2,0,0,1,0,0
22,2,0,0,0,0,0
57,4,1,0,0,0,1
219,1,2,0,1,0,1
43,3,1,0,0,0,1
51,2,1,0,0,0,1
60,3,1,0,0,0,1
63,2,0,0,1,0,0
25,3,0,0,1,0,0
91,2,5,0,1,0,0
241,5,0,0,0,0,1
65,2,7,0,1,0,0
49,2,1,0,0,0,0
21,2,0,0,1,0,0
33,3,0,0,0,0,1
36,2,0,0,1,0,0
97,3,1,0,0,0,0
552,3,16,0,0,0,1
43,2,2,0,1,0,0
78,3,4,0,0,0,0
51,3,2,0,0,0,1
54,2,0,0,1,0,1
129,2,1,0,1,0,1
43,2,1,0,1,0,0
81,2,0,0,0,0,1
125,4,1,0,0,0,1
48,2,1,0,0,0,1
62,2,3,0,1,0,0
24,2,0,0,1,0,0
36,2,0,0,1,0,0
47,3,0,0,0,0,0
52,3,0,0,0,0,1
120,4,0,0,1,0,1
38,2,1,0,0,0,1
102,1,1,0,0,0,1
30,2,0,0,0,0,0
78,2,4,0,1,0,0
46,2,0,0,1,0,0
19,2,0,0,0,1,0
54,4,0,0,0,0,1
79,2,1,0,0,0,1
75,4,1,0,1,0,0
52,3,0,0,0,0,0
24,2,0,0,1,0,0
51,1,1,0,1,0,1
43,1,0,0,0,0,1
50,2,1,0,0,0,0
26,3,0,0,0,0,0
39,2,0,0,1,0,0
123,5,0,0,1,0,1
45,3,0,0,1,0,1
28,2,0,0,0,0,1
39,3,0,0,1,0,0
160,3,1,0,0,1,1
81,2,4,0,0,0,0
44,3,0,0,1,0,1
32,3,0,0,0,0,1
27,2,0,0,1,0,0
33,2,0,0,1,0,1
36,2,0,0,0,0,0
44,3,0,0,1,0,0
36,2,1,0,0,0,1
103,3,11,0,0,0,0
17,1,0,0,0,0,0
58,1,3,0,0,1,1
50,2,3,0,1,0,0
43,3,0,0,0,0,0
34,2,0,0,0,0,1
22,2,0,0,1,0,0
28,2,0,0,1,0,0
92,2,2,0,1,0,1
96,2,1,0,1,0,1
53,2,1,0,1,0,0
39,2,0,0,0,0,0
83,7,0,1,0,0,0
26,2,0,0,0,0,0
34,3,0,0,0,0,0
81,2,7,0,1,0,0
102,4,7,0,1,0,0
32,2,0,0,0,0,0
25,2,0,0,1,0,0
49,2,1,0,0,0,0
212,2,0,0,1,0,1
130,5,1,0,0,0,1
43,2,0,0,1,0,0
68,2,0,0,1,0,1
55,2,3,0,1,0,1
70,2,1,0,1,0,1
126,3,4,0,0,0,1
40,1,0,0,0,0,1
35,2,0,0,0,0,0
153,2,1,0,0,1,1
94,2,7,0,1,0,0
57,2,0,0,1,0,0
76,4,1,0,0,0,1
20,2,0,0,1,0,0
126,3,4,0,0,0,1
59,2,0,0,0,0,0
55,3,0,0,0,0,1
38,1,0,0,1,0,1
271,14,1,0,0,0,1
33,2,0,0,1,0,0
32,4,0,0,0,0,1
79,7,0,0,0,0,1
26,2,0,0,0,0,1
43,2,0,0,0,0,1
59,2,4,0,0,0,0
169,6,1,0,1,1,1
143,3,2,0,0,0,0
76,5,0,0,0,0,1
45,3,0,0,0,0,0
31,3,0,0,1,0,0
81,3,5,0,0,0,0
31,2,0,0,0,0,0
132,4,1,0,0,0,1
180,6,2,0,0,1,1
29,2,0,0,1,0,0
45,1,1,0,0,0,0
159,4,0,0,1,0,0
59,2,0,0,0,0,1
101,2,0,0,0,0,0
114,3,2,0,0,0,1
80,3,3,0,0,0,0
64,2,1,0,0,0,0
32,2,0,0,0,0,1
28,2,0,0,0,0,0
131,2,1,0,1,0,1
43,2,1,0,0,0,0
54,4,0,0,0,0,1
122,2,0,0,1,0,0
25,2,0,0,0,0,0
77,2,1,0,1,1,1
55,2,1,0,1,0,1
52,1,1,0,0,0,0
25,2,0,0,0,0,0
48,2,3,0,0,0,1
72,1,0,0,0,0,1
39,3,0,0,0,0,1
81,1,4,0,0,0,0
28,2,0,0,1,0,0
69,4,0,0,0,0,1
74,3,2,0,0,0,1
131,7,0,0,0,1,1
46,2,2,0,1,0,0
34,2,0,0,1,0,0
40,2,0,0,0,0,0
124,5,0,0,1,0,1
31,3,0,0,1,0,0
65,1,3,0,1,0,0
29,2,0,0,1,0,0
57,3,1,0,0,0,1
33,2,0,0,1,0,1
26,2,0,0,0,0,1
42,2,0,0,0,1,1
19,1,0,0,0,0,0
54,2,3,0,1,0,1
19,2,0,0,0,0,0
52,3,3,0,0,0,0
41,2,0,0,1,0,0
49,2,2,0,0,0,1
105,3,1,0,0,0,1
31,2,0,0,0,0,0
21,2,0,0,0,0,1
32,3,0,0,1,0,0
34,2,0,0,1,0,1
63,7,1,0,0,0,1
64,5,3,0,0,0,1
43,2,0,0,0,0,1
44,3,0,0,1,0,1
27,2,0,0,1,0,0
28,2,0,0,1,0,0
86,3,1,0,1,0,1
58,3,1,0,0,1,1
25,2,0,0,1,0,0
49,3,0,0,0,0,0
52,3,0,0,0,0,0
71,2,4,0,1,0,0
49,2,0,0,0,0,1
28,2,0,0,0,0,1
98,3,1,0,1,0,1
33,1,2,0,0,0,1
58,2,0,0,0,0,1
39,1,0,0,0,0,1
42,2,0,0,1,0,0
26,2,0,0,1,0,0
50,3,0,0,1,0,0
34,2,1,0,0,0,0
44,1,2,0,1,0,0
53,3,2,0,0,0,0
131,3,1,0,1,0,1
78,4,2,0,1,0,1
57,5,2,0,0,0,1
24,1,0,0,0,0,0
21,2,1,0,0,0,0
35,3,0,0,0,0,0
41,2,0,0,0,0,1
124,5,0,0,1,0,1
59,2,2,0,0,0,1
34,2,0,0,1,1,1
25,2,0,0,1,0,0
42,2,0,0,0,0,0
56,2,2,0,0,0,0
22,2,0,0,1,0,1
70,3,4,0,0,0,0
21,2,0,0,0,0,0
72,2,5,0,1,0,0
65,3,4,0,0,0,0
31,2,0,0,1,0,0
28,3,0,0,0,0,1
34,2,0,0,1,0,0
23,2,0,0,0,0,0
90,3,5,0,0,0,0
27,1,0,0,0,0,0
32,2,0,0,1,0,0
51,3,0,0,0,0,0
39,2,2,0,1,0,0
29,2,0,0,1,0,0
96,2,1,0,0,0,1
114,2,2,0,0,0,1
46,4,0,0,0,0,1
39,2,1,0,1,0,1
40,2,0,0,0,0,1
42,3,0,0,0,0,1
66,2,2,0,1,0,0
44,3,1,0,1,0,0
55,3,1,0,0,0,1
80,2,6,0,0,0,0
71,2,3,0,1,0,0
39,2,0,0,0,0,0
86,3,1,0,0,0,1
53,3,1,0,0,0,0
127,4,1,0,0,0,1
99,2,2,0,1,0,1
57,2,1,0,1,0,0
29,2,0,0,0,0,0
27,2,0,0,1,0,0
45,2,0,0,0,0,1
50,1,3,0,0,0,0
132,2,2,0,1,0,1
44,3,0,0,0,0,0
44,3,1,0,1,0,1
47,3,0,0,1,0,0
33,2,0,0,1,0,0
127,4,1,0,1,0,1
45,2,1,0,0,0,0
126,4,1,0,0,0,1
23,2,0,0,0,0,0
31,3,0,1,0,1,1
67,3,3,0,1,1,1
19,1,0,0,0,0,1
33,2,0,0,0,0,1
38,2,0,0,0,0,1
45,3,2,0,0,0,0
43,2,0,0,1,0,1
68,4,0,0,0,0,1
110,2,1,0,1,0,1
77,5,0,0,0,0,0
26,2,0,0,1,0,0
38,3,0,0,0,0,0
28,1,0,0,1,0,0
26,2,0,0,0,0,0
61,3,0,0,0,0,0
103,3,0,0,1,0,1
38,2,0,0,1,0,1
30,2,1,0,0,0,0
126,4,1,0,0,0,1
26,2,0,0,1,0,0
108,2,4,0,1,1,1
30,2,1,0,1,0,0
29,2,0,0,1,0,0
44,2,0,0,0,0,1
70,3,6,0,0,1,1
21,1,0,0,0,0,1
83,3,1,0,0,0,1
38,1,0,0,1,0,1
106,2,9,0,0,0,0
55,2,0,0,0,0,1
73,2,6,0,1,0,0
111,3,8,0,0,0,0
56,3,3,0,0,0,0
39,2,0,0,0,0,0
32,2,0,0,1,0,1
30,1,1,0,0,0,1
71,3,2,0,1,0,0
57,4,0,1,0,1,1
126,3,4,0,0,0,1
39,2,0,0,0,0,1
30,2,0,0,0,0,0
52,3,1,0,1,0,1
60,3,1,0,0,0,0
35,2,0,0,0,0,0
27,2,1,0,0,0,0
79,3,0,0,0,0,0
66,6,0,0,0,0,1
40,2,0,0,0,0,0
30,2,1,0,0,0,1
84,2,4,0,0,0,0
55,2,2,0,0,0,0
26,2,0,0,1,0,0
30,2,0,0,1,0,0
31,2,0,0,0,0,1
51,3,0,0,0,0,1
27,2,0,0,0,0,0
39,2,0,0,0,0,1
39,3,0,0,0,0,1
24,2,0,0,0,0,0
72,2,4,0,1,0,0
31,1,0,0,1,0,0
63,2,5,0,1,0,0
83,2,7,0,0,0,0
40,3,0,0,0,0,0
66,3,0,0,1,0,0
24,2,0,0,0,0,0
63,2,2,0,1,0,0
59,2,0,0,1,0,0
36,2,0,0,0,0,0
40,1,0,0,0,0,0
51,2,0,0,0,1,1
132,3,0,0,1,0,1
71,2,0,0,0,0,0
23,2,0,0,1,0,0
36,2,1,0,1,0,1
35,2,0,0,0,0,1
51,3,0,0,1,0,0
45,2,0,0,1,0,0
54,3,0,0,0,0,0
50,1,1,0,0,0,0
31,2,0,0,1,0,0
36,2,0,0,0,0,0
27,2,0,0,1,0,0
59,2,1,0,1,0,0
107,7,6,0,0,1,1
77,1,0,0,0,0,1
42,3,0,0,0,0,0
25,2,0,0,1,0,0
43,2,0,0,1,0,0
41,1,1,0,0,0,0
68,2,0,0,1,0,1
75,3,0,0,1,0,0
29,2,0,0,1,0,0
189,6,1,0,0,0,1
52,3,0,0,0,0,0
125,2,1,0,1,0,1
107,5,0,0,1,0,1
77,2,5,0,0,0,0
32,1,0,0,0,0,0
24,1,0,0,0,0,1
55,2,1,0,0,0,0
61,4,0,0,0,1,1
168,2,0,0,1,0,1
24,2,0,0,1,0,0
36,2,1,0,1,0,1
51,2,1,0,1,0,1
60,2,8,0,1,0,0
66,3,0,0,0,0,0
34,2,2,0,0,0,0
40,2,0,0,0,0,0
36,2,2,0,0,0,0
32,2,0,0,1,0,0
197,2,0,0,0,1,1
92,2,1,0,0,0,1
30,2,0,0,0,0,0
23,2,0,0,1,0,0
42,3,2,0,0,0,1
56,2,0,0,0,0,0
69,2,0,0,0,0,1
25,2,0,0,1,0,0
46,2,1,0,1,0,0
66,3,0,0,0,0,0
22,1,0,0,0,0,1
68,3,4,0,0,0,0
48,3,2,0,0,0,0
103,3,0,0,0,0,0
21,2,0,0,1,0,0
55,4,1,0,0,0,0
29,2,0,0,0,0,1
50,3,1,0,0,1,1
54,3,2,0,0,0,1
43,1,0,0,1,0,1
40,2,0,0,1,0,0
60,2,1,0,0,0,1
70,3,1,0,0,1,1
21,2,0,0,1,0,0
33,1,0,0,1,0,0
48,2,0,0,0,0,1
36,2,0,0,0,0,0
76,4,1,0,0,0,1
42,2,0,0,1,0,1
73,2,9,0,1,0,0
63,2,3,0,1,0,0
60,2,1,0,0,0,1
47,1,0,0,0,0,1
133,10,2,0,0,0,1
51,2,5,0,1,0,0
65,3,3,0,0,0,0
40,3,1,0,1,0,0
26,2,0,0,1,0,0
29,2,0,0,1,0,0
148,2,18,0,1,0,1
115,2,2,0,1,0,1
77,2,4,0,1,0,0
36,2,0,0,1,0,0
83,4,5,0,1,0,0
38,2,0,0,0,0,1
39,2,1,0,0,0,1
37,3,0,0,0,0,1
42,1,2,0,1,0,1
91,2,7,0,0,1,0
103,2,2,0,0,0,1
23,1,0,0,1,0,1
43,3,0,0,0,0,1
41,2,1,0,0,0,1
59,3,0,0,1,0,0
204,2,6,0,1,0,1
118,2,1,0,1,0,1
99,2,0,0,1,0,1
54,2,0,0,0,0,0
27,2,0,0,0,0,0
41,1,0,0,0,0,1
38,2,0,0,0,0,0
41,3,0,0,0,0,0
48,2,0,0,1,0,1
32,2,1,0,1,0,0
52,2,0,0,0,0,1
71,2,1,0,0,0,1
57,2,0,0,0,0,0
44,5,0,0,0,0,1
50,3,0,0,0,1,1
113,2,0,0,1,0,1
41,2,3,0,0,1,1
25,2,0,0,1,0,0
19,2,0,0,0,0,0
122,2,0,0,1,1,1
37,2,0,0,0,0,0
35,2,0,0,0,0,0
29,3,0,0,0,0,0
57,5,2,0,0,0,1
64,2,1,0,1,0,1
43,2,0,0,1,0,0
43,2,0,0,0,0,0
48,2,4,0,0,0,0
47,2,0,0,1,0,0
126,4,1,0,0,0,1
44,3,0,0,0,0,1
46,1,2,0,0,0,1
39,2,0,0,0,0,1
54,4,0,0,0,1,1
45,2,1,0,0,0,0
105,4,0,0,0,1,0
43,2,0,0,1,0,0
70,3,0,0,0,0,0
127,4,1,0,1,0,1
64,2,4,0,0,0,0
67,2,2,0,0,0,0
49,2,1,0,0,0,0
68,4,0,0,0,0,1
1386,13,11,0,0,1,1
46,1,1,0,0,0,1
63,3,0,0,0,0,1
38,2,0,0,1,1,0
79,3,3,0,0,0,0
237,2,0,0,0,1,1
70,3,5,0,0,0,0
43,2,1,0,0,0,1
60,3,3,0,1,0,0
83,1,9,0,1,0,0
38,2,0,0,0,0,1
29,2,1,0,1,0,0
30,2,0,0,1,0,0
25,2,0,0,1,0,0
32,1,0,0,0,0,1
71,1,4,0,0,0,0
57,5,2,0,0,0,1
40,3,0,0,0,1,1
334,3,9,0,1,0,1
55,2,0,0,1,0,0
26,2,1,0,0,1,1
72,3,1,0,0,0,0
28,1,0,0,1,0,1
74,2,6,0,0,0,0
108,2,6,0,1,0,0
26,2,0,0,1,0,0
56,2,0,0,0,0,1
132,3,0,0,1,0,1
77,1,0,0,0,0,1
25,2,0,0,1,0,0
54,4,0,0,0,0,0
41,3,2,0,0,0,0
38,1,0,0,0,0,1
142,5,0,0,1,0,1
152,4,4,0,0,1,1
132,3,2,0,1,0,1
35,1,0,0,1,0,1
69,2,4,0,1,0,0
39,2,0,0,1,1,1
66,3,0,0,0,0,0
30,2,0,0,0,0,0
38,2,0,0,1,0,1
38,2,2,0,1,0,0
31,2,0,0,0,0,0
67,3,0,0,0,0,0
80,3,3,0,0,0,1
109,3,1,0,0,1,1
165,7,1,0,1,1,1
24,2,0,0,1,0,0
131,2,0,0,1,0,1
21,2,0,0,1,0,0
48,1,1,0,0,0,1
42,2,0,0,1,0,1
31,1,0,0,0,0,0
39,2,0,0,1,0,1
53,3,1,0,0,0,1
33,3,0,0,0,0,1
34,2,0,0,1,0,1
54,2,3,0,0,0,0
23,1,0,0,0,0,0
32,2,0,0,0,0,0
31,1,0,0,1,0,1
91,2,7,0,0,0,0
79,1,1,0,0,0,1
30,2,0,0,0,0,1
30,2,0,0,0,0,1
62,4,1,0,0,0,1
32,3,1,0,0,0,0
29,2,0,0,1,0,0
32,2,0,0,1,0,0
27,3,0,0,0,0,0
127,4,1,0,1,0,1
37,2,0,0,0,0,1
226,3,0,0,0,1,1
67,2,2,0,0,0,0
73,3,2,0,0,0,1
39,2,0,0,0,0,1
73,3,0,0,0,0,1
37,3,0,0,0,0,0
32,2,0,0,1,0,0
62,2,2,0,1,0,0
42,2,0,0,1,0,0
127,4,1,0,1,0,1
116,5,1,0,0,0,1
56,3,1,0,1,0,0
39,2,0,0,0,0,1
31,2,0,0,1,0,1
27,2,0,0,0,0,0
27,2,0,0,1,0,0
48,3,0,0,0,0,0
30,3,0,1,0,0,1
74,2,4,0,0,0,0
51,3,2,0,0,0,1
51,2,0,0,0,0,0
112,3,1,0,0,0,1
70,5,2,0,1,0,1
64,2,1,0,0,0,1
50,3,0,0,0,0,0
31,2,0,0,1,0,0
114,3,2,0,0,0,1
65,1,2,0,1,0,1
22,2,0,0,1,0,0
50,3,0,0,1,0,0
32,2,0,0,1,0,0
27,3,0,0,1,0,0
51,5,0,0,0,1,1
29,2,0,0,1,0,0
29,2,0,0,1,0,0
43,2,0,0,1,0,0
38,2,0,0,0,0,1
102,3,0,0,1,0,1
46,1,0,0,0,0,0
86,2,2,0,0,0,1
74,2,0,0,0,1,1
276,3,1,0,1,0,1
99,2,5,0,1,0,0
39,2,0,0,0,0,1
109,3,1,0,0,0,1
30,1,2,0,1,0,1
26,2,0,0,0,0,1
64,2,3,0,1,0,0
31,2,0,0,1,0,0
85,2,2,0,0,0,1
23,2,0,0,0,0,0
42,2,0,0,0,0,1
46,2,0,0,0,0,0
80,4,2,0,1,0,0
86,2,0,0,1,0,1
92,4,1,0,0,0,1
50,2,1,0,0,1,1
36,2,0,0,0,0,0
33,2,0,0,1,0,0
25,1,0,0,0,0,1
62,2,2,0,0,0,0
32,2,1,0,1,0,1
45,3,0,0,1,0,0
19,1,0,0,0,0,0
52,1,1,0,0,0,0
23,2,0,0,0,0,0
132,3,0,0,1,0,1
30,2,0,0,0,0,0
45,3,0,0,0,0,0
56,1,0,0,0,0,1
27,3,0,0,0,0,1
28,2,0,0,1,0,0
56,3,3,0,0,0,0
39,3,0,0,1,0,1
45,2,0,0,1,0,1
23,3,0,0,1,0,0
59,4,0,0,1,1,0
34,2,0,0,0,0,0
54,2,0,0,1,0,1
15,1,0,0,1,0,0
27,2,0,0,0,0,0
50,2,3,0,1,0,0
32,2,0,0,1,0,1
21,1,0,0,1,0,0
25,2,0,0,0,0,1
49,2,0,0,1,0,0
29,2,0,0,0,0,0
62,3,3,0,0,0,0
27,2,0,0,1,0,1
86,4,0,0,0,0,1
64,3,2,0,0,0,0
85,2,0,0,0,0,1
68,4,0,0,0,0,1
29,2,1,0,1,0,0
29,3,0,0,0,0,1
70,2,0,0,0,0,1
183,4,1,0,0,0,1
78,3,0,0,0,0,0
89,3,2,0,0,0,0
36,2,0,0,0,0,1
25,1,0,0,1,0,0
74,3,2,0,0,0,1
38,2,0,0,0,0,0
39,1,0,0,0,0,1
49,1,1,0,0,0,1
42,2,2,0,0,0,1
34,2,0,0,0,0,0
35,2,0,0,0,0,0
27,2,0,0,1,0,0
39,2,0,0,1,0,0
79,3,1,0,1,1,1
49,3,0,0,0,1,1
25,1,1,0,1,0,1
63,2,4,0,1,0,0
47,3,0,0,1,0,1
61,3,1,0,0,0,1
18,1,0,0,0,0,0
218,4,0,1,0,1,1
48,3,1,0,1,0,0
53,3,0,0,0,0,1
47,1,0,0,1,0,1
80,3,1,0,0,0,1
35,2,0,0,0,0,1
44,2,0,0,1,0,0
58,2,0,0,1,0,0
47,2,0,0,0,0,1
64,2,1,0,1,0,1
32,2,0,0,0,0,0
14,1,0,0,0,0,0
94,2,0,0,1,0,1
32,2,0,0,0,0,1
29,2,0,0,1,0,0
57,2,2,0,0,0,0
25,2,0,0,0,0,0
30,2,0,0,1,0,0
55,2,0,0,1,0,0
40,2,0,0,0,0,1
41,3,0,0,0,0,0
38,3,0,0,0,0,1
35,2,0,0,0,0,1
77,2,4,0,1,0,1
51,2,0,0,1,0,0
50,2,3,0,0,0,0
82,2,0,0,1,0,1
113,5,0,0,0,0,1
51,3,3,0,0,0,0
43,2,2,0,1,0,0
44,3,0,0,0,0,1
27,2,0,0,0,0,0
36,2,0,0,1,0,0
18,1,0,0,1,0,0
33,2,0,0,0,0,0
32,2,0,0,0,0,0
91,2,6,0,0,0,0
74,3,2,0,0,0,0
210,8,0,0,1,0,1
74,3,1,0,1,1,1
88,2,1,0,0,1,1
268,3,0,0,0,0,1
105,4,1,0,0,0,1
39,2,0,0,1,0,0
49,3,0,0,1,0,1
20,2,0,0,0,0,0
29,2,0,0,1,0,0
23,2,0,0,0,0,0
32,2,0,0,1,0,0
24,2,0,0,1,0,0
51,2,1,0,0,0,1
68,3,0,0,0,0,1
30,2,0,0,0,0,0
65,3,4,0,0,0,0
57,1,1,0,1,0,1
42,2,1,0,1,0,0
113,3,0,0,0,0,1
46,3,0,0,0,1,1
20,2,0,0,0,0,0
67,2,0,0,0,0,1
29,3,0,0,0,0,0
45,3,1,0,0,0,1
76,2,2,0,0,0,0
30,2,0,0,0,0,1
56,2,0,0,0,1,1
56,1,1,0,1,0,1
36,2,0,0,1,0,1
84,2,1,0,0,0,1
120,7,2,0,1,0,1
29,3,0,0,1,0,0
75,3,0,0,0,0,0
25,2,0,0,0,0,0
57,3,0,0,1,0,0
59,3,1,0,0,0,0
46,1,3,0,0,0,1
53,2,0,0,0,0,1
22,2,0,0,0,0,0
48,2,0,0,0,0,0
20,2,0,0,1,0,0
66,4,0,0,0,0,1
113,2,13,0,0,0,0
30,2,0,0,0,0,0
60,2,1,0,0,0,0
32,2,0,0,0,0,0
118,4,0,0,1,0,1
81,7,0,1,0,0,0
29,2,0,0,1,0,0
263,6,1,0,1,0,1
35,4,0,0,1,0,1
53,2,0,0,1,0,1
34,2,0,0,1,0,0
26,2,1,0,0,0,0
63,2,0,0,0,0,1
25,3,0,0,1,0,0
35,2,0,0,1,0,0
40,2,0,0,0,0,1
33,1,0,0,0,0,1
47,3,0,0,0,0,1
72,1,3,0,1,0,0
51,4,0,0,1,0,1
52,3,0,0,0,0,1
77,1,0,0,0,0,1
62,2,0,0,0,0,1
66,2,5,0,0,0,0
66,3,2,0,0,0,0
111,3,10,0,0,0,0
95,4,1,0,1,0,1
57,2,0,0,0,0,0
93,4,0,0,1,0,0
38,2,0,0,1,0,0
68,1,4,0,1,0,0
61,1,4,0,0,1,1
110,2,9,0,0,0,0
48,2,0,0,1,0,0
27,3,0,0,1,0,0
39,4,0,0,0,0,1
41,2,0,0,1,0,0
16,1,0,0,1,0,1
49,2,1,0,0,0,0
34,2,0,0,1,0,0
63,3,0,0,0,0,1
68,2,0,0,1,0,1
32,2,0,0,0,0,0
138,2,0,0,0,1,1
21,2,0,0,0,0,0
115,6,4,0,0,0,1
21,2,0,0,1,0,0
55,3,0,0,0,0,0
33,2,0,0,0,0,0
53,2,0,0,0,0,0
23,2,0,0,0,0,0
55,3,2,0,1,0,0
78,2,8,0,0,0,0
46,2,0,0,1,0,1
142,3,0,0,0,0,0
53,4,2,0,0,1,1
44,2,0,0,1,0,1
40,2,0,0,0,0,0
65,2,1,0,0,0,1
24,2,0,0,0,0,0
27,2,0,0,1,0,0
28,2,0,0,1,0,0
117,3,3,0,1,0,0
43,1,0,0,0,0,1
36,2,0,0,0,0,0
34,2,0,0,0,0,1
21,2,0,0,1,0,0
35,2,0,0,0,0,0
127,4,1,0,1,0,1
35,2,0,0,0,0,0
65,2,3,0,1,0,0
27,2,0,0,1,0,0
37,3,0,0,1,0,0
52,2,0,0,0,0,1
59,2,0,0,1,0,0
22,2,0,0,0,0,0
52,1,1,0,1,0,0
21,3,0,1,0,0,1
62,5,1,0,0,0,1
38,2,0,0,1,0,0
92,2,1,0,0,0,1
34,2,2,0,0,0,0
76,3,1,0,1,0,1
24,2,1,0,1,0,0
56,3,1,0,1,0,1
118,4,0,0,1,0,1
28,2,0,0,0,0,1
23,2,0,0,1,0,1
41,2,0,0,0,0,1
68,3,1,0,0,0,0
33,2,1,0,0,0,1
53,2,4,0,0,0,0
25,2,0,0,0,0,0
36,2,0,0,0,0,0
52,3,1,0,1,0,0
79,4,1,0,1,0,0
22,2,0,0,1,0,0
62,3,3,0,0,0,0
30,2,0,0,1,0,0
58,2,1,0,1,0,1
22,2,0,0,0,0,0
41,3,0,0,0,0,0
73,2,3,0,0,0,0
37,3,0,0,1,0,0
68,1,1,0,0,0,1
38,2,1,0,1,0,1
156,6,3,0,0,0,1
29,2,0,0,1,0,0
55,2,2,0,0,0,0
76,4,1,0,0,0,1
26,2,0,0,0,0,1
41,3,3,0,0,0,0
54,3,0,1,0,0,1
82,2,6,0,1,0,1
49,2,0,0,0,0,1
52,3,0,0,0,1,1
31,3,0,0,1,0,0
41,2,0,0,0,0,1
192,15,10,0,1,0,1
29,2,0,0,0,0,0
49,3,0,0,1,0,1
44,2,0,0,0,0,0
126,3,0,0,0,0,0
37,3,0,0,1,0,0
28,2,1,0,0,0,0
82,1,7,0,1,0,0
31,2,1,0,1,0,0
339,4,3,0,0,0,1
30,2,0,0,1,0,1
34,2,1,0,1,0,0
23,2,0,0,1,0,0
35,2,0,0,0,0,1
85,4,0,0,0,0,1
69,4,1,0,0,0,1
42,3,0,0,0,0,1
28,3,0,0,0,0,1
67,3,1,0,0,0,1
43,2,0,0,1,0,0
69,3,4,0,0,0,0
27,1,0,0,0,0,0
28,2,1,0,1,0,0
43,4,0,1,0,1,1
91,2,0,0,1,0,0
29,2,0,0,0,0,1
33,2,0,0,1,0,0
28,1,0,0,0,0,0
23,3,0,0,0,0,0
47,2,2,0,0,0,0
37,2,0,0,1,0,1
103,4,1,0,0,0,1
36,2,0,0,0,0,1
68,4,0,0,0,0,1
57,3,1,0,0,0,0
98,1,2,0,0,0,1
128,4,1,0,1,0,1
48,3,2,0,0,0,1
59,2,0,0,0,0,0
39,3,1,0,0,1,1
26,2,0,0,0,0,1
84,1,6,0,0,0,0
120,4,1,0,0,0,1
46,2,3,0,1,0,1
35,1,0,0,0,0,0
49,2,2,0,0,0,0
70,2,4,0,1,0,0
31,2,1,0,1,0,0
43,3,0,0,0,0,1
49,1,0,0,0,0,0
88,5,0,0,0,0,1
47,2,0,0,0,0,1
127,4,1,0,0,0,1
42,2,0,0,0,0,0
62,3,1,0,0,0,0
113,5,1,0,0,0,1
48,2,1,0,1,0,0
29,2,0,0,1,0,1
63,2,0,0,0,0,1
30,1,0,0,0,0,1
77,3,0,0,1,0,1
49,4,0,0,1,0,1
69,3,4,0,0,0,0
52,2,1,0,0,0,1
128,4,1,0,1,0,1
45,2,0,0,1,0,0
57,1,0,0,0,0,1
23,2,1,0,0,0,0
34,2,0,0,0,0,1
79,7,0,0,1,0,1
31,2,0,0,0,0,0
34,2,0,0,0,0,1
129,3,2,0,1,0,1
126,3,3,0,0,0,1
96,2,8,0,0,0,1
48,2,0,0,0,0,1
26,2,0,0,0,0,0
46,4,0,0,0,0,1
77,1,0,0,0,0,1
32,2,0,0,0,0,1
26,2,1,0,1,0,0
75,4,0,0,0,0,1
26,2,1,0,0,0,1
71,2,3,0,0,0,0
74,3,2,0,0,0,1
29,2,1,0,0,0,0
20,2,0,0,0,0,0
115,2,8,0,1,0,0
63,2,3,0,0,0,1
249,2,15,0,1,0,1
30,2,0,0,1,0,0
165,4,3,0,0,0,1
50,4,2,0,0,0,1
32,2,0,0,0,0,1
49,3,0,0,1,0,0
20,2,0,0,0,0,0
53,2,0,0,0,0,0
119,4,1,0,0,0,1
57,4,0,0,1,0,1
124,4,1,0,0,0,1
57,3,0,0,0,0,0
31,1,1,0,0,0,1
48,2,0,0,1,0,0
84,3,6,0,0,0,0
24,1,0,0,0,0,1
56,2,0,0,0,0,0
21,1,0,0,0,0,1
64,5,0,0,0,0,1
56,3,0,0,0,0,1
25,2,0,0,0,0,0
32,2,0,0,0,0,1
69,1,1,0,0,0,1
35,4,0,1,0,0,1
65,2,2,0,0,0,1
49,2,0,0,1,0,0
41,2,1,0,1,0,1
62,3,0,0,0,0,0
29,2,0,0,0,0,0
34,2,1,0,0,0,0
25,2,2,0,0,0,0
57,2,1,0,0,0,1
36,3,0,0,0,0,0
32,2,0,0,1,0,0
74,2,7,0,1,0,0
40,3,0,0,0,0,1
64,2,3,0,0,0,0
60,2,2,0,0,0,0
33,2,0,0,0,0,0
21,1,0,0,0,0,1
242,14,0,0,1,1,1
46,2,0,0,1,0,1
82,2,9,0,1,0,0
26,2,0,0,1,0,0
70,2,1,0,0,0,0
68,4,1,0,0,0,0
28,2,0,0,0,0,0
58,3,0,0,1,0,1
26,2,0,0,1,0,0
56,3,0,0,0,1,1
50,2,1,0,0,0,1
31,2,0,0,0,0,0
46,1,1,0,0,0,0
22,2,0,0,1,0,0
28,1,1,0,0,0,1
163,4,6,0,0,0,1
114,2,2,0,1,1,1
26,2,0,0,0,0,0
79,3,5,0,0,0,0
122,2,1,0,1,0,1
36,2,0,0,0,0,0
77,2,2,0,0,1,1
35,2,0,0,0,0,1
70,1,6,0,0,0,1
29,2,0,0,0,0,1
55,2,2,0,0,0,0
20,1,0,0,1,0,1
106,1,9,0,0,0,0
24,2,0,0,0,0,0
47,3,0,0,0,0,1
26,2,0,0,1,0,0
28,3,0,0,1,0,0
23,1,0,0,1,0,0
40,1,0,0,0,0,0
24,2,0,0,1,0,0
87,2,4,0,1,0,0
74,1,6,0,0,1,0
50,2,0,0,0,0,1
43,2,0,0,1,0,0
24,2,0,0,1,0,0
63,3,0,0,1,0,1
50,2,0,0,0,0,0
62,2,1,0,0,0,1
41,2,2,0,1,0,0
21,2,0,0,1,0,0
40,2,0,0,0,0,0
239,3,0,0,1,0,1
27,2,0,0,0,0,0
99,2,1,0,1,0,1
90,2,9,0,0,0,0
66,2,3,0,0,0,0
46,3,0,0,1,0,1
149,4,1,0,0,1,1
206,4,0,1,0,1,1
52,2,2,0,1,0,0
80,4,3,0,0,0,0
42,2,0,0,1,0,0
242,2,3,0,1,1,1
87,2,3,0,0,0,1
30,2,0,0,1,0,1
87,3,0,0,0,0,0
31,2,0,0,0,0,0
22,2,1,0,0,0,1
25,2,0,0,0,0,0
40,1,1,0,0,0,1
38,2,0,0,0,0,0
40,1,0,0,1,0,1
39,3,1,0,0,0,1
39,3,0,0,0,1,1
46,3,1,0,0,0,0
42,2,0,0,1,0,1
49,2,2,0,1,0,0
27,2,0,0,0,0,0
27,2,0,0,0,0,0
112,3,0,0,0,0,0
98,2,1,0,0,0,0
42,3,1,0,0,0,1
196,2,4,0,0,0,1
27,2,0,0,1,0,0
34,3,0,0,1,0,1
43,2,0,0,0,0,1
41,1,1,0,0,0,1
33,2,0,0,0,0,0
53,5,2,0,0,0,1
44,4,0,0,0,0,0
106,2,9,0,1,0,1
95,2,10,0,0,0,0
78,3,2,0,0,0,0
55,2,0,0,1,0,1
78,4,2,0,1,0,1
65,2,1,0,0,0,0
98,3,1,0,1,0,1
29,2,1,0,0,0,0
60,4,0,0,0,0,0
49,3,1,0,0,0,0
36,1,0,0,0,0,1
42,4,0,0,1,0,0
128,4,1,0,1,0,1
107,2,1,0,0,0,1
58,3,0,0,0,1,1
53,3,0,0,1,0,1
24,2,0,0,1,0,0
35,3,0,0,1,0,0
123,5,0,0,1,0,1
51,2,0,0,0,0,0
43,2,0,0,1,0,0
54,3,0,0,0,1,1
43,3,0,0,0,0,0
210,4,0,0,0,1,1
49,2,1,0,0,0,1
39,3,0,0,1,1,1
21,2,0,0,0,0,0
40,2,0,0,1,0,0
120,4,0,0,1,0,1
174,8,3,0,0,0,1
125,4,1,0,0,0,1
63,3,4,0,0,0,1
84,4,1,0,0,0,1
98,2,14,0,1,0,0
126,2,1,0,1,0,1
47,2,0,0,1,0,1
29,2,0,0,1,0,1
28,2,0,0,0,0,0
30,1,1,0,0,0,1
106,3,1,0,0,0,1
53,2,1,0,0,0,1
96,2,1,0,0,0,1
70,3,3,0,1,0,0
26,2,1,0,1,0,1
27,3,0,0,1,0,0
106,2,1,0,0,0,1
22,2,0,0,0,0,0
31,3,0,0,0,0,1
24,2,0,0,1,0,0
41,3,0,0,0,1,1
64,3,1,0,0,0,1
28,1,1,0,0,1,1
95,3,1,0,0,1,1
51,2,0,0,0,0,1
26,2,0,0,0,0,0
70,3,0,0,0,0,1
68,3,5,0,0,0,0
69,1,5,0,0,0,0
40,2,0,0,1,0,1
90,3,0,0,1,0,0
50,4,1,1,0,0,1
43,2,0,0,1,0,0
38,2,0,0,0,0,1
50,2,0,0,0,0,1
82,3,0,0,0,0,1
35,2,1,0,1,0,1
107,2,6,0,1,0,0
29,3,0,0,0,0,1
57,3,2,0,1,0,0
44,3,0,0,0,0,0
126,3,4,0,0,0,1
37,2,0,0,1,0,1
47,3,0,0,1,0,0
324,3,5,0,1,0,1
59,2,0,0,0,0,0
63,3,0,0,1,0,1
79,4,0,0,1,0,1
48,3,1,0,0,0,0
89,8,1,0,0,0,1
155,4,7,0,1,0,1
27,2,1,0,0,0,0
30,2,0,0,1,0,0
24,2,0,0,0,0,0
28,2,0,0,1,0,0
149,5,0,0,1,0,1
53,2,2,0,0,0,0
28,2,0,0,1,0,1
26,2,0,0,1,0,0
53,3,0,0,0,0,0
25,2,0,0,1,0,0
42,3,3,0,0,0,0
54,3,0,0,0,0,1
19,2,0,0,0,0,0
105,2,7,0,1,0,0
133,1,2,0,1,0,1
42,2,0,0,1,0,1
83,3,4,0,1,0,0
35,2,1,0,1,0,0
57,4,3,0,1,0,1
44,2,0,0,0,0,0
25,2,0,0,1,0,0
39,2,0,0,0,0,1
35,1,0,0,1,0,0
26,1,0,0,1,0,1
40,2,0,0,1,0,0
48,2,1,0,0,0,0
24,2,0,0,0,0,1
143,2,3,0,1,0,1
213,3,1,0,0,1,1
51,2,0,0,0,0,1
372,5,0,0,0,1,1
48,2,0,0,1,0,0
77,3,5,0,1,0,0
36,3,0,0,0,0,1
41,2,0,0,1,0,0
201,3,0,0,0,1,1
24,2,0,0,0,0,0
69,4,0,0,0,0,0
81,3,0,0,0,0,1
19,2,0,0,1,0,0
29,2,0,0,0,0,1
59,2,0,0,0,0,0
36,2,0,0,1,0,0
30,2,0,0,0,0,1
53,5,2,0,0,0,1
80,3,0,0,1,0,1
93,3,1,0,0,1,1
119,1,8,0,1,0,1
24,1,0,0,1,0,0
118,4,0,0,0,0,1
76,2,1,0,0,0,1
69,4,0,0,1,0,1
17,1,1,0,0,0,0
246,6,0,0,0,0,1
66,3,3,0,0,0,0
27,1,1,0,0,1,1
98,4,1,0,0,0,1
58,3,1,0,0,0,1
43,4,0,0,0,0,1
138,2,1,0,0,0,1
51,1,2,0,0,0,1
55,2,0,0,1,0,1
26,2,0,0,0,0,0
51,2,1,0,0,0,1
64,2,0,0,0,0,1
23,2,0,0,0,0,0
35,2,0,0,1,0,0
57,3,0,0,0,0,1
70,2,0,0,1,0,1
51,1,0,0,0,0,1
60,3,0,0,0,0,0
60,4,0,0,0,1,1
63,1,1,0,1,0,1
95,2,2,0,1,0,0
135,2,14,0,0,0,0
145,3,3,0,1,0,1
79,4,0,0,0,0,1
91,3,0,1,0,0,1
159,6,6,0,1,0,1
35,3,0,0,1,0,0
25,2,0,0,1,0,0
51,5,0,0,1,0,1
41,2,0,0,1,0,0
39,3,0,0,0,0,1
109,4,2,0,0,0,1
19,1,0,0,0,0,0
35,2,0,0,0,0,1
48,1,0,0,0,0,1
52,2,2,0,0,0,0
50,3,0,0,0,0,1
47,3,0,0,1,0,0
50,2,0,0,0,0,1
71,2,1,0,0,0,0
52,2,0,0,1,0,0
59,1,5,0,0,0,0
49,4,0,0,0,0,1
21,1,0,0,1,0,1
36,2,0,0,0,0,0
51,2,1,0,1,0,0
37,2,0,0,0,0,1
59,1,2,0,1,0,0
42,2,0,0,1,0,1
127,2,2,0,1,0,1
59,2,4,0,0,0,0
68,3,0,0,0,0,0
50,2,2,0,1,0,0
71,4,0,0,1,0,0
212,8,1,0,1,1,1
48,2,1,0,0,0,0
58,3,2,0,0,0,0
56,2,2,0,0,0,0
84,3,3,0,0,0,0
80,2,1,0,0,0,1
52,1,3,0,1,0,0
84,3,3,0,0,0,0
53,2,1,0,1,0,0
25,2,1,0,0,0,1
37,3,0,0,0,0,0
44,5,0,0,0,0,1
46,3,1,0,0,0,1
30,2,1,0,1,0,1
466,4,8,0,1,0,1
33,3,0,0,0,0,1
42,2,0,0,0,0,1
75,4,0,0,0,0,0
23,2,0,0,0,0,1
23,2,0,0,1,0,0
64,2,0,0,0,0,0
77,1,0,0,0,0,1
27,2,0,0,1,0,0
28,2,0,0,1,0,0
68,6,0,0,0,1,1
39,3,0,0,0,0,1
25,2,0,0,0,0,1
44,2,1,0,1,0,0
54,2,0,0,0,0,0
61,3,0,0,0,0,0
55,3,0,0,0,0,1
32,2,0,0,1,0,0
20,2,0,0,1,0,0
54,2,1,0,0,0,0
48,3,0,0,1,0,1
62,2,0,0,0,0,0
126,4,1,0,0,0,1
38,1,0,0,0,0,1
47,2,0,0,0,0,1
20,2,0,0,0,0,0
50,5,0,1,0,0,1
82,2,1,0,1,0,1
44,2,0,0,0,0,0
189,3,0,0,0,0,1
24,1,0,0,0,0,1
36,2,0,0,0,0,1
141,1,6,0,0,0,1
56,2,2,0,0,0,1
40,3,1,0,0,1,1
73,5,2,0,0,1,1
34,2,0,0,0,0,1
68,4,7,0,1,1,1
31,2,0,0,1,0,0
70,2,1,0,0,0,1
62,2,0,0,0,1,1
46,2,0,0,0,0,1
36,3,0,0,0,0,0
62,2,2,0,1,0,0
61,3,1,0,1,0,1
51,2,3,0,0,0,1
76,4,1,0,0,0,1
45,2,0,0,1,0,0
43,2,0,0,0,0,0
46,2,2,0,1,0,1
89,2,1,0,0,1,1
66,4,0,0,0,0,1
45,2,0,0,1,0,0
77,1,0,0,0,0,1
80,3,0,0,1,0,1
26,1,0,0,0,0,1
43,2,0,0,1,0,0
24,1,0,0,0,0,0
47,3,0,0,0,0,0
56,1,1,0,0,1,1
30,2,0,0,0,0,1
38,3,3,0,0,0,1
31,2,1,0,0,0,0
49,2,3,0,1,0,1
118,4,0,0,0,0,1
54,3,2,0,0,0,1
40,3,0,0,1,0,1
78,3,0,0,0,0,0
36,2,0,0,1,0,1
40,4,0,0,1,0,1
32,2,0,0,0,0,0
42,2,0,0,0,0,1
94,2,1,0,0,1,1
61,3,0,0,0,0,1
33,2,0,0,1,0,1
19,2,0,0,0,0,1
27,1,0,0,0,0,0
46,2,1,0,0,0,1
24,2,0,0,0,0,0
70,2,2,0,0,0,0
155,4,2,0,1,1,1
33,2,1,0,1,0,0
66,2,4,0,0,0,0
28,3,0,0,0,0,1
51,2,0,0,1,0,0
36,2,0,0,1,0,0
135,4,1,0,0,0,1
45,2,0,0,0,0,1
84,3,0,0,0,0,0
75,4,0,0,1,0,1
23,1,0,0,0,0,1
38,2,0,0,0,0,0
72,2,0,0,1,0,1
54,3,3,0,1,1,0
46,3,0,0,1,0,1
30,2,1,0,0,0,1
19,2,0,0,1,0,0
27,2,0,0,0,0,0
40,2,2,0,0,0,0
33,2,0,0,1,0,1
177,2,3,0,1,1,1
89,4,0,0,1,0,1
72,2,0,0,0,0,1
43,2,0,0,0,0,1
43,5,0,0,1,0,1
56,2,0,0,1,0,0
34,2,0,0,0,0,1
33,2,1,0,1,0,0
66,4,1,0,0,0,1
71,4,0,0,0,0,1
76,5,0,0,1,1,1
27,2,0,0,0,0,0
126,3,4,0,0,0,1
95,7,1,0,0,0,1
167,2,0,0,0,0,1
83,2,5,0,0,0,0
29,2,0,0,0,0,0
219,3,1,0,1,1,1
51,3,0,0,1,0,0
83,3,3,0,0,0,0
28,2,0,0,1,0,0
57,3,3,0,1,0,1
85,2,6,0,0,0,0
43,2,1,0,1,0,0
66,2,0,0,0,0,1
21,1,0,0,1,0,1
36,2,0,0,0,0,1
74,2,0,0,1,0,1
32,2,0,0,1,0,0
237,3,1,0,1,0,1
21,2,0,0,1,0,0
120,2,1,0,0,1,1
20,1,0,0,1,0,0
101,1,7,0,1,0,0
34,2,0,0,1,0,0
25,1,0,0,0,0,1
22,2,0,0,1,0,0
68,2,1,0,0,0,1
43,3,0,0,0,0,0
36,3,0,0,0,0,1
45,4,0,0,0,0,1
77,1,0,0,0,0,1
28,2,0,0,1,0,0
42,2,0,0,0,0,1
31,1,0,0,0,0,1
44,2,0,0,0,0,0
32,2,0,0,0,0,1
39,2,0,0,0,0,1
46,2,0,0,1,0,0
76,4,5,0,0,0,1
52,3,0,0,0,0,1
23,2,0,0,1,0,0
31,2,0,0,0,0,0
93,3,7,0,0,0,0
170,5,3,0,0,0,1
23,2,0,0,0,0,1
25,2,0,0,1,0,0
119,4,0,0,0,0,1
97,2,0,0,0,0,0
82,2,4,0,1,0,0
48,5,0,0,0,0,1
22,2,0,0,1,0,0
45,2,2,0,1,0,0
35,2,0,0,1,0,0
33,2,0,0,0,0,1
27,2,0,0,1,0,0
62,2,1,0,0,0,1
34,2,2,0,0,0,0
36,2,0,0,1,0,1
55,4,3,0,1,0,1
221,6,1,0,0,0,0
46,2,0,0,1,0,0
54,1,0,0,0,0,1
29,1,0,0,1,0,0
28,2,0,0,1,0,0
102,2,1,0,0,0,1
34,2,0,0,0,0,0
78,3,0,0,0,0,0
36,2,1,0,1,0,1
43,2,0,0,0,0,1
79,2,5,0,0,0,0
23,2,0,0,1,0,0
72,3,0,0,0,0,1
28,1,1,0,0,1,1
52,4,0,0,0,0,0
52,3,0,0,0,0,0
40,2,0,0,0,0,1
30,2,1,0,1,0,0
72,2,4,0,0,0,0
62,3,0,0,0,0,0
37,2,2,0,1,0,1
27,2,0,0,1,0,0
79,2,3,0,0,0,0
67,2,2,0,1,0,0
23,2,0,0,1,0,1
23,2,0,0,1,0,0
52,3,0,0,0,0,0
51,3,0,0,0,0,1
51,3,0,0,0,0,1
95,3,1,0,1,0,1
27,2,0,0,0,0,0
35,2,2,0,0,0,0
47,1,0,0,0,0,0
44,2,0,0,0,0,1
46,1,0,0,0,1,1
46,2,0,0,0,0,1
32,2,0,0,1,0,0
38,2,0,0,0,0,1
59,2,1,0,0,0,1
64,2,1,0,0,1,1
43,2,2,0,1,0,1
17,1,0,0,1,0,0
85,4,0,0,0,0,1
18,2,0,0,0,0,0
54,2,0,0,0,0,1
36,2,0,0,0,0,0
133,2,12,0,1,0,0
77,5,1,1,0,1,1
38,2,0,0,0,0,0
39,2,0,0,0,0,1
85,5,0,0,0,1,1
20,2,0,0,0,0,1
55,2,0,0,1,0,0
28,2,0,0,0,0,0
41,1,1,0,0,0,1
228,3,1,0,1,0,0
24,2,0,0,1,0,0
51,2,2,0,0,0,1
263,3,0,0,0,0,1
67,3,2,0,0,0,0
45,1,0,0,0,0,0
36,2,0,0,0,0,1
43,2,0,0,1,0,0
105,3,5,0,0,1,1
25,3,0,0,1,0,0
43,2,0,0,1,0,0
67,5,0,0,0,1,1
41,1,1,0,0,0,0
49,3,0,0,0,0,1
65,3,0,0,0,0,0
27,2,0,0,0,0,0
45,4,0,0,0,0,1
64,2,2,0,1,0,0
260,2,1,0,1,0,1
48,2,0,0,1,0,0
45,2,0,0,1,0,0
28,2,0,0,0,0,0
75,3,6,0,1,0,0
37,2,1,0,0,0,1
31,2,0,0,1,0,0
48,2,0,0,0,0,1
23,2,0,0,1,0,1
18,2,0,0,0,0,0
39,2,1,0,1,0,1
24,2,0,0,1,0,0
105,2,1,0,0,0,1
127,1,2,0,0,1,1
34,2,0,0,0,0,1
139,2,0,0,1,0,1
37,2,1,0,0,0,1
96,3,2,0,1,0,1
48,2,2,0,0,0,0
82,3,0,0,0,0,0
46,2,0,0,0,0,1
33,2,0,0,1,0,0
36,4,0,0,1,0,1
44,1,0,0,0,0,0
50,3,0,0,1,0,0
42,2,0,0,0,0,1
44,4,0,0,0,0,1
29,3,0,0,0,0,1
83,3,1,0,0,0,1
35,2,0,0,0,0,1
50,2,2,0,0,0,1
51,4,2,0,1,0,1
81,4,0,0,0,0,0
123,2,15,0,0,0,0
76,4,4,0,0,1,1
145,4,1,0,0,0,1
21,2,0,0,1,0,0
24,2,0,0,1,0,0
21,1,1,0,0,0,0
73,1,5,0,0,0,0
32,1,0,0,0,0,0
35,2,0,0,0,0,1
128,4,1,0,1,0,1
60,3,1,0,0,0,1
47,3,0,0,1,1,1
20,1,0,0,0,0,1
501,2,0,0,0,0,1
73,2,1,0,1,1,1
36,2,0,0,1,0,0
83,5,2,0,1,0,1
40,2,0,0,1,0,0
54,3,1,0,0,0,0
46,2,1,0,1,0,0
235,4,4,0,1,0,1
21,1,0,0,0,0,0
50,3,0,0,0,0,0
18,1,0,0,1,0,0
186,2,7,0,0,0,1
91,2,1,0,0,1,1
36,2,1,0,1,0,1
32,2,0,0,0,0,1
74,2,5,0,0,0,0
45,2,1,0,0,0,0
102,1,1,0,0,0,1
63,3,4,0,0,0,0
24,2,1,0,0,0,0
86,2,1,0,0,0,1
26,2,0,0,1,0,0
37,2,0,0,1,0,0
38,2,0,0,1,0,0
77,1,0,0,0,0,1
24,2,0,0,0,0,0
109,2,8,0,1,0,0
27,2,0,0,0,0,0
27,2,0,0,0,0,0
42,2,1,0,1,0,1
27,3,0,0,0,0,0
29,2,0,0,1,0,1
58,2,3,0,0,0,0
109,3,8,0,1,0,0
77,1,0,0,0,0,1
24,1,0,0,0,0,0
33,2,0,0,1,0,1
31,2,1,0,1,0,0
54,4,0,0,0,0,1
60,5,1,0,0,0,1
100,4,1,0,0,0,1
128,4,1,0,1,0,1
27,2,1,0,1,0,0
58,2,0,0,0,0,1
33,3,0,0,0,0,0
50,2,0,0,1,0,0
87,2,5,0,0,0,1
66,3,0,0,0,0,0
59,2,1,0,0,0,1
31,2,0,0,0,0,0
118,4,0,0,0,0,1
128,4,1,0,1,0,1
53,4,3,0,1,0,1
61,3,0,0,0,0,0
38,2,0,0,0,0,0
55,3,0,0,1,0,0
65,5,0,0,1,0,1
113,3,2,0,0,0,1
55,2,2,0,0,0,0
54,2,1,0,0,0,1
67,2,3,0,0,0,0
78,2,6,0,0,0,0
33,2,0,0,0,0,1
27,2,0,0,1,0,0
56,2,3,0,0,0,0
38,2,1,0,1,0,0
58,2,5,0,0,1,1
26,2,0,0,0,0,1
22,3,0,1,0,0,1
39,2,0,0,1,0,0
132,3,0,0,1,0,1
18,1,0,0,0,0,0
68,2,3,0,0,0,0
54,2,1,0,1,0,0
25,2,0,0,0,0,0
79,4,1,0,1,0,0
101,3,1,0,0,0,1
148,2,1,0,1,1,1
57,2,1,0,1,0,0
31,3,0,0,0,0,0
35,2,0,0,0,0,1
24,2,1,0,1,0,0
95,1,1,0,0,0,1
28,2,0,0,1,0,0
119,4,0,0,0,0,1
46,3,1,0,1,0,1
66,2,0,0,1,0,0
42,2,0,0,0,0,0
75,4,0,0,0,0,1
69,5,3,0,0,0,1
39,2,0,0,1,0,0
126,4,1,0,0,0,1
43,2,0,0,0,0,1
44,3,2,0,0,0,1
41,3,1,0,1,0,0
21,1,0,0,0,0,1
56,2,3,0,0,0,1
53,3,0,0,0,0,0
44,3,0,0,1,0,1
51,3,2,0,0,0,0
66,2,4,0,0,0,0
36,2,1,0,0,0,0
27,2,0,0,0,0,1
68,3,4,0,0,0,0
42,2,0,0,1,0,0
40,2,0,0,0,0,1
51,3,0,0,0,0,1
131,5,1,0,0,0,1
118,4,0,0,0,0,1
358,2,0,0,0,0,1
67,3,0,0,0,0,1
115,2,1,0,0,0,0
96,1,7,0,0,0,0
54,5,0,0,0,0,1
31,1,0,0,0,0,1
78,2,6,0,0,0,0
62,2,2,0,1,0,0
30,2,1,0,1,0,1
62,7,0,0,1,1,1
66,2,0,0,0,0,0
70,3,0,0,0,0,0
24,2,0,0,1,0,0
30,2,0,0,0,0,0
56,1,1,0,1,0,0
44,3,0,0,0,0,0
38,3,1,0,1,0,1
36,3,0,0,0,0,0
123,5,0,0,1,0,1
45,4,0,0,0,0,1
55,2,0,0,0,0,1
42,3,0,0,0,1,1
123,2,0,0,1,0,1
35,2,0,0,0,0,1
24,2,0,0,0,0,0
106,2,1,0,0,0,1
73,4,2,0,0,0,1
46,2,0,0,0,0,1
54,3,2,0,0,0,0
50,2,5,0,0,0,1
44,3,0,0,0,0,0
32,2,0,0,1,0,0
35,2,0,0,0,0,0
37,1,0,0,1,0,1
50,3,0,0,0,0,1
35,2,0,0,1,0,0
32,1,0,0,1,0,1
83,2,0,0,1,0,0
163,6,0,0,0,0,1
73,3,0,0,0,0,1
74,2,0,0,0,0,1
16,1,0,0,1,0,1
27,2,0,0,0,0,0
49,2,0,0,0,0,1
436,3,2,0,0,0,1
41,2,0,0,1,0,0
77,1,0,0,0,0,1
56,5,1,0,0,1,1
26,2,0,0,1,0,0
128,4,1,0,1,0,1
198,2,1,0,0,0,1
86,1,10,0,0,0,0
98,7,0,0,1,0,1
62,3,0,0,0,1,1
63,3,3,0,0,0,0
203,2,0,0,1,1,1
100,3,4,0,1,0,0
51,2,2,0,1,0,0
33,3,0,0,0,0,0
26,2,0,0,1,0,0
56,2,5,0,1,0,0
69,4,0,0,0,0,1
30,1,0,0,1,0,0
59,4,0,0,0,0,1
15,1,0,0,0,0,0
61,1,1,0,1,0,1
38,2,1,0,0,0,1
66,6,0,0,0,0,1
35,2,2,0,0,0,0
49,2,0,0,1,0,0
93,2,0,0,0,0,1
30,2,0,0,0,0,0
60,3,0,0,1,0,0
40,2,0,0,0,0,0
80,1,7,0,1,0,0
32,2,0,0,0,0,1
41,2,0,0,0,0,0
23,2,0,0,1,0,0
22,1,0,0,0,0,0
128,4,1,0,1,0,1
164,2,1,0,0,0,1
15,1,0,0,0,0,1
31,2,0,0,0,0,0
28,2,0,0,1,0,0
24,2,0,0,0,0,0
27,1,0,0,1,0,0
48,3,0,0,0,0,0
81,2,0,0,0,0,1
40,2,0,0,0,0,0
31,2,0,0,0,0,0
49,5,0,1,0,0,1
32,1,1,0,1,0,1
49,2,2,0,1,0,0
29,2,0,0,0,0,1
78,3,4,0,0,1,0
91,2,1,0,0,0,1
59,3,3,0,0,0,0
31,2,0,0,1,0,0
29,2,0,0,1,0,0
209,4,12,0,0,0,1
38,2,0,0,1,0,0
28,2,0,0,1,0,0
30,1,0,0,0,0,0
26,2,1,0,1,0,0
54,2,1,0,0,0,0
38,2,0,0,1,0,1
72,5,4,0,0,0,0
54,2,0,0,1,0,1
55,3,0,0,0,0,1
42,2,1,0,1,0,0
23,3,0,0,1,0,0
40,3,0,0,0,1,1
20,1,0,0,1,0,1
67,3,3,0,1,0,1
29,1,0,0,1,1,1
51,2,2,0,0,0,1
36,2,0,0,1,0,0
32,2,0,0,0,0,1
84,2,2,0,0,0,1
65,2,0,0,1,0,1
17,2,0,0,0,0,0
19,2,0,0,1,0,0
27,2,0,0,0,0,0
25,2,0,0,1,0,0
58,3,0,0,0,0,1
63,5,0,0,1,0,1
49,2,2,0,0,0,0
25,1,0,0,0,0,1
66,3,0,0,1,0,0
22,2,0,0,1,0,0
44,2,2,0,0,0,0
19,2,0,0,1,0,0
50,2,0,0,1,1,1
87,2,7,0,1,0,0
136,2,1,0,1,0,1
70,5,2,0,1,0,1
45,2,0,0,1,0,0
69,2,7,0,0,0,0
35,2,0,0,1,0,0
27,2,1,0,0,0,0
35,2,0,0,1,0,0
56,3,2,0,1,0,0
23,2,0,0,0,0,0
34,3,0,0,0,0,1
44,2,0,0,0,0,0
43,2,0,0,0,0,1
79,2,6,0,0,0,0
15,1,0,0,0,0,0
73,4,0,0,0,0,1
41,2,0,0,0,1,1
70,2,1,0,1,0,1
48,3,0,0,1,0,0
19,2,0,0,1,0,0
56,3,2,0,0,0,0
25,2,0,0,0,0,0
32,2,0,0,1,0,0
42,4,0,0,1,0,1
69,3,0,0,0,0,1
23,2,0,0,0,0,0
41,4,0,0,0,0,1
35,2,0,0,0,0,0
128,4,1,0,1,0,1
263,14,1,0,0,1,1
22,2,0,0,0,0,0
22,2,0,0,0,0,0
115,3,2,0,0,0,0
115,3,0,0,0,1,1
263,3,0,0,0,0,1
34,1,0,0,0,0,1
26,2,0,0,1,0,0
49,2,3,0,0,0,0
47,2,0,0,0,0,0
43,2,0,0,1,0,1
19,2,0,0,0,0,0
38,2,1,0,1,0,1
51,3,2,0,0,0,0
105,2,0,0,1,0,1
25,1,0,0,0,0,1
43,3,0,0,0,0,0
59,5,0,0,0,0,1
32,1,0,0,1,0,1
32,2,0,0,0,0,1
98,7,0,0,1,0,1
121,4,1,0,0,0,1
35,1,0,0,0,0,0
52,2,1,0,0,0,0
47,3,0,0,1,0,0
58,5,2,0,0,0,1
258,6,0,0,0,0,1
51,4,0,1,0,0,1
95,3,4,0,0,0,1
1641,3,32,0,1,0,1
23,2,1,0,1,0,0
27,2,0,0,0,0,0
93,3,5,0,1,0,0
25,2,0,0,0,0,0
38,2,0,0,1,0,0
26,2,0,0,0,1,1
26,1,0,0,0,1,0
27,2,0,0,1,0,0
66,3,0,0,0,0,0
83,3,1,0,0,0,1
37,2,0,0,0,0,1
50,3,0,0,0,0,0
46,3,0,0,1,0,0
61,3,4,0,0,0,0
98,8,1,0,0,0,1
63,2,0,0,0,0,0
52,4,0,0,0,0,1
114,3,10,0,1,0,0
88,4,5,0,0,0,0
32,2,0,0,1,0,1
40,2,1,0,1,0,1
21,1,0,0,0,0,0
22,2,0,0,0,0,0
89,3,8,0,0,0,0
71,1,0,0,0,1,1
33,2,0,0,0,0,1
22,2,0,0,0,0,0
103,3,11,0,0,0,0
45,3,0,0,0,0,1
41,2,0,0,0,0,1
64,3,0,0,0,0,0
21,1,0,0,0,0,1
29,2,0,0,1,0,0
24,2,0,0,1,0,0
39,2,0,0,1,0,0
97,3,4,0,1,0,0
86,3,4,0,0,0,0
58,2,0,0,1,0,0
48,2,0,0,1,0,1
155,7,1,0,1,1,1
40,2,0,0,1,0,1
50,3,0,0,0,0,1
58,2,1,0,0,0,0
44,2,3,0,0,0,1
51,1,3,0,0,0,0
34,2,0,0,0,0,1
42,1,0,0,0,0,0
47,3,0,0,0,0,1
128,4,1,0,1,0,1
34,4,0,0,0,0,1
32,3,1,0,0,0,1
69,2,2,0,0,0,1
48,3,1,0,0,0,0
126,4,1,0,0,0,1
58,1,1,0,0,0,1
37,2,0,0,1,0,1
31,2,0,0,0,0,0
62,3,0,0,0,1,1
31,2,0,0,0,0,1
82,3,5,0,0,0,0
39,3,0,0,0,0,1
21,1,0,0,0,0,1
27,2,0,0,0,0,1
380,4,2,0,0,0,1
90,3,1,0,1,1,1
54,2,4,0,1,0,0
35,3,0,0,0,0,1
31,2,0,0,1,0,1
29,2,0,0,0,0,1
127,4,1,0,1,0,1
33,2,0,0,0,0,0
29,2,0,0,0,0,1
37,2,0,0,1,0,0
30,2,0,0,1,0,0
45,1,0,0,0,0,1
40,2,0,0,1,0,1
50,3,1,0,0,0,0
30,2,0,0,0,0,0
25,2,0,0,1,0,0
85,4,3,0,0,0,1
58,2,1,0,0,0,0
48,3,0,0,1,0,0
76,1,9,0,0,0,0
51,1,1,0,1,0,1
51,2,3,0,1,0,0
33,2,0,0,1,0,1
62,4,0,0,0,0,1
27,2,0,0,1,0,0
64,2,1,0,0,0,1
32,2,0,0,0,0,1
31,2,1,0,0,0,1
43,3,0,0,1,0,0
49,4,0,0,0,0,0
19,2,0,0,0,0,0
82,2,0,0,1,0,1
32,1,1,0,0,0,1
64,3,3,0,0,0,0
27,2,0,0,1,0,0
81,2,0,0,0,0,1
106,2,12,0,1,0,0
37,2,1,0,0,0,0
100,3,1,0,0,0,0
77,2,0,0,1,0,0
105,4,2,0,1,0,0
45,1,0,0,0,0,1
33,2,0,0,1,0,0
71,5,2,0,0,0,1
33,1,0,0,0,0,1
37,3,0,0,0,0,0
46,2,3,0,0,0,0
21,1,0,0,0,0,1
50,2,0,0,0,0,0
38,3,0,0,1,0,1
23,1,0,0,0,0,1
45,2,0,0,1,0,0
32,1,0,0,0,0,1
62,3,1,0,0,0,0
31,2,0,0,0,0,0
116,4,2,0,0,0,1
52,3,3,0,0,1,1
34,2,0,0,1,0,0
20,2,0,0,0,0,0
23,2,0,0,0,0,0
37,1,0,0,0,0,1
416,2,1,0,1,0,1
48,3,2,0,0,0,1
34,2,0,0,1,0,0
76,5,0,0,1,0,1
59,3,1,0,1,0,0
36,2,0,0,0,0,0
33,1,0,0,1,0,1
78,4,0,1,0,1,1
23,2,1,0,0,0,0
39,3,0,0,0,0,1
164,3,5,0,0,0,1
32,2,0,0,1,0,0
39,1,2,0,1,0,0
23,2,0,0,0,0,0
48,2,1,0,0,0,0
556,5,24,0,1,1,0
26,2,0,0,1,0,0
22,2,0,0,1,0,0
127,4,1,0,0,0,1
29,1,0,0,1,0,1
45,2,0,0,1,0,1
202,2,0,0,1,1,1
44,3,0,0,0,0,0
91,2,1,0,0,0,1
66,3,0,0,0,0,0
49,3,1,0,0,0,1
58,2,2,0,0,0,0
61,2,0,0,0,0,1
56,3,0,0,1,0,0
26,2,0,0,1,0,0
38,2,1,0,1,0,1
82,1,6,0,1,0,0
56,2,0,0,0,0,0
31,2,0,0,1,0,0
25,2,1,0,1,0,1
102,2,2,0,0,0,1
40,2,0,0,0,0,0
21,2,0,0,0,0,0
53,2,1,0,1,0,0
20,2,0,0,1,0,0
47,2,0,0,0,0,0
34,2,2,0,0,0,0
36,2,0,0,0,0,0
22,2,0,0,0,0,0
58,3,0,0,1,0,0
45,2,1,0,1,0,0
27,2,0,0,1,0,0
30,2,0,0,0,0,0
34,2,0,0,1,0,1
24,2,0,0,1,0,0
144,3,2,0,0,0,1
66,2,0,0,1,0,0
19,2,0,0,1,0,1
31,2,0,0,0,0,0
37,4,0,0,0,0,1
84,2,6,0,1,0,0
31,2,0,0,1,0,1
74,3,0,0,0,0,0
32,2,0,0,1,0,0
32,2,0,0,1,1,1
56,3,3,0,0,0,1
29,2,0,0,1,0,0
35,1,0,0,0,0,0
24,2,0,0,1,0,0
60,2,2,0,0,0,1
41,2,0,0,1,0,0
58,3,0,0,0,0,0
77,4,0,0,0,0,1
31,2,1,0,0,0,1
47,1,0,0,0,0,1
50,1,0,0,1,0,1
108,4,1,0,0,0,1
72,2,3,0,0,0,1
44,1,1,0,0,0,1
156,4,0,0,0,1,1
90,3,4,0,0,0,0
50,2,0,0,0,0,1
90,4,0,0,1,0,1
28,3,0,0,1,0,0
48,2,3,0,1,1,1
23,2,0,0,0,0,1
63,3,2,0,0,0,0
33,2,0,0,0,0,0
21,2,0,0,0,0,0
35,3,1,0,0,1,1
38,2,0,0,0,0,0
84,2,4,0,1,0,0
30,2,0,0,0,0,0
32,2,0,0,0,1,1
19,2,0,0,1,0,0
90,2,7,0,0,0,0
44,4,0,0,0,1,1
48,3,0,0,0,0,0
36,2,1,0,1,0,1
55,1,4,0,0,0,0
83,2,0,0,1,0,1
135,8,1,0,0,1,1
42,2,2,0,0,0,1
21,2,0,0,1,0,0
61,2,4,0,1,0,0
243,2,16,0,1,0,1
45,2,1,0,0,0,0
30,3,0,1,0,0,1
59,2,0,0,1,0,1
33,2,0,0,0,0,1
77,3,2,0,0,0,1
32,2,0,0,0,0,1
19,1,0,0,1,0,1
62,2,2,0,0,0,1
103,2,5,0,1,0,0
102,2,1,0,1,0,1
24,2,0,0,1,0,0
52,3,0,0,1,0,1
73,2,5,0,1,0,0
46,3,0,0,0,0,1
32,1,0,0,1,0,0
218,3,1,0,0,1,1
88,5,2,1,0,0,1
74,2,5,0,0,0,0
71,2,1,0,0,0,1
35,2,0,0,1,0,1
28,2,0,0,1,0,0
141,2,2,0,1,0,1
22,2,0,0,0,0,0
74,3,0,0,0,0,0
31,3,0,0,1,0,1
79,2,0,0,0,0,1
25,2,1,0,1,0,0
26,2,0,0,0,0,1
37,2,0,0,0,0,0
64,2,0,0,0,0,0
79,2,6,0,0,0,0
92,1,2,0,0,0,1
72,1,1,0,0,0,1
27,2,1,0,1,0,1
30,2,0,0,0,0,1
22,1,0,0,1,0,1
58,3,3,0,0,0,0
43,2,0,0,1,0,0
57,3,1,0,0,0,0
54,2,0,0,0,0,1
102,1,3,0,0,0,1
31,2,0,0,0,0,1
41,2,0,0,0,0,0
52,5,2,0,0,0,1
83,4,4,0,1,0,0
70,2,5,0,0,0,0
88,2,5,0,1,0,0
44,3,0,0,1,0,1
43,2,2,0,1,0,1
129,4,2,0,0,0,1
28,1,2,0,0,0,1
113,2,0,0,1,0,1
36,2,1,0,0,0,1
73,3,2,0,0,0,0
44,1,2,0,0,0,1
22,2,0,0,0,0,0
33,2,2,0,0,1,1
25,1,0,0,1,0,1
34,3,0,0,1,0,0
78,4,1,0,1,0,1
28,2,0,0,0,0,1
29,2,0,0,1,0,0
30,1,0,0,1,0,1
238,14,0,0,1,1,1
15,1,0,0,0,0,0
36,2,0,0,1,0,0
41,2,0,0,0,0,1
81,4,4,0,1,0,0
46,3,0,0,0,0,0
50,3,0,0,0,1,1
60,1,2,0,0,0,1
46,3,0,0,1,0,0
22,2,0,0,0,0,0
25,2,0,0,0,0,0
39,2,3,0,0,0,0
76,3,1,0,0,0,1
81,2,0,0,0,0,1
34,2,1,0,1,0,1
26,2,0,0,0,0,0
80,2,2,0,0,0,1
23,2,0,0,1,0,0
113,2,1,0,1,0,1
56,2,1,0,0,0,1
111,2,1,0,1,0,1
28,2,0,0,1,0,0
51,2,2,0,0,0,0
82,2,0,0,0,0,0
33,2,0,0,0,0,1
68,1,5,0,1,0,0
33,2,0,0,1,0,1
128,4,1,0,1,0,1
44,2,0,0,0,0,0
49,3,0,0,1,1,1
49,2,0,0,1,0,0
34,2,0,0,0,0,0
52,4,1,0,0,0,1
30,2,0,0,0,0,1
29,2,0,0,1,0,0
104,4,1,0,1,0,1
93,2,9,0,0,1,1
33,2,0,0,1,0,1
23,2,0,0,1,0,0
33,2,0,0,1,0,0
109,2,11,0,0,0,0
47,4,2,0,0,0,1
25,2,0,0,0,0,0
59,2,0,0,0,0,0
24,2,1,0,0,0,0
81,2,0,0,0,0,1
43,3,0,0,0,0,0
199,5,11,0,1,0,1
39,2,0,0,0,0,0
28,2,0,0,1,0,0
35,2,0,0,0,0,1
78,3,0,0,0,0,1
43,3,0,0,0,0,0
30,3,0,0,1,0,0
18,2,0,0,0,0,0
26,2,0,0,0,0,0
78,3,0,0,0,1,1
35,2,0,0,0,0,1
56,1,0,0,1,0,1
41,4,1,0,0,0,1
125,4,1,0,1,0,1
22,2,0,0,1,0,0
50,3,2,0,0,0,0
66,2,3,0,1,0,1
127,4,1,0,1,0,1
32,1,0,0,1,0,1
33,2,0,0,0,0,0
38,2,0,0,0,0,1
58,2,0,0,1,0,1
25,2,0,0,1,0,0
47,1,1,0,0,0,1
48,2,1,0,0,0,1
40,2,0,0,0,0,1
136,2,0,0,1,0,1
35,2,0,0,0,0,0
25,2,0,0,1,0,0
53,2,0,0,0,0,1
35,2,0,0,1,0,0
60,2,0,0,0,0,0
30,2,0,0,0,0,1
115,4,1,0,0,0,1
97,3,1,0,1,0,0
43,2,0,0,0,0,1
148,5,1,0,0,1,1
34,1,0,0,1,0,0
148,7,0,0,1,0,1
23,2,0,0,1,0,0
41,1,0,0,1,0,1
39,3,0,0,1,0,1
30,2,0,0,1,0,0
55,3,0,0,0,1,1
72,2,2,0,1,0,0
70,2,3,0,1,0,0
96,2,11,0,1,0,0
59,2,4,0,0,0,0
31,2,1,0,1,0,0
25,2,0,0,0,0,0
44,2,0,0,1,0,0
75,2,6,0,0,0,0
60,3,4,0,0,0,0
50,3,0,0,0,0,0
37,2,0,0,0,0,1
41,2,0,0,0,0,1
50,3,0,0,0,1,1
41,2,1,0,0,0,1
48,1,0,0,0,0,1
86,3,3,0,0,0,1
41,2,0,0,0,0,0
47,3,2,0,0,0,1
41,3,2,0,0,1,1
30,3,1,0,0,0,1
28,2,0,0,0,0,0
24,3,0,0,0,0,0
59,3,0,0,0,0,1
128,4,1,0,1,0,1
63,2,2,0,0,0,0
38,2,0,0,0,0,0
142,5,0,0,1,0,1
23,2,0,0,1,0,0
49,6,0,0,1,0,1
89,3,5,0,0,0,0
56,2,0,0,1,0,0
65,2,3,0,0,0,0
82,2,7,0,0,0,0
35,1,0,0,0,0,1
43,3,0,0,0,0,0
20,2,0,0,0,0,1
81,2,0,0,0,0,1
64,2,2,0,0,0,0
38,2,0,0,0,0,1
40,2,0,0,1,0,1
46,2,0,0,1,0,0
19,1,1,0,0,0,1
57,3,0,0,0,0,1
57,3,0,0,0,0,0
52,1,0,0,0,0,0
62,4,0,1,0,0,1
34,2,0,0,0,0,0
32,2,0,0,1,0,0
75,5,2,0,0,0,1
40,2,0,0,0,0,0
122,2,0,0,0,0,1
57,2,0,0,1,0,0
18,1,0,0,0,0,0
36,1,0,0,0,0,1
70,2,1,0,0,0,0
61,2,0,0,1,0,0
85,4,0,0,1,0,1
30,2,0,0,0,0,0
41,1,2,0,0,0,1
69,4,0,0,0,0,0
29,2,0,0,0,0,0
70,5,0,0,1,0,1
134,4,1,0,0,0,1
57,1,1,0,0,0,1
38,2,0,0,1,0,1
72,3,1,0,0,1,1
31,2,0,0,1,0,0
20,2,0,0,0,0,1
58,3,0,0,0,0,0
32,4,0,0,0,0,1
68,1,0,0,0,0,1
63,7,0,0,0,0,1
40,1,0,0,0,0,0
52,3,0,0,0,0,0
45,5,0,0,1,0,1
44,2,1,0,0,0,0
48,2,1,0,0,0,1
66,2,1,0,1,0,0
34,2,0,0,1,0,0
41,2,0,0,1,1,1
129,5,1,0,0,0,1
163,4,9,0,0,0,1
24,2,1,0,1,0,0
35,2,0,0,1,0,0
21,2,0,0,0,0,0
64,2,3,0,1,0,0
37,2,1,0,0,0,1
28,2,0,0,0,0,0
26,2,0,0,1,0,1
29,2,0,0,1,0,0
66,3,4,0,0,0,0
49,2,0,0,0,0,0
100,1,2,0,1,0,1
210,4,1,0,1,0,1
47,2,0,0,0,0,0
33,2,1,0,1,0,0
60,1,0,0,1,0,1
96,3,7,0,0,0,0
66,2,2,0,1,0,0
40,3,0,0,0,0,0
57,3,1,0,1,0,0
71,1,0,0,0,0,1
82,3,0,0,0,0,0
71,2,0,0,0,0,0
26,2,0,0,0,0,0
57,3,2,0,0,0,0
17,2,0,0,0,0,0
51,3,1,0,1,0,0
56,2,1,0,0,0,1
37,2,0,0,1,0,1
34,1,0,0,1,0,0
67,1,1,0,0,0,1
39,2,1,0,0,0,1
126,4,1,0,0,0,1
97,1,0,0,0,0,1
25,1,0,0,1,0,0
25,2,0,0,0,0,0
31,2,1,0,1,0,0
27,2,0,0,1,0,0
72,3,0,0,0,1,1
43,2,0,0,1,0,0
32,2,0,0,0,0,0
99,2,2,0,1,0,1
68,4,0,0,0,0,1
101,2,9,0,0,0,0
34,3,0,0,1,0,0
21,1,0,0,0,0,0
33,2,0,0,1,0,0
94,3,0,0,0,1,1
38,2,0,0,1,0,0
73,2,5,0,0,0,0
44,3,0,0,0,0,0
131,5,1,0,0,0,1
27,2,0,0,0,0,0
41,3,0,0,0,0,1
146,2,19,0,1,0,1
64,3,0,0,1,0,1
19,1,0,0,0,0,0
21,2,0,0,0,0,0
38,3,0,0,0,0,0
24,2,0,0,1,0,0
73,5,0,1,0,0,1
43,3,0,0,0,0,0
71,2,4,0,0,0,0
66,6,0,0,0,0,1
52,2,0,0,0,0,0
15,1,0,0,1,0,0
46,2,1,0,1,0,0
58,2,3,0,0,0,0
21,1,0,0,1,0,1
26,2,0,0,1,0,0
21,2,0,0,0,0,0
174,2,15,0,1,0,1
17,1,0,0,1,0,1
35,2,0,0,0,0,1
27,2,0,0,0,0,0
59,3,1,0,0,0,0
61,2,2,0,1,0,0
44,2,3,0,1,0,1
85,4,0,0,0,0,1
37,2,0,0,1,0,1
20,1,0,0,0,0,0
171,2,1,0,0,1,1
24,2,0,0,1,0,0
54,2,0,0,0,0,0
27,2,0,0,0,0,1
114,3,2,0,0,0,1
45,1,0,0,0,0,1
31,2,0,0,0,0,0
17,1,0,0,0,0,0
32,2,0,0,0,0,0
22,1,0,0,0,0,1
43,2,0,0,0,0,0
23,1,0,0,0,1,1
50,3,0,0,1,0,1
22,2,0,0,1,0,0
65,2,5,0,1,0,0
29,2,0,0,0,0,0
67,3,0,0,0,0,1
38,3,0,0,1,0,0
47,2,2,0,0,0,0
51,2,0,0,0,0,1
54,3,0,0,1,0,0
14,1,0,0,0,0,0
24,2,0,0,0,0,0
26,2,0,0,1,0,0
38,2,1,0,1,0,1
127,4,1,0,1,0,1
73,2,7,0,1,0,0
32,1,1,0,0,0,1
50,4,0,0,0,0,1
77,2,0,0,1,0,0
37,1,0,0,0,0,1
61,3,2,0,1,0,0
59,2,2,0,0,0,1
30,2,0,0,1,0,1
43,2,0,0,1,0,0
98,4,0,1,0,0,1
21,2,0,0,0,0,0
27,2,0,0,0,0,1
31,2,0,0,0,0,0
21,2,0,0,1,0,0
45,2,0,0,0,0,0
48,2,2,0,0,0,0
42,1,0,0,0,0,1
31,2,0,0,0,0,1
79,3,0,0,1,0,0
54,3,0,0,1,0,1
20,2,1,0,0,0,0
26,2,0,0,1,0,0
79,3,0,0,0,0,0
27,2,1,0,1,0,0
150,4,0,1,0,1,1
24,2,0,0,1,0,0
57,2,1,0,0,1,1
111,2,1,0,0,0,1
34,2,0,0,1,0,0
77,1,0,0,0,0,1
24,2,0,0,1,0,0
27,2,0,0,1,0,0
66,3,1,0,0,0,0
30,2,1,0,1,0,1
30,2,0,0,1,0,0
103,3,5,0,0,0,0
37,2,1,0,1,0,1
45,1,0,0,1,0,1
49,2,2,0,0,0,1
56,2,1,0,0,0,0
75,3,2,0,0,0,1
57,5,0,0,0,0,0
26,2,0,0,1,0,0
22,2,0,0,1,0,1
103,2,0,0,1,0,1
49,4,1,0,0,0,1
55,2,0,0,1,0,1
41,4,0,0,0,0,1
30,2,0,0,0,0,1
234,4,0,0,0,1,1
48,2,2,0,1,0,0
43,4,0,0,0,0,1
34,2,0,0,0,0,1
36,1,1,0,1,0,1
15,1,0,0,0,0,0
46,2,0,0,1,0,0
35,2,0,0,0,0,1
63,2,0,0,0,1,1
26,3,0,0,1,0,0
100,3,9,0,0,0,0
53,2,0,0,1,0,0
77,1,0,0,0,0,1
57,5,0,0,0,1,1
77,2,0,0,0,0,1
74,4,1,0,1,0,0
40,2,0,0,0,0,1
29,2,0,0,1,0,0
65,2,2,0,1,0,0
55,2,3,0,0,0,0
73,2,4,0,1,0,0
90,6,1,0,1,0,1
85,1,8,0,0,0,0
34,2,2,0,0,0,0
27,2,0,0,0,0,0
40,4,0,1,0,0,1
93,3,1,0,0,0,1
69,4,0,0,1,0,1
117,3,0,0,0,1,1
136,5,0,0,0,0,1
32,3,1,0,0,0,0
33,2,0,0,1,0,0
66,5,0,0,0,0,1
27,2,0,0,0,0,0
38,2,0,0,0,0,1
59,3,0,0,0,0,0
147,6,4,0,1,0,1
22,2,0,0,0,0,1
56,1,5,0,0,0,1
22,2,0,0,1,0,1
128,4,1,0,1,0,1
26,2,0,0,0,0,0
44,3,0,0,0,0,0
64,3,2,0,0,0,0
57,2,4,0,1,0,0
38,3,0,0,0,0,0
60,3,0,0,0,0,1
53,5,1,0,0,0,1
91,3,10,0,0,0,0
56,2,1,0,0,0,1
76,3,4,0,0,0,0
31,2,0,0,0,0,0
73,3,0,0,1,0,0
56,5,1,0,0,0,1
89,3,1,0,0,0,1
25,2,0,0,0,0,1
54,2,0,0,1,1,1
36,2,0,0,0,0,1
62,2,4,0,0,0,0
36,3,0,0,0,0,1
72,3,4,0,0,0,0
74,2,1,0,0,0,1
70,3,0,0,0,0,1
55,3,1,0,0,0,0
48,2,0,0,0,0,1
17,2,0,0,0,0,0
31,2,0,0,0,0,1
59,1,0,0,0,0,1
39,3,0,0,0,0,1
52,2,0,0,1,0,0
29,2,0,0,1,1,1
26,3,0,0,1,0,0
45,2,0,0,1,0,0
23,2,0,0,1,0,0
28,2,0,0,1,0,0
61,3,0,0,0,0,0
25,2,0,0,0,0,0
27,2,0,0,0,0,0
51,2,0,0,0,0,1
33,2,0,0,0,1,1
106,3,1,0,0,0,0
26,1,0,0,0,0,1
48,2,1,0,1,0,1
105,5,0,0,0,0,1
36,3,0,0,0,0,1
38,3,0,0,0,1,1
30,2,0,0,1,0,0
59,3,0,0,0,0,0
59,4,0,0,0,0,0
40,2,0,0,0,0,0
34,3,0,0,1,0,0
33,1,0,0,0,0,0
52,2,1,0,0,0,0
128,4,1,0,1,0,1
40,1,2,0,0,0,0
37,2,0,0,1,0,0
93,3,6,0,0,0,0
29,2,0,0,1,0,1
20,2,0,0,1,0,0
80,4,3,0,1,0,0
21,1,0,0,1,0,1
42,2,0,0,0,0,0
68,5,3,0,1,0,1
105,3,5,0,0,1,1
40,2,1,0,1,0,0
31,1,1,0,0,0,1
56,1,1,0,0,0,1
46,2,1,0,0,0,0
41,2,0,0,1,0,0
26,2,0,0,0,0,1
26,2,0,0,1,0,0
34,2,0,0,0,0,0
43,2,0,0,1,0,1
30,2,0,0,1,0,0
41,3,0,0,0,0,0
144,2,3,0,1,0,1
68,4,0,0,0,0,1
50,2,0,0,1,1,1
51,3,2,0,0,0,1
59,3,0,0,0,0,0
51,2,2,0,0,0,0
43,2,0,0,0,0,0
32,2,0,0,0,0,0
45,2,0,0,1,0,1
22,2,0,0,1,0,0
28,4,0,0,1,0,0
96,2,4,0,0,0,1
34,2,0,0,1,0,0
49,2,1,0,1,0,0
44,2,0,0,0,0,0
21,1,0,0,0,0,1
62,2,4,0,1,0,0
27,2,0,0,0,0,1
23,2,0,0,1,0,0
28,1,0,0,1,0,1
32,2,0,0,0,0,0
46,3,0,0,0,0,0
62,3,3,0,0,0,0
41,3,0,0,0,0,1
140,3,1,0,0,0,1
33,1,0,0,0,0,1
155,1,0,0,1,0,1
26,2,0,0,0,0,0
33,1,0,0,0,0,1
38,2,2,0,1,0,0
108,2,4,0,1,0,1
44,1,0,0,1,0,1
46,3,0,0,0,0,1
131,2,4,0,1,0,1
171,6,0,0,0,1,1
44,2,3,0,0,0,0
57,3,0,0,1,1,1
174,4,6,0,0,0,1
56,3,3,0,0,0,0
128,4,1,0,1,0,1
47,3,0,0,1,1,1
55,1,0,0,0,0,1
37,3,0,0,0,0,0
52,2,1,0,0,0,1
50,2,0,0,1,0,0
37,2,0,0,0,1,1
61,2,0,0,0,0,1
49,2,2,0,1,0,0
49,3,0,0,0,0,1
52,3,1,0,0,0,1
58,1,5,0,0,0,0
169,3,1,0,0,0,1
66,3,7,0,0,0,0
35,2,0,0,0,0,1
63,4,0,0,0,0,1
77,1,0,0,0,0,1
32,2,0,0,0,0,1
33,2,0,0,1,1,1
127,4,1,0,1,0,1
50,2,1,0,1,0,0
45,2,1,0,0,0,0
60,1,1,0,1,0,1
67,3,1,0,0,0,1
96,2,6,0,0,0,0
26,2,0,0,0,0,1
56,2,2,0,1,0,0
132,3,0,0,1,0,1
31,3,1,0,1,0,0
47,2,0,0,0,0,1
61,3,1,0,0,0,0
462,5,2,0,1,0,1
29,2,0,0,1,0,0
162,6,1,0,0,1,1
49,2,2,0,0,0,0
39,3,0,0,1,0,0
50,3,0,0,0,0,1
51,3,0,0,1,0,0
47,2,0,0,0,0,1
23,1,0,0,0,0,1
45,3,0,0,1,0,0
13,1,0,0,0,0,0
26,2,1,0,1,0,1
61,2,0,0,0,0,0
69,3,1,0,0,0,0
27,1,0,0,0,0,1
38,3,0,0,0,0,1
18,1,0,0,0,0,0
68,5,0,0,0,0,1
15,1,0,0,0,0,1
53,3,4,0,0,0,0
132,3,0,0,1,0,1
44,2,0,0,1,0,0
112,3,6,0,0,0,0
106,3,7,0,0,0,0
27,3,0,0,0,0,1
271,5,0,0,0,1,1
47,3,1,0,0,0,1
35,2,1,0,0,0,0
41,2,0,0,0,0,0
32,2,0,0,0,0,1
81,4,0,0,0,0,0
32,2,0,0,0,0,0
58,5,0,0,0,0,1
24,1,0,0,0,0,1
74,3,3,0,0,0,0
58,2,0,0,1,0,1
96,3,11,0,1,0,0
64,5,1,0,1,0,1
35,2,0,0,1,0,1
89,1,5,0,1,0,0
106,4,4,0,1,0,1
37,3,0,0,1,0,0
56,2,0,0,1,0,0
29,3,0,1,0,1,1
69,2,5,0,0,0,0
26,2,0,0,1,0,0
30,2,0,0,1,0,0
55,2,0,0,0,0,1
50,3,0,0,0,0,1
74,3,0,0,0,1,0
22,2,0,0,1,0,0
21,2,0,0,0,0,0
54,4,0,0,0,0,1
76,1,1,0,0,0,1
120,3,11,0,0,0,0
34,2,0,0,1,0,0
33,2,0,0,0,0,0
458,5,2,0,1,0,1
49,3,0,0,0,0,0
23,2,0,0,1,0,0
77,2,0,0,0,0,1
48,2,1,0,0,0,0
61,2,3,0,0,0,0
56,2,0,0,0,0,1
60,2,2,0,0,0,0
54,1,1,0,0,0,1
38,2,0,0,1,0,0
67,2,0,0,0,0,1
45,2,0,0,0,0,1
45,3,0,0,0,0,0
49,2,1,0,0,0,1
22,2,0,0,1,0,0
51,2,0,0,1,0,0
34,3,0,0,0,1,1
46,2,0,0,0,0,1
29,2,0,0,1,0,0
42,2,0,0,0,0,0
33,2,0,0,0,0,0
74,1,1,0,0,0,1
132,3,0,0,1,0,1
56,3,1,0,0,0,0
27,2,0,0,0,0,0
35,1,0,0,1,0,1
30,2,0,0,0,0,0
41,2,0,0,1,0,0
103,1,1,0,0,0,1
35,2,0,0,0,0,1
44,2,0,0,0,0,1
68,1,0,0,0,0,1
23,2,0,0,0,0,1
88,2,3,0,0,0,1
54,2,1,0,0,0,1
68,6,0,0,0,0,1
53,3,2,0,1,0,0
48,2,2,0,1,0,0
132,1,2,0,0,0,1
34,3,0,0,0,1,1
40,2,0,0,0,0,0
47,1,0,0,0,0,0
23,2,0,0,0,0,1
32,2,0,0,0,0,0
42,4,1,0,0,0,1
41,3,0,0,0,0,0
26,2,0,0,1,0,0
27,2,0,0,1,1,0
127,4,1,0,1,0,1
186,5,0,0,1,0,1
61,1,0,0,0,0,1
38,1,0,0,0,0,1
29,2,0,0,1,0,0
23,2,0,0,0,0,0
26,2,0,0,0,0,0
53,4,3,0,1,0,1
91,3,7,0,0,0,0
97,3,1,0,1,0,1
86,3,1,0,1,0,1
34,2,1,0,1,0,0
62,2,0,0,0,0,1
334,10,2,0,0,1,1
72,2,6,0,0,0,0
37,2,1,0,1,0,0
99,1,2,0,0,0,1
40,2,0,0,0,0,0
17,1,0,0,0,0,0
47,2,0,0,1,0,0
65,3,2,0,0,0,0
31,2,0,0,1,0,0
60,4,2,0,1,0,1
24,2,0,0,1,0,0
35,2,0,0,0,0,0
31,2,0,0,0,0,0
126,4,1,0,0,0,1
179,6,0,0,1,0,1
47,2,0,0,1,0,0
28,1,0,0,1,0,0
25,1,0,0,1,0,1
43,2,1,0,0,0,0
40,1,1,0,0,0,0
40,2,2,0,1,0,1
63,3,1,0,0,0,0
24,1,0,0,1,0,1
27,2,0,0,1,0,0
47,3,2,0,0,0,0
53,2,1,0,1,0,0
29,3,0,0,1,0,0
79,3,3,0,0,0,0
117,4,0,0,0,0,1
29,2,0,0,0,0,1
218,3,1,0,0,1,1
35,2,0,0,0,0,1
74,3,2,0,0,0,1
45,2,0,0,1,0,0
16,1,0,0,1,0,0
49,2,0,0,0,0,1
30,2,0,0,1,0,0
39,2,2,0,0,0,0
19,2,0,0,0,0,1
39,2,1,0,1,0,1
72,2,2,0,0,0,0
31,2,0,0,1,0,0
24,2,0,0,0,0,0
124,3,8,0,1,0,0
25,1,0,0,0,0,1
66,3,5,0,0,0,1
105,1,0,0,0,0,1
42,2,0,0,1,0,1
117,2,1,0,0,0,1
39,2,0,0,1,0,1
122,3,2,0,1,0,0
33,2,0,0,0,0,0
38,2,1,0,0,0,0
56,4,1,0,1,0,1
121,2,14,0,1,0,0
35,2,0,0,0,0,0
41,3,1,0,0,1,1
79,2,5,0,1,0,0
31,3,0,0,0,0,0
54,2,1,0,0,0,0
37,3,0,0,0,0,1
112,2,3,0,1,1,1
174,2,2,0,1,0,1
42,3,0,0,0,0,0
21,1,1,0,0,0,1
38,2,0,0,1,0,0
23,1,0,0,1,0,1
225,2,1,0,0,1,1
87,2,5,0,1,0,0
32,2,0,0,0,0,1
39,1,1,0,1,0,1
40,4,0,0,1,0,1
87,2,0,0,0,0,0
36,2,0,0,0,0,1
127,4,1,0,1,0,1
18,1,0,0,1,0,0
41,3,0,0,0,0,0
148,2,1,0,1,1,1
32,2,0,0,1,0,0
31,2,0,0,0,0,0
21,2,0,0,1,0,0
43,3,0,0,1,0,1
20,1,0,0,1,0,1
34,2,2,0,1,1,1
49,2,2,0,1,0,0
36,2,0,0,0,0,0
55,2,0,0,0,0,1
48,2,0,0,0,0,0
42,2,0,0,1,0,0
40,2,0,0,0,0,0
41,2,0,0,1,0,1
56,2,0,0,0,0,0
36,2,0,0,1,0,0
53,4,3,0,1,0,1
152,5,3,0,1,0,1
121,5,0,0,1,0,1
35,2,1,0,1,0,1
49,3,1,0,0,0,0
55,5,2,0,0,0,1
26,3,0,1,0,0,1
124,5,0,0,1,0,1
71,4,1,0,0,0,0
21,2,0,0,1,0,0
92,3,1,0,0,0,1
47,2,2,0,0,0,0
40,5,0,0,0,0,0
86,2,1,0,0,0,1
87,4,4,0,1,0,0
44,3,1,1,0,0,1
23,2,0,0,1,0,1
62,3,4,0,0,0,0
51,1,0,0,0,0,1
36,2,1,0,0,0,0
77,8,0,0,0,0,1
48,2,1,0,1,0,0
24,2,0,0,0,0,1
46,2,0,0,1,0,1
41,3,0,0,0,0,0
22,1,0,0,1,0,1
53,2,3,0,0,0,0
63,3,3,0,0,0,0
26,2,0,0,0,0,0
70,3,4,0,0,0,1
36,2,0,0,0,0,0
159,2,0,0,0,0,1
69,2,4,0,0,0,0
125,1,10,0,0,0,0
62,2,1,0,1,0,1
51,2,0,0,1,0,0
48,2,0,0,1,0,1
78,3,4,0,1,0,0
57,3,0,0,0,0,1
68,3,0,0,0,0,0
62,3,3,0,0,0,0
26,2,0,0,1,0,0
55,2,0,0,0,0,0
27,2,0,0,1,0,0
36,2,0,0,1,0,0
37,2,0,0,1,0,0
155,5,2,0,0,0,1
55,3,0,1,0,0,1
72,3,2,0,0,0,1
27,1,0,0,0,0,0
40,2,0,0,0,0,1
46,4,0,0,0,1,1
55,3,4,0,0,0,0
103,2,1,0,0,0,1
23,2,0,0,1,0,1
28,3,0,0,0,0,0
44,3,0,0,0,0,1
25,2,0,0,1,0,0
43,3,1,1,0,0,1
48,2,0,0,0,0,0
48,3,1,0,1,0,1
132,3,0,0,1,0,1
46,1,1,0,1,0,1
30,2,0,0,0,0,1
21,2,0,0,0,0,0
23,2,0,0,0,0,0
69,2,3,0,1,0,1
58,3,0,0,0,1,1
35,2,0,0,1,0,1
74,3,0,0,0,0,1
164,3,1,0,0,1,1
30,3,0,0,0,0,0
57,2,0,0,0,0,1
81,2,1,0,0,0,1
88,2,1,0,0,0,1
88,1,8,0,0,0,0
48,4,0,0,0,0,1
44,3,0,0,1,0,1
22,2,0,0,0,0,0
51,2,1,0,0,0,1
32,2,0,0,0,0,1
98,3,0,0,0,0,0
66,1,6,0,0,0,0
34,2,0,0,1,0,0
79,2,1,0,0,0,1
62,2,1,0,0,0,0
83,1,4,0,0,0,1
32,2,0,0,0,0,1
58,2,5,0,0,0,0
128,4,1,0,1,0,1
54,3,1,0,1,0,1
21,1,0,0,1,0,0
40,2,1,0,1,0,1
169,1,1,0,0,1,1
29,2,0,0,1,0,0
40,4,0,0,0,0,0
44,2,0,0,0,0,0
52,3,1,0,0,0,0
39,2,0,0,0,0,0
29,2,0,0,0,0,0
256,2,4,0,1,0,1
25,2,0,0,1,0,0
38,2,0,0,0,0,1
52,2,2,0,0,0,1
60,3,2,0,1,0,1
46,2,0,0,0,0,1
31,1,0,0,0,0,0
40,3,2,0,0,0,1
26,2,0,0,0,0,0
71,2,1,0,0,0,1
133,4,7,0,1,0,0
86,2,1,0,1,0,1
45,2,4,0,1,0,1
41,2,0,0,1,0,1
62,2,4,0,0,0,0
466,4,8,0,1,0,1
44,2,0,0,0,0,0
27,2,0,0,0,0,0
62,2,1,0,1,0,0
67,1,0,0,0,0,0
28,2,1,0,1,0,0
47,2,1,0,0,0,0
17,1,0,0,0,0,0
123,9,0,0,1,0,1
26,2,1,0,1,0,1
63,1,1,0,0,0,1
70,3,0,0,0,0,0
19,2,0,0,0,0,0
26,2,0,0,1,0,0
48,3,0,0,1,0,0
94,3,1,0,0,1,1
64,2,4,0,1,0,0
53,3,2,0,1,0,0
43,3,0,0,0,1,1
35,2,0,0,0,0,0
30,2,1,0,1,0,0
42,3,0,0,1,0,1
47,2,0,0,0,0,0
69,3,3,0,1,0,0
128,4,1,0,1,0,1
72,2,5,0,0,0,0
103,2,9,0,0,0,0
40,2,0,0,0,0,1
58,8,0,0,0,1,1
145,2,2,0,1,0,1
58,3,2,0,0,0,0
45,4,0,0,0,1,1
35,2,0,0,1,0,1
66,3,1,0,0,1,1
70,3,4,0,1,0,0
33,2,0,0,0,0,0
52,2,0,0,0,0,0
105,5,2,0,1,0,1
38,2,0,0,1,0,0
21,2,0,0,0,0,1
29,2,0,0,1,0,0
57,2,0,0,1,0,1
26,2,0,0,1,0,0
611,4,1,0,1,0,1
39,2,0,0,0,0,0
57,5,1,0,1,0,1
48,3,0,0,0,0,1
41,1,2,0,0,0,0
40,2,0,0,0,1,1
38,2,0,0,1,0,1
66,2,4,0,0,0,0
190,5,11,0,0,0,1
34,3,0,0,0,0,0
140,7,3,0,0,0,1
72,1,6,0,0,0,0
73,3,0,0,1,0,0
50,3,0,0,0,0,1
30,2,0,0,1,0,0
43,2,0,0,1,0,0
88,2,5,0,1,0,0
55,2,3,0,0,0,0
26,2,0,0,0,0,0
56,4,0,0,0,0,0
68,5,0,0,0,1,1
48,3,0,0,1,0,1
37,2,0,0,1,0,0
77,3,1,0,0,0,1
29,2,0,0,0,0,1
36,2,0,0,1,0,1
72,3,1,0,0,0,1
33,2,0,0,0,0,0
45,3,0,0,0,0,1
59,2,1,0,0,0,1
76,2,2,0,1,1,1
60,8,0,0,0,0,1
86,3,0,0,0,0,1
64,2,5,0,1,0,0
58,4,2,0,0,1,1
126,4,1,0,1,0,1
75,4,2,0,1,0,0
122,22,0,0,0,0,1
28,2,0,0,1,0,0
17,1,0,0,0,0,0
41,2,0,0,0,0,1
61,5,0,0,1,0,1
92,3,0,0,0,0,1
23,2,0,0,0,0,0
361,3,0,0,1,0,1
197,2,1,0,0,1,1
38,2,0,0,1,0,1
38,4,0,0,0,0,1
62,3,0,0,0,0,1
42,1,0,0,0,0,1
29,2,0,0,0,0,0
43,2,0,0,0,0,0
68,2,0,0,1,0,1
188,4,9,0,0,0,1
23,2,1,0,0,0,0
89,3,1,0,0,0,1
57,3,1,0,0,0,1
54,3,1,0,0,0,0
39,3,0,0,0,0,0
30,2,0,0,1,0,0
95,3,1,0,1,0,1
238,2,0,0,1,1,1
41,3,1,0,1,0,1
33,2,0,0,1,0,0
43,2,1,0,0,0,0
29,1,0,0,0,0,1
127,4,1,0,1,0,1
126,4,1,0,0,0,1
62,3,1,0,0,0,1
49,1,1,0,0,0,1
41,2,0,0,0,0,1
99,2,1,0,1,1,1
45,2,1,0,0,0,0
36,2,0,0,1,0,0
123,2,2,0,1,0,1
32,1,0,0,0,0,0
121,5,0,0,1,0,1
39,3,1,0,0,0,1
65,5,0,0,1,0,1
39,2,0,0,1,0,0
85,3,1,0,0,0,1
77,1,0,0,0,0,1
33,1,3,0,0,0,1
48,2,1,0,1,0,1
47,2,0,0,0,0,0
88,2,1,0,0,0,0
60,1,2,0,0,0,1
39,2,3,0,0,0,0
127,4,1,0,0,0,1
69,2,0,0,0,0,1
41,3,0,0,0,0,1
73,3,2,0,0,0,1
33,2,0,0,0,0,1
204,3,0,0,1,1,1
76,4,1,0,0,0,1
22,2,0,0,0,0,1
54,3,1,0,0,0,0
31,2,0,0,0,0,0
25,2,0,0,0,0,0
60,2,1,0,0,0,1
16,1,0,0,1,0,0
37,2,0,0,1,0,0
39,2,0,0,1,0,0
27,2,0,0,1,0,0
81,2,0,0,0,0,1
26,2,0,0,1,0,1
99,2,2,0,1,0,0
75,4,0,0,0,0,1
52,5,0,0,1,0,1
25,2,0,0,1,0,0
45,4,2,0,1,0,1
25,3,0,0,0,0,0
28,2,2,0,1,0,0
117,4,0,0,0,0,1
137,5,0,0,0,0,1
85,2,5,0,0,0,0
43,2,0,0,0,0,1
81,3,0,0,0,0,0
42,2,0,0,0,0,1
33,2,0,0,0,0,1
22,2,0,0,0,0,0
57,4,0,0,1,1,1
27,2,1,0,1,0,0
29,2,0,0,1,0,0
43,2,0,0,0,0,0
47,3,0,0,0,0,0
51,4,0,1,0,0,1
61,3,0,0,0,0,0
29,2,0,0,1,0,0
25,2,0,0,0,0,0
32,2,0,0,0,0,1
56,2,0,0,0,0,1
27,2,1,0,1,0,1
46,2,0,0,1,0,0
69,2,7,0,0,0,0
57,4,3,0,1,0,1
86,1,12,0,0,0,0
45,2,3,0,0,0,0
84,2,5,0,0,0,0
33,3,0,0,0,0,1
32,4,0,1,0,0,1
50,3,3,0,0,0,1
43,2,0,0,0,0,1
22,2,0,0,0,0,1
41,2,2,0,0,0,1
94,3,1,0,0,1,1
87,5,0,0,0,1,1
26,2,0,0,1,0,0
74,4,3,0,1,0,0
84,4,4,0,1,0,0
21,3,0,1,0,0,1
48,2,0,0,0,0,0
82,3,1,0,0,1,1
28,2,0,0,1,0,0
32,1,0,0,0,0,1
230,3,1,0,0,1,1
29,2,0,0,0,0,0
29,2,0,0,0,0,1
42,2,0,0,0,0,1
68,2,5,0,0,0,0
41,2,0,0,0,0,1
50,2,0,0,1,0,0
23,2,0,0,0,0,1
52,2,0,0,0,0,1
36,2,0,0,0,0,1
27,2,0,0,1,0,0
34,2,1,0,0,0,0
115,2,2,0,0,0,1
119,4,1,0,0,0,1
68,3,1,0,0,0,1
74,2,0,0,0,0,1
84,2,8,0,1,0,0
62,2,3,0,0,0,0
91,3,5,0,1,0,0
63,2,1,0,0,0,1
24,2,0,0,1,0,0
60,2,0,0,1,0,0
34,2,0,0,1,0,0
388,3,9,0,1,1,1
59,2,0,0,1,0,0
22,1,0,0,1,0,1
77,1,0,0,0,0,1
60,5,0,0,1,0,1
33,2,0,0,0,0,1
23,2,0,0,1,0,0
57,4,0,0,0,0,1
33,2,0,0,0,0,0
80,3,5,0,0,0,0
22,2,0,0,1,0,0
40,3,0,0,0,0,0
24,2,0,0,0,0,0
42,2,1,0,0,0,1
46,2,2,0,1,0,0
126,4,1,0,0,0,1
26,2,0,0,1,0,0
68,2,0,0,1,0,1
25,2,0,0,1,0,0
52,2,3,0,1,0,0
45,2,0,0,0,0,1
43,3,0,0,1,0,0
64,3,0,0,0,0,0
72,3,0,0,1,0,0
44,2,1,0,1,0,0
54,3,0,0,1,0,0
54,2,0,0,1,0,1
104,4,1,0,0,1,1
57,3,0,0,0,0,1
123,3,0,0,0,0,0
43,2,2,0,0,0,0
144,3,2,0,0,0,1
56,2,0,0,0,0,1
32,2,0,0,0,0,0
42,2,1,0,0,0,0
29,2,0,0,0,0,1
17,2,0,0,0,0,0
78,2,1,0,0,1,1
99,2,9,0,1,0,0
47,3,0,0,1,0,1
68,1,3,0,0,1,0
795,12,20,1,0,0,1
38,2,0,0,1,0,1
51,5,0,1,0,0,1
81,3,1,0,0,0,0
32,2,0,0,1,0,0
44,2,0,0,1,0,1
23,1,0,0,0,0,1
36,2,0,0,0,0,0
22,2,0,0,0,0,0
29,2,0,0,0,0,1
19,1,0,0,0,0,1
75,2,1,0,0,0,1
53,3,0,0,0,0,1
54,2,0,0,0,0,0
85,2,7,0,1,0,0
25,2,0,0,1,0,0
33,2,1,0,1,0,1
25,2,0,0,1,0,0
33,2,0,0,1,0,1
61,3,1,0,1,0,1
28,2,0,0,0,0,0
32,2,0,0,0,0,0
90,2,5,0,0,0,0
114,2,11,0,1,0,0
24,2,0,0,1,0,0
57,2,1,0,1,0,0
116,3,0,0,1,0,1
25,2,0,0,0,0,0
27,2,0,0,0,0,0
54,1,6,0,1,0,0
183,2,17,0,1,0,1
33,2,0,0,1,0,1
38,1,0,0,1,0,1
39,2,0,0,1,0,1
35,2,1,0,1,0,1
29,2,0,0,0,0,0
18,2,0,0,0,0,0
74,2,3,0,0,0,0
68,3,3,0,0,0,1
85,2,2,0,1,0,1
53,3,0,0,0,0,0
58,2,2,0,0,0,0
91,3,0,0,1,0,1
163,1,2,0,1,1,1
35,2,0,0,1,0,1
28,1,0,0,1,0,0
167,2,1,0,0,0,1
70,5,3,0,0,1,1
24,1,0,0,0,0,1
36,3,0,0,0,1,1
51,1,0,0,0,0,1
22,3,0,0,0,0,1
143,5,0,0,1,0,1
41,3,0,0,0,0,0
47,2,0,0,0,0,0
44,1,0,0,0,0,1
52,2,0,0,0,0,1
35,2,0,0,1,0,1
22,2,0,0,0,0,0
33,2,0,0,1,0,0
28,1,0,0,0,0,1
172,6,1,0,0,1,1
74,2,3,0,0,0,1
20,2,0,0,1,0,0
84,5,0,0,1,0,1
57,2,4,0,0,0,0
22,3,0,0,0,0,0
44,3,0,0,0,0,1
44,3,0,0,0,0,1
22,1,0,0,1,0,1
67,1,0,0,1,0,1
24,2,1,0,0,0,0
22,2,0,0,1,0,0
24,2,0,0,1,0,0
36,2,1,0,0,0,0
93,2,0,0,0,0,1
21,2,0,0,0,0,0
20,2,0,0,1,0,0
37,2,0,0,1,0,0
34,2,0,0,0,0,0
113,2,7,0,0,0,1
28,2,0,0,0,0,0
36,2,0,0,0,0,1
41,4,1,0,0,0,0
72,1,3,0,1,0,0
43,2,1,0,1,0,0
47,2,4,0,0,0,0
66,3,1,0,1,0,1
24,2,0,0,1,0,0
113,3,1,0,0,0,1
120,2,2,0,1,0,1
44,3,0,0,0,0,0
128,4,1,0,1,0,1
45,2,0,0,1,0,0
94,3,3,0,1,1,1
81,2,0,0,0,0,1
51,2,0,0,0,0,1
43,2,0,0,0,0,1
148,6,1,0,1,0,1
53,2,2,0,0,0,0
68,3,3,0,0,0,0
45,1,0,0,0,0,0
42,5,0,0,0,0,1
48,2,0,0,1,0,0
29,2,0,0,1,0,0
41,2,0,0,1,0,1
44,2,3,0,0,0,0
70,2,4,0,0,0,0
129,2,4,0,0,0,1
34,2,1,0,0,0,0
44,2,0,0,0,0,1
154,5,2,0,0,0,1
162,1,2,0,0,1,1
267,14,0,0,0,0,1
43,3,0,0,0,1,1
28,1,0,0,0,0,1
45,2,0,0,1,0,0
25,2,0,0,1,0,0
46,2,1,0,0,0,0
63,4,1,0,1,0,0
25,2,0,0,1,0,0
41,2,1,0,1,0,0
112,1,13,0,0,0,0
47,1,0,0,1,0,1
49,2,1,0,1,0,1
51,2,1,0,1,0,0
58,1,0,0,0,0,1
48,3,3,0,0,0,1
31,2,0,0,1,0,0
30,2,1,0,0,0,0
32,2,3,0,1,0,0
73,2,3,0,1,0,0
64,2,0,0,0,0,1
46,2,0,0,0,0,1
38,1,0,0,0,0,1
38,2,2,0,1,0,1
27,2,0,0,0,0,0
35,2,0,0,0,0,0
55,5,2,0,0,0,1
44,5,1,0,0,0,1
29,1,0,0,0,0,0
41,1,0,0,0,0,0
43,2,0,0,1,0,0
57,2,0,0,0,0,0
70,1,7,0,1,0,0
34,2,0,0,1,0,0
89,2,6,0,0,0,0
107,2,0,0,0,0,1
29,2,0,0,1,0,0
70,3,0,0,0,0,1
50,2,0,0,0,0,1
35,2,0,0,0,0,0
13,1,0,0,0,0,0
51,3,0,0,1,0,0
67,2,3,0,0,0,0
77,1,0,0,0,0,1
24,3,0,0,0,0,0
63,1,1,0,0,0,1
36,2,0,0,0,0,0
73,3,1,0,0,0,1
31,3,0,0,0,0,0
59,2,4,0,0,0,0
128,4,1,0,1,0,1
49,2,1,0,0,0,0
15,1,0,0,0,0,1
25,2,0,0,1,0,0
39,1,0,0,0,0,0
34,2,0,0,1,0,0
93,2,5,0,1,0,0
36,2,0,0,0,0,1
72,2,4,0,1,0,0
29,2,0,0,0,0,0
111,3,5,0,1,0,0
31,2,0,0,1,0,0
96,1,1,0,1,0,1
85,2,2,0,1,0,1
59,3,1,0,0,0,0
90,2,0,0,0,0,1
29,2,0,0,0,0,1
84,2,0,0,1,0,1
134,4,7,0,0,0,1
32,3,0,0,1,0,0
19,1,0,0,0,0,0
57,2,0,0,0,0,1
43,2,0,0,1,0,1
26,2,0,0,0,0,0
21,2,0,0,0,0,0
68,2,0,0,0,0,0
64,2,1,0,1,0,1
70,2,3,0,0,0,0
60,2,0,0,0,0,0
31,2,0,0,0,0,0
41,2,1,0,1,0,0
35,2,0,0,1,0,0
48,2,1,0,0,0,0
30,2,0,0,0,0,1
43,2,0,0,1,0,0
17,2,0,0,0,0,0
47,3,0,0,0,0,0
35,3,0,0,0,0,1
58,1,0,0,0,0,1
31,2,0,0,0,0,1
61,3,3,0,0,0,0
34,2,0,0,1,0,0
35,2,1,0,0,0,0
56,2,0,0,0,0,1
37,2,0,0,0,0,1
34,2,1,0,0,0,0
32,2,1,0,1,0,1
33,2,0,0,0,0,1
43,1,0,0,0,0,1
36,2,2,0,1,0,1
37,2,0,0,1,0,0
36,2,0,0,0,0,1
99,2,1,0,1,0,1
54,2,0,0,1,0,0
33,2,1,0,0,0,1
40,2,1,0,0,0,0
24,1,0,0,1,0,0
93,2,9,0,0,0,0
34,3,0,0,0,0,0
92,3,0,0,1,0,0
128,4,1,0,1,0,1
67,1,7,0,0,0,0
46,2,1,0,0,0,0
19,1,0,0,1,0,0
238,2,1,0,0,0,1
42,2,0,0,0,0,0
33,2,0,0,0,0,1
154,6,4,0,1,0,1
75,3,1,0,1,0,1
19,2,0,0,0,0,0
76,3,0,0,1,1,1
89,2,3,0,1,0,1
52,3,0,0,0,0,1
40,2,1,0,0,0,1
47,2,0,0,0,0,1
49,1,3,0,1,0,0
28,2,0,0,0,0,0
127,4,1,0,0,0,1
50,3,0,0,0,0,1
71,2,4,0,1,0,0
33,2,0,0,0,0,1
26,1,0,0,0,0,1
62,2,0,0,1,0,0
39,2,0,0,0,0,0
16,1,0,0,1,0,0
25,2,0,0,1,0,0
30,1,0,0,1,0,0
52,3,0,0,0,0,1
56,3,0,0,1,0,0
119,2,2,0,1,0,1
109,4,0,0,1,0,1
41,2,0,0,1,0,0
114,2,10,0,0,0,0
32,2,0,0,0,0,0
25,2,0,0,1,0,0
126,4,1,0,0,0,1
75,3,2,0,0,0,1
43,1,0,0,0,0,1
15,1,0,0,0,0,1
33,2,0,0,0,0,1
33,2,1,0,0,0,1
46,2,0,0,0,0,0
111,3,5,0,1,0,0
66,2,1,0,1,0,1
97,3,0,0,0,1,1
91,4,0,0,1,0,1
76,2,5,0,1,0,0
29,2,0,0,0,0,0
71,2,2,0,0,0,1
23,2,0,0,1,0,0
44,2,2,0,0,0,0
36,2,0,0,1,0,1
28,2,0,0,0,0,0
32,3,0,0,0,0,0
31,1,0,0,1,0,1
16,1,0,0,1,0,1
56,2,0,0,1,0,0
48,3,0,0,1,0,0
48,3,0,0,1,0,0
93,1,8,0,0,0,0
57,2,0,0,0,0,1
77,1,0,0,0,0,1
23,2,0,0,0,0,0
25,2,0,0,0,0,0
115,2,0,0,1,0,1
63,3,1,0,1,0,0
42,3,2,0,1,0,0
35,2,0,0,1,0,0
38,2,0,0,1,0,0
37,2,0,0,1,0,0
21,2,0,0,1,0,0
34,2,0,0,0,0,0
35,2,0,0,1,0,0
27,1,1,0,0,0,0
32,1,1,0,0,0,0
30,2,0,0,0,0,1
28,2,0,0,1,0,0
36,2,0,0,0,0,1
100,3,1,0,0,0,1
26,2,0,0,1,0,0
57,4,0,0,1,0,1
161,3,0,0,1,0,0
32,2,0,0,0,0,0
28,2,0,0,1,0,0
25,2,0,0,1,0,0
88,2,1,0,0,1,1
76,4,1,0,0,0,1
49,2,0,0,0,0,0
39,2,0,0,0,0,1
81,3,0,0,0,0,0
60,4,1,0,0,0,1
21,2,0,0,1,0,0
108,2,10,0,0,0,0
65,2,2,0,0,0,0
68,4,0,0,0,0,1
28,2,0,0,1,0,0
41,2,0,0,1,0,0
43,2,0,0,1,0,0
38,2,0,0,0,0,1
29,2,0,0,1,0,1
65,2,1,0,0,0,1
78,2,0,0,0,0,1
30,2,0,0,0,0,0
45,2,0,0,0,0,0
17,2,0,0,0,0,0
61,3,3,0,1,0,0
60,3,0,0,0,0,0
42,4,0,0,0,0,1
406,2,5,0,0,0,1
29,2,0,0,1,0,0
77,3,0,0,0,0,0
248,2,0,0,0,1,1
45,3,0,0,0,0,1
23,2,0,0,1,0,0
44,2,0,0,0,0,0
24,2,0,0,1,0,0
64,3,1,0,0,0,1
87,3,2,0,0,0,1
196,4,0,1,0,1,1
30,2,0,0,0,0,1
47,3,1,0,0,0,1
41,3,0,0,0,0,1
25,2,0,0,1,0,0
32,2,2,0,0,0,1
43,2,1,0,0,0,0
26,1,0,0,1,0,1
18,1,0,0,0,0,0
56,2,2,0,0,0,1
45,2,0,0,0,0,0
146,4,0,0,0,0,1
117,4,0,0,0,0,1
26,2,0,0,0,0,0
57,4,1,0,0,1,1
32,2,0,0,0,0,0
135,2,1,0,0,1,1
50,3,0,0,0,0,0
70,2,0,0,0,0,1
71,3,0,0,0,0,0
28,2,0,0,1,0,1
35,2,1,0,0,0,1
48,3,0,0,0,0,0
43,3,0,0,0,0,0
59,1,2,0,1,0,0
45,3,0,0,0,0,1
74,4,1,0,1,1,1
84,2,1,0,0,0,1
83,3,0,0,0,0,1
19,1,0,0,0,0,0
35,2,0,0,0,0,1
257,6,0,0,1,0,1
110,16,0,0,0,0,1
36,2,0,0,0,0,1
46,1,1,0,1,0,1
39,2,0,0,0,0,0
124,5,0,0,1,0,1
71,2,2,0,1,0,0
28,2,0,0,0,0,0
76,2,0,0,0,0,1
31,3,0,0,1,0,1
61,2,0,0,1,0,0
71,3,0,0,1,0,0
154,2,0,0,0,0,0
24,2,0,0,0,0,1
45,2,0,0,0,0,0
243,5,5,0,0,1,1
43,2,0,0,0,0,1
70,2,3,0,0,0,0
91,3,1,0,1,1,1
70,5,2,0,1,0,1
27,2,0,0,0,0,0
127,4,1,0,1,0,1
55,3,0,0,0,1,1
50,5,0,0,0,0,1
34,3,0,0,0,1,1
96,2,1,0,0,0,1
124,3,0,0,0,0,1
57,3,0,0,0,0,1
24,2,0,0,0,0,0
43,2,0,0,0,0,1
37,2,0,0,0,0,1
22,2,0,0,1,0,0
60,2,0,0,1,0,1
21,1,0,0,0,0,0
123,5,0,0,1,0,1
20,2,0,0,1,0,0
48,4,0,0,0,0,1
53,2,1,0,0,0,1
66,2,1,0,0,0,0
73,3,0,0,0,0,1
18,1,0,0,1,0,1
49,4,1,0,0,0,1
54,2,1,0,0,0,0
38,2,0,0,1,0,1
145,2,3,0,1,0,1
35,3,2,0,1,0,0
30,2,0,0,0,0,1
20,1,0,0,1,0,0
211,2,3,0,1,1,1
32,2,1,0,0,0,1
53,3,1,0,0,0,0
84,3,6,0,0,0,0
259,6,0,0,0,0,1
66,2,0,0,0,0,1
88,4,1,0,1,1,1
47,3,2,0,0,0,0
50,2,0,0,0,0,0
51,1,1,0,0,0,0
26,2,0,0,1,0,0
34,2,1,0,1,0,0
33,2,2,0,1,0,0
96,3,1,0,0,0,1
27,2,0,0,1,0,0
46,2,1,0,0,0,0
126,2,3,0,0,0,0
30,2,0,0,1,0,0
34,2,1,0,1,0,1
62,3,0,0,1,0,0
102,2,0,0,0,0,1
54,2,0,0,1,0,0
30,2,0,0,1,0,0
23,2,0,0,0,0,1
71,3,2,0,1,0,0
68,2,7,0,0,0,0
43,2,0,0,1,0,0
30,2,0,0,0,0,1
147,9,1,0,1,0,1
66,4,0,0,0,1,1
42,2,0,0,1,0,0
40,2,0,0,1,0,1
279,3,8,0,1,0,1
34,2,0,0,0,0,1
82,3,6,0,0,0,0
43,2,0,0,1,0,0
33,2,0,0,1,0,0
103,1,9,0,0,0,0
29,2,1,0,0,0,0
81,4,0,0,1,0,1
23,2,1,0,0,0,0
35,2,1,0,0,0,1
80,4,1,0,1,0,0
102,3,1,0,0,0,1
20,2,0,0,0,0,0
24,1,0,0,0,0,1
260,6,0,0,1,0,1
57,3,1,0,1,0,1
186,2,2,0,0,1,1
39,2,1,0,0,0,0
42,2,1,0,0,0,1
76,3,1,0,0,0,1
107,2,1,0,0,0,1
74,3,1,0,1,0,0
113,2,1,0,1,0,1
28,2,0,0,1,0,0
68,2,6,0,0,0,0
25,1,0,0,0,0,1
93,2,4,0,0,0,0
50,2,1,0,0,0,1
76,4,1,0,0,0,1
32,2,0,0,0,0,1
33,2,1,0,0,0,0
42,1,4,0,1,0,1
30,2,1,0,1,0,1
547,5,23,0,1,1,0
35,1,0,0,0,0,1
48,2,0,0,0,0,1
37,2,2,0,0,0,1
34,2,0,0,0,0,1
61,5,0,0,0,0,1
67,3,0,0,0,0,0
56,3,0,0,0,0,0
46,4,2,0,1,0,1
47,2,0,0,1,0,1
80,4,0,1,0,0,1
29,2,0,0,0,0,0
36,2,0,0,1,0,0
36,2,0,0,0,0,0
43,2,0,0,0,0,1
34,2,0,0,1,0,0
54,2,0,0,1,0,0
68,5,0,0,0,1,1
75,3,0,1,0,0,1
57,2,0,0,1,0,0
35,2,0,0,0,0,0
41,2,1,0,0,0,1
32,2,1,0,0,0,0
21,2,0,0,0,0,0
53,2,0,0,0,0,0
22,2,0,0,1,0,0
55,1,2,0,0,0,1
57,3,2,0,1,0,0
28,2,0,0,1,0,0
32,2,0,0,1,0,0
96,3,0,0,1,0,1
41,3,0,0,0,0,0
39,2,0,0,1,0,1
17,1,0,0,0,0,0
477,24,0,1,0,0,1
20,1,0,0,0,0,0
129,3,1,0,1,0,1
263,5,0,0,0,1,1
26,2,0,0,1,0,0
73,5,2,0,0,0,1
32,2,0,0,1,0,0
41,2,0,0,1,0,0
50,3,0,0,0,0,0
64,4,1,0,0,0,0
35,1,0,0,1,0,1
49,2,1,0,0,0,0
46,2,0,0,0,0,1
41,2,0,0,1,0,0
115,1,10,0,0,1,0
18,2,0,0,0,0,1
89,2,7,0,1,0,0
12,1,0,0,0,0,0
53,3,0,0,0,0,0
29,2,0,0,0,0,0
63,3,0,0,1,0,1
46,1,1,0,0,0,0
74,3,1,0,0,1,1
78,3,1,0,1,0,1
58,2,3,0,1,0,0
34,2,0,0,0,0,0
26,2,0,0,1,0,0
30,3,0,0,0,0,0
64,3,2,0,0,0,1
83,2,9,0,1,0,0
31,2,0,0,1,0,0
41,2,0,0,0,0,0
127,4,1,0,1,0,1
24,1,0,0,1,0,0
66,2,5,0,0,0,0
74,4,3,0,1,0,0
62,4,0,0,1,0,0
35,2,0,0,0,0,0
82,4,1,0,1,0,0
32,2,0,0,0,0,1
34,1,0,0,1,0,0
60,2,0,0,0,0,1
22,1,1,0,0,0,1
31,2,0,0,1,0,0
48,2,0,0,1,1,1
32,2,0,0,0,0,0
57,4,1,0,0,0,1
34,2,1,0,0,0,1
84,2,10,0,0,0,0
62,3,1,0,0,0,1
52,2,1,0,1,0,0
36,2,0,0,1,0,0
27,2,0,0,0,0,0
52,2,0,0,1,0,1
29,2,0,0,0,0,0
32,1,0,0,0,0,1
29,2,0,0,1,0,0
24,2,0,0,1,0,0
22,2,0,0,0,0,0
64,3,2,0,0,0,0
44,2,0,0,0,1,1
72,2,6,0,0,0,0
52,2,1,0,1,0,0
33,3,1,0,0,0,1
29,2,0,0,1,0,0
46,1,0,0,0,0,1
54,4,3,0,0,0,1
86,1,6,0,0,0,0
19,1,0,0,1,0,0
54,3,0,0,0,0,0
73,3,0,0,0,0,1
41,2,1,0,0,0,0
49,2,1,0,0,0,1
26,2,0,0,1,0,0
40,2,0,0,0,0,0
91,2,1,0,0,0,1
59,2,4,0,1,0,0
35,4,0,0,1,0,1
23,1,0,0,1,0,0
29,2,1,0,1,0,0
45,3,1,0,0,0,1
24,2,0,0,0,0,0
30,1,0,0,1,0,0
52,4,1,0,1,0,1
99,2,2,0,1,0,1
25,2,0,0,1,0,0
28,2,0,0,1,0,0
42,2,2,0,1,0,0
66,2,0,0,1,0,1
138,3,2,0,1,0,1
66,1,0,0,0,0,1
63,2,2,0,0,0,0
20,2,0,0,0,0,0
58,2,5,0,0,0,0
38,4,1,0,0,0,1
107,2,10,0,1,0,0
80,3,0,0,1,0,0
210,2,0,0,1,1,1
48,3,0,0,1,0,0
47,4,1,0,1,0,1
26,2,0,0,1,0,0
415,2,1,0,0,0,1
75,5,19,0,0,1,1
85,2,1,0,1,0,0
29,1,0,0,1,0,0
132,2,1,0,1,0,1
89,3,0,0,1,0,1
65,4,0,0,0,0,0
20,1,0,0,1,0,0
26,3,0,0,0,0,0
38,2,0,0,0,0,0
77,1,7,0,0,0,0
24,2,0,0,0,0,0
133,2,1,0,1,0,1
70,3,0,0,1,0,0
64,3,5,0,0,0,0
127,4,1,0,1,0,1
65,2,3,0,0,0,0
47,3,0,0,0,0,1
41,2,2,0,0,0,1
81,3,6,0,1,0,0
42,1,1,0,0,0,1
41,2,0,0,0,0,0
30,2,0,0,1,0,0
43,3,0,0,1,0,1
34,2,0,0,0,0,1
40,3,1,0,0,1,1
29,1,1,0,1,0,1
50,1,0,0,0,0,1
40,3,1,0,0,0,1
43,2,1,0,0,0,1
63,3,1,0,0,0,1
59,2,4,0,0,0,0
49,1,0,0,0,0,1
44,2,0,0,1,0,0
23,2,0,0,1,0,0
54,3,0,0,0,0,1
97,2,8,0,1,0,0
17,1,0,0,0,0,1
32,1,0,0,0,0,0
36,3,0,0,1,0,0
19,2,0,0,0,0,0
68,4,0,0,0,0,1
152,2,20,0,1,0,0
39,2,0,0,0,0,1
19,1,0,0,1,0,0
27,2,1,0,1,0,0
70,5,2,0,1,0,1
43,2,1,0,0,0,1
45,3,1,0,0,0,1
66,2,2,0,1,0,1
141,2,2,0,1,0,1
37,1,1,0,0,0,1
127,3,4,0,1,0,1
46,3,0,0,0,0,0
58,4,0,0,0,1,1
145,3,1,0,1,0,1
39,3,0,0,0,0,0
23,2,0,0,0,0,0
51,3,4,0,0,0,0
51,2,0,0,0,1,1
135,2,2,0,1,0,1
91,2,6,0,1,0,0
50,3,0,0,1,0,0
55,3,1,0,0,1,1
66,3,0,0,0,0,0
128,5,1,0,0,0,1
56,3,1,0,0,0,0
30,2,0,0,1,0,1
35,2,1,0,0,0,1
25,2,0,0,1,0,0
44,2,0,0,1,0,0
24,1,0,0,1,0,0
51,2,0,0,0,0,0
40,3,0,0,1,0,1
128,4,1,0,1,0,1
30,2,0,0,0,0,1
51,3,0,0,0,0,1
100,2,4,0,0,0,1
66,2,0,0,0,0,0
85,1,9,0,0,0,0
50,2,0,0,0,1,1
39,3,1,0,0,1,1
102,3,0,0,1,0,1
46,2,1,0,1,0,0
38,1,0,0,0,0,1
80,2,0,0,0,0,1
25,2,0,0,0,0,0
44,2,0,0,0,0,1
19,2,0,0,1,0,0
78,2,3,0,0,1,1
23,2,0,0,0,0,1
1386,13,11,0,0,1,1
47,4,0,0,0,0,1
32,1,0,0,1,0,1
128,4,1,0,1,0,1
57,2,0,0,1,0,1
81,3,0,0,0,0,0
110,3,0,0,0,0,1
39,2,0,0,1,0,0
30,2,0,0,1,0,0
19,1,0,0,1,0,0
213,3,0,0,0,1,1
43,2,3,0,0,0,1
36,3,1,0,0,0,0
66,2,6,0,1,0,0
28,1,0,0,1,0,0
18,2,0,0,0,0,0
78,3,1,0,0,1,1
31,2,0,0,1,0,1
59,4,2,0,0,0,1
45,3,0,0,0,0,1
79,3,0,0,0,0,0
117,3,0,0,0,0,0
48,2,1,0,0,0,1
117,2,8,0,1,0,0
48,2,0,0,0,0,1
35,2,0,0,0,0,1
57,3,2,0,0,0,0
70,4,0,0,1,0,1
31,2,0,0,0,0,1
132,3,11,0,0,0,0
113,1,10,0,0,0,0
27,1,1,0,1,0,1
52,3,0,0,1,0,0
41,2,1,0,1,0,1
177,3,1,0,0,0,1
45,3,1,0,1,0,1
46,4,0,0,0,0,1
44,2,1,0,0,0,0
80,2,2,0,0,0,1
89,4,1,0,0,0,0
66,2,5,0,0,0,0
69,2,2,0,0,0,1
89,3,1,0,1,1,1
32,2,0,0,0,0,0
51,3,0,0,1,1,1
22,2,0,0,0,0,0
22,2,0,0,0,0,0
36,2,0,0,1,0,1
32,2,0,0,1,0,0
69,1,1,0,0,0,1
37,2,0,0,1,0,0
38,3,1,0,0,0,1
53,3,0,0,0,0,1
18,2,0,0,0,0,0
37,2,0,0,0,0,1
28,2,0,0,0,0,1
44,3,0,0,0,0,0
23,2,0,0,0,0,0
69,2,4,0,1,0,0
68,2,3,0,1,0,0
27,2,0,0,1,0,0
32,2,1,0,0,0,0
31,2,0,0,0,0,1
46,2,0,0,1,0,0
35,3,0,0,1,0,0
24,2,0,0,1,0,0
31,2,0,0,0,1,1
67,1,0,0,0,0,1
28,2,0,0,1,0,0
245,2,0,0,0,1,1
65,1,1,0,1,0,1
30,2,1,0,0,0,1
41,3,0,0,0,0,1
47,2,1,0,0,0,1
38,2,1,0,0,0,0
27,2,0,0,1,0,0
140,2,2,0,1,0,1
20,2,0,0,0,0,0
48,3,0,0,1,0,0
51,3,1,0,0,0,0
52,3,0,0,1,0,0
100,3,1,0,1,1,1
32,2,0,0,1,0,0
25,2,1,0,0,0,1
57,3,0,0,0,0,0
48,3,0,0,0,0,0
46,3,1,0,0,0,0
49,1,0,0,0,0,1
32,1,0,0,0,0,0
100,3,1,0,0,0,1
60,3,0,0,0,0,1
76,3,3,0,0,0,0
86,3,1,0,0,0,1
84,1,0,0,1,0,1
54,3,1,0,1,0,0
24,2,0,0,1,0,0
18,1,1,0,0,0,0
57,2,3,0,0,0,0
36,3,0,0,1,0,1
57,3,2,0,0,0,0
53,2,0,0,0,0,0
64,5,0,0,1,0,1
93,1,2,0,0,0,1
63,1,0,0,0,0,1
86,4,0,0,0,0,1
49,2,0,0,0,1,1
31,2,0,0,1,0,0
50,2,0,0,0,0,1
105,2,3,0,1,0,1
42,3,1,0,1,0,0
28,2,0,0,1,0,0
33,2,0,0,0,0,0
82,2,2,0,1,0,0
32,2,0,0,1,0,0
28,2,0,0,0,0,0
24,2,0,0,0,0,0
50,2,1,0,0,0,0
54,5,0,0,0,0,0
94,3,4,0,0,0,1
38,2,0,0,0,0,0
56,5,2,0,0,1,1
47,3,0,0,1,0,1
20,1,0,0,1,0,1
93,1,2,0,0,0,1
21,2,0,0,1,0,0
42,2,0,0,0,0,0
54,2,0,0,1,0,1
26,2,0,0,0,0,0
47,2,0,0,1,0,1
40,2,0,0,0,0,0
48,2,1,0,0,0,1
37,2,0,0,0,0,1
34,2,1,0,1,0,0
34,1,0,0,0,0,0
58,2,0,0,0,0,1
76,4,1,0,0,0,1
46,2,1,0,0,0,0
34,2,0,0,1,0,1
37,1,1,0,0,0,1
78,3,0,0,0,0,0
41,3,1,0,1,0,1
149,5,0,0,0,0,1
62,3,1,0,0,0,1
43,4,0,0,0,0,1
85,2,1,0,0,1,1
33,5,0,0,1,0,1
60,2,1,0,0,0,1
67,2,4,0,0,0,0
24,2,0,0,1,0,0
62,1,0,0,0,0,1
62,2,3,0,1,0,0
61,2,1,0,0,0,0
33,2,0,0,1,0,0
56,2,0,0,0,0,0
127,4,1,0,1,0,1
18,2,0,0,0,0,1
40,1,1,0,0,0,1
50,2,0,0,0,0,1
59,5,2,0,0,0,1
38,3,0,0,1,0,1
25,2,0,0,0,0,0
25,2,1,0,0,0,0
25,1,0,0,1,0,1
31,2,0,0,0,0,1
49,3,0,0,0,0,0
42,2,0,0,1,0,1
27,2,0,0,1,0,0
128,4,1,0,1,0,1
76,3,1,0,0,0,0
32,2,0,0,0,0,0
42,3,0,0,1,0,1
21,2,0,0,1,0,0
294,3,1,0,1,0,1
46,3,0,0,0,0,1
41,2,0,0,1,0,0
30,2,0,0,0,0,1
35,2,0,0,0,0,0
102,2,14,0,1,0,0
125,4,1,0,1,0,1
36,2,0,0,0,0,1
93,3,1,0,1,0,0
36,2,1,0,1,0,1
76,2,5,0,0,0,0
55,7,0,0,1,0,1
88,3,1,0,0,0,1
27,2,0,0,0,0,0
62,2,2,0,1,0,0
45,1,2,0,0,0,1
51,2,2,0,1,0,0
261,13,0,0,0,0,1
119,4,0,0,0,0,1
125,4,1,0,0,0,1
92,3,4,0,0,0,0
44,2,3,0,1,0,0
65,3,0,0,0,1,1
19,2,0,0,0,0,0
40,2,0,0,1,0,1
27,2,1,0,0,0,0
29,2,0,0,1,0,0
28,2,0,0,1,0,0
51,2,0,0,0,0,1
25,2,1,0,0,0,0
113,2,1,0,1,0,1
43,2,0,0,0,0,0
47,3,0,0,0,0,0
54,3,0,0,0,0,0
81,7,0,0,0,0,0
77,3,4,0,1,0,0
92,2,1,0,0,0,1
65,4,0,0,1,0,0
44,2,0,0,1,0,1
27,2,0,0,0,0,1
61,4,0,0,0,0,0
28,2,0,0,0,0,0
28,1,0,0,0,0,1
70,2,0,0,1,0,1
32,2,0,0,0,0,0
19,1,0,0,1,0,0
40,2,0,0,0,0,0
50,3,3,0,0,0,1
25,2,0,0,0,0,0
23,2,0,0,1,0,0
34,2,0,0,1,0,1
127,4,1,0,1,0,1
25,2,1,0,1,0,0
25,2,0,0,1,0,0
124,4,1,0,0,0,1
62,2,1,0,0,0,1
243,4,2,0,0,0,1
64,2,2,0,0,0,0
98,1,4,0,0,0,1
20,2,0,0,0,0,0
31,2,0,0,0,0,0
27,2,0,0,0,0,0
83,2,1,0,0,1,1
110,3,1,0,0,1,1
77,1,0,0,0,0,1
49,3,0,0,0,0,0
64,2,0,0,1,0,0
98,4,0,1,0,0,1
33,2,0,0,0,0,0
56,2,0,0,0,0,1
45,2,3,0,1,0,0
39,1,0,0,1,0,1
86,3,0,0,0,0,1
25,1,0,0,1,0,0
96,2,1,0,1,0,1
41,2,0,0,1,0,0
86,4,5,0,1,0,1
50,3,1,0,0,0,1
55,3,2,0,0,0,0
55,2,1,0,1,0,0
48,2,0,0,0,0,1
31,2,0,0,0,0,1
56,3,1,0,0,0,1
29,1,0,0,0,0,1
126,4,1,0,0,0,1
52,2,2,0,1,0,1
70,2,0,0,1,0,1
648,3,1,0,1,1,1
27,3,0,0,1,0,0
70,2,1,0,1,0,1
48,3,0,0,0,0,1
53,2,1,0,0,0,1
57,2,1,0,0,0,1
31,2,0,0,0,0,0
56,2,0,0,1,0,0
128,4,1,0,1,0,1
73,1,10,0,1,0,0
22,2,0,0,0,0,0
49,2,3,0,1,0,0
31,2,0,0,0,0,0
46,2,1,0,0,0,1
35,2,0,0,0,0,0
64,3,1,0,0,0,0
359,22,0,0,0,0,1
26,1,0,0,1,0,0
59,5,0,0,1,0,1
24,3,0,0,1,0,0
89,3,1,0,0,1,1
128,2,4,0,0,0,1
29,2,0,0,0,0,1
45,1,0,0,0,0,1
61,3,0,0,0,0,0
70,5,2,0,1,0,1
439,3,2,0,0,0,1
20,1,0,0,0,0,1
31,2,0,0,0,0,0
127,4,1,0,1,0,1
80,4,9,0,0,0,0
29,2,0,0,1,0,0
56,5,2,0,0,0,1
45,1,2,0,0,0,1
28,1,0,0,1,0,1
29,2,0,0,0,0,0
45,2,0,0,0,0,0
77,1,0,0,0,0,1
29,2,0,0,0,0,0
21,2,0,0,0,0,1
52,2,1,0,1,0,0
47,2,1,0,0,0,0
75,2,0,0,0,0,1
96,1,9,0,1,0,0
99,2,0,0,1,0,1
50,2,0,0,0,0,0
54,2,0,0,0,0,0
54,3,0,0,1,1,1
66,2,0,0,0,0,1
29,2,0,0,0,0,0
55,3,0,0,1,0,0
60,3,0,0,1,0,0
34,2,0,0,1,0,0
37,2,0,0,1,0,0
37,2,2,0,0,0,1
108,4,2,0,1,0,0
56,2,0,0,0,0,1
159,6,0,0,1,0,1
41,2,1,0,0,0,1
122,2,14,0,0,0,0
26,2,0,0,0,0,1
49,2,0,0,1,0,1
71,3,2,0,0,0,0
18,2,0,0,0,0,0
77,3,0,0,0,0,1
46,2,0,0,0,0,0
59,2,1,0,0,0,0
20,3,0,1,0,0,1
51,4,0,0,0,0,1
52,2,1,0,1,0,0
74,2,0,0,0,0,1
42,1,0,0,1,0,0
59,4,0,0,0,0,0
30,2,0,0,1,0,0
77,3,0,0,1,0,1
42,3,1,0,0,0,0
44,1,3,0,1,0,0
28,1,0,0,1,0,0
30,2,0,0,0,0,1
33,2,0,0,0,0,1
61,2,1,0,0,0,1
19,1,1,0,0,0,1
45,2,1,0,0,0,1
35,2,0,0,1,0,0
50,2,0,0,0,0,0
127,4,1,0,1,0,1
47,4,2,0,0,0,1
71,2,4,0,0,0,0
19,1,0,0,0,0,0
42,1,0,0,1,0,1
70,3,0,0,1,0,1
55,3,0,0,0,0,1
342,4,8,0,1,0,1
35,2,0,0,1,0,0
126,4,1,0,1,0,1
31,2,0,0,0,0,0
30,2,0,0,1,0,0
29,3,0,0,1,0,0
123,5,0,0,1,0,1
77,3,3,0,0,0,0
68,2,2,0,1,0,0
64,3,0,0,1,0,1
24,2,1,0,1,0,0
31,2,0,0,0,0,1
34,2,0,0,0,0,0
30,1,1,0,0,0,0
38,2,0,0,1,0,0
51,2,0,0,0,0,1
168,2,1,0,1,0,1
37,2,0,0,0,0,0
114,7,2,0,1,0,1
30,2,0,0,0,0,0
34,2,0,0,1,0,0
49,2,1,0,0,0,1
33,2,0,0,0,0,1
109,3,10,0,0,0,0
128,4,1,0,1,0,1
31,2,0,0,1,0,0
42,1,0,0,0,0,1
147,3,0,0,1,0,1
66,2,1,0,1,0,0
25,3,0,0,0,0,0
71,2,2,0,0,1,1
36,2,2,0,0,0,0
78,4,0,0,1,0,1
177,4,1,0,0,1,1
33,2,0,0,0,0,0
32,2,0,0,1,0,0
53,1,2,0,0,0,0
35,2,0,0,0,0,0
36,2,0,0,0,0,1
62,2,3,0,0,0,0
66,5,2,0,0,0,1
28,2,0,0,0,0,0
43,4,1,0,1,1,1
25,2,0,0,1,0,0
36,2,1,0,0,0,1
41,2,0,0,1,0,1
35,2,0,0,0,0,0
55,2,0,0,1,0,0
43,2,0,0,1,0,1
26,2,1,0,1,0,0
52,2,0,0,0,0,0
25,2,0,0,1,0,0
45,2,0,0,0,0,1
20,3,0,1,0,0,1
74,3,3,0,0,0,0
25,2,0,0,1,0,0
34,2,0,0,0,0,0
56,2,1,0,1,0,1
38,2,0,0,0,0,1
40,2,0,0,0,0,0
45,2,0,0,0,0,1
20,2,0,0,1,0,0
47,1,0,0,1,0,1
38,2,1,0,0,0,0
30,2,0,0,1,0,0
28,3,0,0,1,0,0
96,3,0,0,0,0,1
33,2,0,0,0,0,1
31,1,0,0,1,0,0
83,2,0,0,1,0,1
342,5,6,0,1,0,1
29,1,4,0,0,0,1
24,2,0,0,0,0,0
22,2,0,0,1,0,0
289,3,1,0,1,0,1
62,3,2,0,0,0,0
31,2,0,0,1,0,1
32,3,1,0,1,0,1
29,3,0,0,0,0,0
60,3,1,0,0,0,1
61,2,2,0,0,0,0
26,3,0,0,1,0,0
26,2,0,0,1,0,0
72,2,5,0,1,0,0
88,2,0,0,1,1,1
105,3,7,0,1,0,0
26,1,0,0,0,0,1
41,2,1,0,0,0,1
33,2,0,0,0,0,0
28,2,0,0,1,0,0
71,3,2,0,1,0,1
48,3,1,0,1,0,0
54,2,0,0,1,0,1
80,2,0,0,1,0,1
129,2,2,0,1,0,1
77,1,1,0,0,0,1
46,2,1,0,0,0,0
39,2,0,0,1,0,0
103,1,1,0,0,0,1
268,7,1,0,1,0,1
74,2,4,0,1,0,0
63,2,0,0,0,0,1
62,2,2,0,0,0,1
35,2,0,0,1,0,1
21,2,0,0,0,0,1
48,2,3,0,0,0,0
28,2,0,0,0,0,1
48,3,0,0,1,0,0
76,2,1,0,0,0,1
43,4,0,1,0,0,1
23,1,1,0,0,0,1
45,3,0,0,0,0,0
44,2,1,0,1,0,1
79,3,1,0,0,0,1
51,2,0,0,0,0,0
77,2,2,0,0,1,1
111,3,4,0,1,0,0
51,3,0,0,0,0,1
39,2,2,0,0,0,1
49,3,0,0,1,0,0
56,4,1,0,0,0,1
50,3,1,1,0,0,1
39,2,0,0,0,0,0
32,2,0,0,1,0,0
124,5,0,0,1,0,1
154,2,2,0,1,0,1
45,2,0,0,0,0,1
27,2,0,0,0,0,1
34,2,1,0,1,0,1
47,2,0,0,0,0,0
41,1,0,0,0,0,1
49,2,1,0,0,0,1
29,1,0,0,1,0,0
81,2,0,0,0,0,1
35,2,1,0,0,0,0
24,3,0,0,0,0,0
29,2,0,0,1,0,1
28,2,0,0,0,0,0
38,2,3,0,0,0,1
25,2,0,0,1,0,0
88,3,5,0,0,0,1
35,2,1,0,1,0,1
196,3,20,0,0,0,1
75,4,1,0,0,0,0
124,5,0,0,1,0,1
22,2,0,0,0,0,0
46,3,0,0,0,0,0
33,1,0,0,0,0,1
32,2,0,0,1,0,0
81,1,1,0,0,0,1
49,2,2,0,0,0,0
33,2,0,0,0,0,1
43,3,0,0,0,0,0
47,3,0,0,1,0,0
45,2,0,0,0,0,1
54,2,0,0,1,0,1
121,2,17,0,1,0,0
72,2,6,0,0,0,0
59,3,3,0,1,0,0
31,2,0,0,0,0,0
21,3,0,0,0,0,0
35,2,0,0,0,0,0
37,2,0,0,1,0,0
28,2,0,0,1,0,0
30,2,0,0,1,0,0
128,4,1,0,1,0,1
27,1,0,0,0,0,1
70,2,1,0,0,0,1
83,2,8,0,1,0,0
25,2,0,0,0,0,0
69,2,1,0,0,0,1
29,3,0,0,1,0,0
40,2,0,0,0,0,0
37,2,0,0,1,0,0
123,2,0,0,0,0,1
20,1,0,0,0,0,0
44,1,1,0,0,0,0
75,2,5,0,0,0,0
36,2,0,0,1,0,0
60,5,0,0,0,1,1
360,4,13,0,0,0,1
108,3,1,0,1,0,1
118,3,5,0,1,0,0
31,1,0,0,1,0,1
25,2,0,0,0,0,1
25,2,0,0,0,0,0
50,3,0,0,0,0,0
46,2,0,0,0,0,1
51,1,0,0,1,0,0
41,2,0,0,0,0,1
47,3,0,0,0,0,1
93,5,1,0,0,0,1
78,4,2,0,1,0,1
83,1,1,0,1,0,1
21,2,0,0,1,0,0
74,2,4,0,1,0,0
34,4,0,0,0,0,1
36,2,0,0,0,0,0
39,2,0,0,0,0,1
46,2,0,0,0,1,1
67,1,5,0,0,0,0
73,4,0,0,0,1,1
119,2,2,0,0,0,0
146,6,4,0,1,0,1
47,1,1,0,0,0,1
50,3,0,0,0,0,0
39,2,0,0,1,0,1
44,3,1,0,0,0,1
123,3,12,0,0,0,0
60,2,0,0,0,0,0
38,2,1,0,0,0,1
77,1,0,0,0,0,1
57,2,3,0,0,0,0
36,2,0,0,0,0,1
41,2,0,0,0,0,1
158,4,0,0,0,0,1
69,2,1,0,0,0,0
40,1,0,0,1,0,0
39,2,0,0,1,0,0
41,3,1,0,0,0,0
86,2,1,0,0,0,1
48,3,2,0,1,1,1
46,3,0,0,0,0,1
56,2,3,0,1,0,0
34,2,0,0,1,0,0
32,1,0,0,1,0,1
45,3,0,0,1,0,1
56,3,0,0,1,0,0
62,4,0,0,0,1,1
39,2,0,0,0,0,0
32,2,0,0,0,0,0
27,2,0,0,1,0,0
22,2,0,0,0,0,1
74,2,14,0,0,0,0
51,3,0,0,0,0,0
28,2,1,0,1,0,0
30,2,0,0,0,0,0
27,2,0,0,1,0,0
37,2,0,0,1,0,0
84,2,2,0,0,1,1
126,4,1,0,1,0,1
154,6,0,0,0,0,1
70,3,1,0,0,0,0
34,2,2,0,1,0,1
47,4,2,0,1,0,1
40,2,0,0,1,0,0
48,4,2,0,0,0,1
55,2,4,0,1,0,0
128,4,1,0,1,0,1
49,2,0,0,0,0,0
63,2,1,0,1,0,0
27,1,1,0,0,0,1
72,2,0,0,1,0,1
36,2,0,0,1,0,0
392,24,0,1,0,0,1
64,2,1,0,0,0,0
77,2,4,0,0,0,0
53,2,0,0,0,0,0
47,3,3,0,0,0,0
67,3,1,0,0,0,0
51,3,1,0,1,0,0
70,3,0,0,0,0,0
69,4,0,0,1,0,1
26,2,0,0,1,0,0
45,4,1,0,1,0,1
66,2,2,0,0,0,0
70,2,1,0,0,0,1
71,4,0,0,0,0,0
51,2,1,0,0,0,0
41,3,1,0,1,0,0
44,2,0,0,1,0,0
86,2,0,0,1,0,0
132,3,0,0,1,0,1
25,2,0,0,0,0,0
89,4,0,0,0,0,1
39,2,1,0,1,0,1
42,5,0,0,0,0,1
39,2,1,0,1,0,0
31,2,0,0,0,0,1
36,2,0,0,0,0,0
18,2,0,0,0,0,0
53,4,2,0,0,0,1
71,3,0,0,1,0,0
51,3,0,0,0,0,1
78,2,4,0,1,0,0
46,2,0,0,0,0,1
43,2,0,0,0,0,0
57,2,0,0,0,1,1
66,2,1,0,0,0,1
49,2,0,0,1,0,1
20,2,0,0,1,0,0
29,2,0,0,0,0,1
40,2,2,0,0,0,0
61,1,4,0,0,0,0
38,3,0,0,0,1,1
30,2,0,0,1,0,0
108,3,1,0,0,0,0
20,2,0,0,1,0,0
75,3,3,0,1,0,0
77,3,4,0,0,0,0
28,2,0,0,1,0,0
69,1,0,0,0,0,1
39,2,0,0,1,0,1
66,1,0,0,1,0,1
58,2,2,0,1,0,0
67,3,1,0,1,0,1
35,3,0,0,0,1,1
34,2,1,0,1,0,1
50,1,0,0,0,0,1
34,2,0,0,1,0,1
98,2,2,0,0,0,1
126,3,4,0,0,0,1
21,2,0,0,0,0,0
41,3,2,0,0,0,1
62,2,4,0,0,0,1
29,2,0,0,1,0,0
26,2,0,0,0,0,1
31,2,1,0,1,0,0
45,2,1,0,0,0,0
55,2,1,0,0,0,1
44,2,0,0,1,0,1
77,1,0,0,0,0,1
23,2,0,0,1,0,0
30,2,0,0,0,0,1
36,2,0,0,0,0,1
87,4,1,0,1,0,1
39,2,1,0,0,0,1
59,2,3,0,1,0,0
43,3,1,0,0,0,1
25,2,0,0,0,0,0
133,2,1,0,0,0,1
52,2,0,0,0,0,1
84,2,5,0,1,0,0
38,2,0,0,0,0,0
27,2,0,0,1,0,0
23,2,0,0,0,0,0
33,2,0,0,0,0,0
69,4,0,0,1,0,0
122,16,2,0,0,0,1
29,2,1,0,0,0,0
25,2,1,0,0,0,1
29,2,0,0,0,0,0
80,2,0,0,0,0,1
27,2,0,0,1,0,0
36,2,0,0,1,0,0
42,3,0,0,0,0,0
50,2,0,0,1,0,0
159,4,0,0,0,0,1
42,4,0,1,0,0,1
66,5,2,0,1,1,1
41,2,0,0,0,0,0
41,2,0,0,1,0,0
27,2,0,0,0,0,0
47,2,0,0,1,0,0
89,3,0,0,0,1,1
19,1,0,0,1,0,1
60,2,1,0,0,0,0
43,2,0,0,1,0,0
58,3,0,0,0,0,0
396,24,0,1,0,0,1
84,3,0,0,1,0,0
100,2,7,0,0,0,1
33,2,0,0,1,0,0
107,3,1,0,0,0,1
58,2,0,0,0,0,1
60,1,4,0,0,0,0
59,3,1,0,0,0,0
28,2,0,0,0,0,0
46,3,0,0,0,0,0
51,6,0,0,1,0,1
38,2,0,0,0,0,0
52,3,0,0,1,0,1
38,2,1,0,0,0,0
30,1,0,0,0,1,1
34,2,0,0,1,0,0
58,2,0,0,1,0,1
36,2,0,0,1,0,1
83,3,1,0,1,0,0
100,3,1,0,0,0,1
32,2,0,0,0,0,1
80,2,2,0,0,0,0
30,2,0,0,1,0,0
72,3,1,0,1,1,1
47,2,2,0,1,0,1
25,1,0,0,0,0,0
23,3,0,0,1,0,0
15,1,0,0,0,0,0
48,2,1,0,0,0,0
27,2,1,0,1,0,1
72,2,3,0,1,0,0
80,3,2,0,1,0,1
55,5,0,0,0,1,1
52,4,1,0,1,1,1
70,1,0,0,0,0,1
89,3,4,0,0,0,0
31,2,2,0,1,0,0
31,2,1,0,1,0,0
51,3,0,0,1,1,1
21,2,0,0,0,0,0
19,2,0,0,0,0,1
51,3,0,0,0,0,0
33,2,0,0,0,0,0
122,2,3,0,1,0,1
24,3,0,0,1,0,0
44,5,0,0,0,0,1
25,3,0,0,1,0,0
46,2,3,0,0,0,0
38,2,0,0,0,0,0
40,2,1,0,0,1,1
22,2,0,0,1,0,0
73,2,2,0,1,0,0
114,3,6,0,0,0,0
24,2,0,0,0,0,1
46,1,1,0,0,0,1
50,3,0,0,0,0,1
116,4,0,0,0,0,1
46,2,2,0,1,0,0
55,3,1,0,1,0,1
35,2,0,0,0,0,0
31,1,0,0,0,0,0
45,4,0,0,0,0,1
28,2,0,0,1,0,0
213,4,3,0,1,0,1
23,1,0,0,1,0,0
24,2,0,0,0,0,0
52,1,3,0,0,0,0
24,2,0,0,0,0,0
61,1,0,0,0,0,1
44,1,0,0,0,1,1
25,2,0,0,1,0,0
77,1,6,0,0,0,0
25,3,0,0,0,0,0
29,2,0,0,1,0,0
47,2,0,0,0,0,0
29,1,0,0,0,0,1
69,4,1,0,0,1,1
35,2,0,0,0,0,0
28,2,0,0,1,0,0
91,2,1,0,0,0,1
32,2,0,0,1,0,0
107,3,1,0,0,0,1
48,6,0,0,0,1,1
101,3,0,0,0,1,1
26,2,0,0,1,0,0
76,3,0,0,0,0,0
33,2,0,0,0,0,0
62,4,0,0,0,0,0
59,3,0,0,0,0,1
67,1,0,0,0,0,1
53,3,0,0,0,0,0
61,2,0,0,1,0,0
38,2,0,0,0,0,1
53,2,0,0,0,0,1
126,4,1,0,0,0,1
100,3,5,0,0,0,0
102,1,1,0,0,0,1
61,3,0,0,0,0,0
41,3,1,0,1,0,1
118,4,0,0,0,0,1
51,4,2,0,0,0,1
25,3,0,0,1,0,0
31,1,0,0,1,0,1
39,1,0,0,0,0,1
62,2,5,0,0,0,0
69,2,1,0,0,0,1
55,2,1,0,0,0,1
157,3,0,0,0,1,1
22,2,1,0,0,0,1
70,2,2,0,0,0,0
65,3,2,0,0,0,0
109,3,1,0,0,0,1
40,2,0,0,1,0,1
68,1,1,0,0,0,1
38,2,0,0,1,1,1
22,2,0,0,1,0,0
30,2,1,0,1,0,0
33,2,0,0,0,0,1
43,2,0,0,1,0,0
80,3,6,0,0,0,0
47,5,0,0,0,0,1
81,5,0,0,1,0,1
57,3,0,0,1,0,1
32,3,1,0,0,0,1
47,3,0,0,0,0,1
71,2,4,0,1,0,0
55,2,2,0,1,0,1
126,4,1,0,0,0,1
141,2,2,0,1,0,1
127,4,1,0,0,0,1
99,2,0,0,0,0,0
42,2,0,0,0,0,1
74,4,1,0,1,0,0
59,2,3,0,0,0,0
25,2,0,0,0,0,1
319,4,8,0,1,0,1
40,3,0,0,0,0,1
32,2,1,0,0,0,1
50,2,2,0,0,0,0
53,2,0,0,0,0,1
40,2,4,0,0,0,0
28,2,0,0,0,0,0
26,2,0,0,1,0,0
34,1,0,0,0,0,0
282,3,1,0,1,0,1
58,5,0,0,0,0,1
129,2,11,0,1,0,0
34,2,0,0,0,0,0
54,2,0,0,0,0,0
38,1,1,0,1,0,1
40,2,1,0,0,0,0
28,2,2,0,1,0,0
32,1,0,0,1,0,1
27,2,0,0,1,0,0
36,4,0,0,1,0,1
51,3,0,0,0,0,1
53,4,0,1,0,0,1
21,1,0,0,0,0,0
92,2,7,0,0,0,0
42,2,1,0,0,0,1
25,2,0,0,1,0,0
30,1,1,0,1,0,1
24,2,0,0,1,0,0
35,2,0,0,1,0,0
33,2,1,0,0,0,0
50,2,1,0,0,0,1
117,4,1,0,0,0,0
49,1,1,0,1,0,1
135,2,11,0,0,0,0
27,2,0,0,0,0,0
46,5,0,0,0,0,1
55,3,3,0,0,0,0
71,2,1,0,0,0,1
27,2,0,0,0,0,0
24,2,0,0,0,0,0
42,3,0,1,0,0,1
24,2,0,0,1,0,0
90,4,6,0,1,0,0
42,3,2,0,0,0,0
102,1,1,0,0,0,1
28,1,0,0,0,0,0
23,3,0,0,1,0,0
21,2,0,0,0,0,0
45,1,0,0,0,0,1
276,4,0,0,0,1,1
38,2,0,0,0,0,1
46,1,1,0,1,0,1
23,2,0,0,0,0,0
125,2,1,0,1,0,1
236,2,1,0,0,1,1
40,2,1,0,1,0,0
24,2,0,0,0,0,0
92,6,2,0,1,0,1
35,2,0,0,1,0,1
45,1,0,0,0,0,1
33,1,1,0,1,0,1
76,3,1,0,0,0,1
56,3,0,0,0,0,0
27,2,0,0,1,0,0
43,2,0,0,1,0,0
13,1,0,0,0,0,0
29,2,0,0,1,0,0
79,3,7,0,1,0,0
36,2,0,0,0,0,0
28,3,0,1,0,0,1
24,1,0,0,0,0,1
97,2,2,0,0,0,1
238,15,2,0,0,1,1
82,2,0,0,1,0,1
22,1,0,0,0,0,0
49,2,1,0,0,0,0
64,1,8,0,0,0,0
43,2,1,0,0,0,0
48,2,0,0,0,0,1
71,2,0,0,0,0,1
81,2,0,0,0,0,1
54,2,2,0,1,0,1
29,2,0,0,0,0,1
31,2,0,0,1,0,0
31,2,0,0,1,0,0
24,2,0,0,1,0,0
35,2,0,0,0,1,1
30,3,0,0,0,0,1
45,3,1,0,0,0,0
21,1,0,0,0,0,1
90,3,6,0,1,0,0
31,2,0,0,0,0,0
99,3,0,0,0,0,0
55,2,0,0,1,0,0
62,1,0,0,0,0,1
37,2,0,0,0,0,0
62,3,1,0,0,0,0
33,1,0,0,0,0,0
61,3,3,0,1,0,0
30,2,0,0,0,0,0
123,5,0,0,1,0,1
46,3,1,0,0,0,0
63,3,2,0,1,0,0
43,1,0,0,1,0,1
137,2,2,0,1,0,1
43,3,0,0,0,0,0
47,4,2,0,1,0,1
24,2,0,0,1,0,0
49,1,1,0,0,0,1
53,2,2,0,0,0,0
23,2,0,0,1,0,0
45,2,0,0,0,0,1
83,4,4,0,1,0,0
128,4,1,0,1,0,1
58,3,1,0,0,0,0
26,2,1,0,1,0,0
29,1,0,0,1,0,1
45,3,0,0,1,0,1
28,2,0,0,1,0,0
30,2,0,0,1,0,0
21,2,0,0,0,0,1
128,4,1,0,1,0,1
38,2,0,0,1,0,1
41,4,0,1,0,0,1
71,3,4,0,0,0,0
32,2,0,0,1,0,0
436,3,2,0,0,0,1
49,2,0,0,0,0,1
121,5,4,0,1,0,1
37,3,0,0,0,0,1
67,2,1,0,0,0,1
81,2,1,0,0,0,1
61,3,0,0,0,0,0
32,2,0,0,1,0,0
41,4,0,0,0,0,1
27,2,0,0,1,0,0
26,2,0,0,1,0,0
95,2,7,0,1,0,0
54,2,1,0,0,0,1
84,3,5,0,0,0,0
36,2,0,0,1,0,0
117,2,1,0,0,0,1
91,3,1,0,1,0,1
56,4,2,0,0,0,1
36,2,0,0,0,1,1
44,5,0,0,0,0,1
26,2,0,0,0,0,1
25,1,0,0,1,0,1
56,5,0,0,0,0,0
35,3,0,0,0,0,0
47,3,0,0,0,0,1
20,1,1,0,1,0,0
59,4,1,0,1,0,1
55,2,2,0,0,0,0
56,3,0,0,0,0,0
60,2,1,0,0,0,1
58,2,4,0,1,0,1
113,2,3,0,1,0,1
118,4,0,0,0,0,1
51,4,0,0,0,0,0
51,2,0,0,0,0,0
33,2,0,0,1,0,0
19,2,0,0,1,0,0
111,2,1,0,0,0,1
26,2,0,0,0,0,0
28,2,0,0,0,0,0
37,2,0,0,1,0,1
126,3,1,0,0,0,1
27,2,0,0,0,0,0
61,3,3,0,0,0,0
164,3,1,0,0,1,1
43,4,0,0,0,0,1
42,3,0,0,0,0,0
37,4,0,0,0,0,1
65,2,1,0,0,1,1
53,2,0,0,0,0,1
52,2,0,0,0,0,0
57,4,3,0,1,0,1
30,2,1,0,1,0,0
81,4,0,0,0,0,0
48,2,1,0,1,0,1
59,4,2,0,1,0,1
27,2,0,0,1,0,0
55,2,2,0,0,0,0
26,2,0,0,1,0,0
54,2,1,0,0,0,1
101,3,7,0,0,0,0
105,2,6,0,1,0,0
118,3,2,0,1,0,1
38,3,1,0,0,0,1
40,2,0,0,1,0,0
95,3,6,0,0,0,0
22,2,0,0,1,0,0
25,2,0,0,0,0,0
31,3,0,0,1,0,1
57,2,0,0,1,0,1
46,2,0,0,1,0,0
115,4,0,0,0,0,1
109,2,8,0,1,0,0
41,2,1,0,1,0,0
25,2,0,0,1,0,0
65,3,1,0,0,0,1
23,1,0,0,0,0,1
132,3,0,0,1,0,1
81,2,0,0,0,0,1
26,2,0,0,1,0,0
121,5,0,0,0,0,1
17,1,0,0,0,0,0
19,1,0,0,1,0,1
29,2,0,0,0,0,0
23,2,0,0,1,0,0
42,3,0,0,0,1,1
124,5,0,0,1,0,1
30,2,0,0,0,0,0
167,5,0,0,0,1,1
28,1,0,0,0,0,1
26,2,0,0,1,0,0
30,2,0,0,1,0,0
30,2,1,0,0,0,0
44,2,0,0,0,1,1
48,4,0,0,0,0,1
43,3,0,0,0,0,0
44,2,0,0,1,0,0
43,2,3,0,1,0,0
69,2,1,0,0,1,1
27,2,0,0,1,0,0
326,6,6,0,1,1,1
31,1,0,0,0,0,1
76,1,0,0,0,0,1
136,5,1,0,1,1,1
78,3,0,0,0,0,0
73,2,0,0,0,0,1
46,3,0,0,1,0,0
29,2,0,0,0,0,1
41,3,0,0,0,0,0
70,5,3,0,0,1,1
45,2,0,0,0,0,0
38,2,0,0,0,0,1
128,5,1,0,0,0,1
29,2,0,0,1,0,0
28,1,0,0,1,0,1
27,2,0,0,1,0,0
69,4,0,0,1,0,1
27,2,0,0,0,0,0
89,3,0,0,1,0,1
86,4,0,0,0,0,1
21,2,0,0,0,0,0
39,2,0,0,0,0,1
54,3,1,0,0,0,0
33,2,0,0,0,0,0
32,1,0,0,0,0,1
37,3,0,0,0,1,1
45,1,1,0,1,0,1
35,2,0,0,0,0,1
30,2,1,0,1,0,1
30,2,0,0,1,0,0
69,3,2,0,0,0,0
26,1,0,0,1,0,1
52,2,1,0,0,0,0
53,2,0,0,0,0,0
115,4,0,0,0,0,1
41,2,0,0,1,0,1
121,1,5,0,0,0,1
47,1,1,0,0,0,1
69,2,1,0,0,1,1
64,5,2,0,1,0,1
75,2,2,0,0,0,1
121,7,1,0,0,1,1
32,2,0,0,0,0,1
54,2,1,0,0,0,0
42,2,0,0,1,0,0
53,3,3,0,0,0,0
34,2,0,0,0,0,0
31,2,0,0,1,0,0
48,3,1,0,0,0,0
66,3,3,0,0,0,0
41,3,3,0,0,0,1
44,4,0,0,0,0,0
28,2,0,0,0,0,0
84,2,8,0,0,0,0
30,1,0,0,0,0,0
50,3,0,0,0,0,1
76,2,1,0,0,1,1
32,2,0,0,0,0,1
47,2,2,0,0,0,0
43,3,0,0,0,0,0
39,2,0,0,0,0,0
44,3,0,0,0,0,0
128,4,1,0,1,0,1
91,1,6,0,0,0,0
79,3,3,0,1,0,1
59,3,0,0,0,0,0
25,2,0,0,1,0,0
33,2,0,0,0,0,0
33,3,0,0,0,0,1
33,2,0,0,1,0,1
36,4,0,1,0,0,1
56,3,2,0,1,0,0
35,2,0,0,0,0,0
38,2,0,0,0,0,0
68,4,0,0,0,0,1
129,2,1,0,1,0,1
72,5,2,0,0,0,1
49,3,0,0,0,0,0
23,2,0,0,1,0,0
259,3,3,0,0,1,1
40,2,1,0,0,0,1
47,1,1,0,1,0,1
26,2,0,0,0,0,0
42,2,0,0,0,0,0
68,2,1,0,0,0,1
34,3,0,0,0,0,1
72,4,0,0,1,0,0
50,3,0,0,0,0,1
27,2,0,0,0,0,1
122,5,0,0,1,0,1
67,3,0,0,0,0,0
90,3,1,0,0,0,1
65,2,6,0,1,0,0
37,2,0,0,1,0,0
26,1,0,0,1,0,1
60,1,0,0,0,0,1
18,1,0,0,0,0,1
71,3,1,0,0,0,1
110,3,2,0,1,0,1
52,2,1,0,0,0,1
113,2,0,0,1,0,1
42,2,1,0,0,0,1
32,2,0,0,0,0,1
132,2,1,0,1,0,1
46,3,0,0,0,0,1
29,2,0,0,1,0,0
44,1,0,0,1,0,0
63,3,2,0,1,0,0
44,2,0,0,1,0,0
32,2,1,0,0,0,0
38,2,0,0,1,0,0
201,2,0,0,0,0,1
79,3,5,0,0,0,0
50,2,2,0,0,0,0
36,3,0,0,1,0,1
34,2,0,0,0,0,1
126,4,1,0,0,0,1
29,2,0,0,1,0,1
50,2,0,0,1,0,0
65,2,0,0,0,0,0
19,1,0,0,0,0,0
66,3,3,0,0,0,0
50,2,0,0,0,0,0
104,3,0,0,0,0,0
89,2,6,0,1,0,0
53,2,0,0,0,0,1
47,2,0,0,0,0,1
58,3,1,0,0,0,0
27,2,0,0,1,0,0
35,2,1,0,1,0,1
32,2,1,0,1,0,0
117,4,0,0,0,0,1
43,2,0,0,1,0,0
73,1,3,0,0,0,0
58,3,0,0,0,0,0
121,2,0,0,0,0,1
43,2,1,0,1,0,0
48,2,0,0,0,0,1
55,2,1,0,1,0,0
34,2,0,0,0,0,1
47,3,0,0,0,0,1
162,1,12,0,0,0,1
47,2,0,0,1,0,1
76,3,3,0,1,0,0
80,1,5,0,1,0,0
65,2,3,0,0,0,1
53,2,3,0,0,0,0
56,2,0,0,1,0,0
28,2,1,0,0,0,0
26,2,0,0,0,0,0
47,3,0,0,0,0,1
101,2,1,0,1,0,1
210,2,0,0,1,1,1
99,1,2,0,1,0,1
46,4,0,0,0,0,1
90,2,4,0,0,0,0
57,2,1,0,0,0,1
23,2,0,0,0,0,0
32,2,0,0,0,0,1
160,2,1,0,1,0,1
28,2,0,0,0,0,0
25,2,0,0,1,0,1
24,2,0,0,0,0,0
129,2,4,0,0,0,1
42,2,2,0,0,0,0
34,2,0,0,0,0,0
112,3,1,0,0,0,1
66,3,2,0,0,0,1
33,2,0,0,0,0,1
44,2,1,0,0,0,0
31,1,1,0,0,0,1
78,4,1,0,1,0,1
28,2,0,0,0,0,0
20,2,0,0,0,0,0
23,2,0,0,1,0,0
52,3,1,0,0,1,1
23,2,1,0,0,0,0
43,3,0,0,0,0,1
46,2,2,0,1,0,0
59,2,0,0,1,0,0
126,2,1,0,1,0,1
48,2,0,0,0,0,1
26,2,0,0,0,0,0
40,2,1,0,0,0,1
39,2,0,0,0,0,1
28,2,0,0,0,0,1
33,2,0,0,1,0,1
53,2,3,0,1,0,1
19,2,0,0,0,0,1
32,2,0,0,1,0,1
25,2,0,0,1,0,1
57,3,1,0,0,0,1
24,3,0,0,1,0,0
54,2,2,0,0,0,0
23,2,0,0,0,0,0
66,2,1,0,0,0,0
125,4,1,0,0,0,1
58,2,1,0,0,0,1
83,2,1,0,1,0,0
23,2,0,0,1,0,0
74,3,4,0,0,0,0
42,3,1,0,0,0,0
37,2,0,0,1,0,1
56,4,0,0,0,0,1
77,1,4,0,0,0,0
29,2,0,0,1,0,0
26,2,0,0,1,0,0
38,2,0,0,1,0,0
49,2,0,0,1,0,0
80,2,5,0,0,0,0
30,2,0,0,1,0,0
53,5,0,0,0,0,1
75,3,4,0,1,0,0
73,1,1,0,0,0,1
31,2,0,0,0,0,0
31,2,0,0,0,0,0
48,2,1,0,1,0,1
46,2,0,0,0,0,0
63,1,5,0,0,0,0
81,2,0,0,0,0,1
32,3,0,0,0,0,1
29,2,1,0,0,0,0
43,2,0,0,0,0,1
28,2,0,0,0,0,0
27,2,0,0,0,0,1
52,3,0,0,0,0,0
84,3,6,0,0,0,0
30,2,0,0,1,0,1
68,4,0,0,0,0,1
53,3,2,0,0,0,0
36,2,0,0,1,0,0
42,3,0,0,0,0,0
43,3,0,0,0,0,1
39,2,0,0,0,0,1
48,2,0,0,1,0,0
21,2,0,0,1,0,0
34,2,0,0,1,0,0
128,4,1,0,1,0,1
25,2,0,0,0,0,0
42,2,0,0,0,0,0
34,3,0,0,0,0,0
54,3,3,0,0,0,0
61,1,1,0,0,0,1
64,2,0,0,0,0,1
19,2,0,0,1,0,0
22,3,0,1,0,0,1
71,2,3,0,0,0,0
20,1,0,0,0,0,1
31,3,0,0,0,0,0
26,2,0,0,1,0,0
70,3,2,0,0,0,0
40,2,0,0,1,0,0
38,3,0,0,1,0,1
16,2,0,0,0,0,0
63,2,0,0,0,0,0
27,2,0,0,1,0,0
21,3,0,0,0,0,0
63,2,3,0,1,0,0
38,3,1,0,0,0,1
49,4,0,0,0,0,1
56,4,3,0,0,0,1
24,1,0,0,1,0,1
52,3,0,0,0,0,0
62,5,0,0,0,0,1
97,2,1,0,0,0,1
183,4,12,0,0,1,1
58,2,3,0,0,0,0
72,2,3,0,0,0,1
44,2,0,0,0,0,0
151,3,1,0,0,0,1
74,2,5,0,0,0,0
40,2,0,0,0,1,1
43,3,0,0,0,0,0
130,3,5,0,0,0,0
85,2,7,0,1,0,1
16,1,0,0,0,0,0
81,2,1,0,0,0,1
43,3,0,0,0,0,0
34,2,0,0,0,0,1
73,3,3,0,0,0,0
76,5,4,0,1,0,0
120,3,6,0,0,0,0
28,1,0,0,1,0,1
40,2,1,0,0,0,0
69,1,1,0,0,0,1
55,2,1,0,1,0,1
46,3,0,0,0,1,0
33,2,0,0,1,0,0
41,2,4,0,0,0,0
62,3,1,0,0,0,1
51,2,0,0,0,0,1
39,2,0,0,1,0,0
43,2,0,0,1,0,0
46,3,1,0,0,0,1
48,2,0,0,1,0,1
35,2,3,0,0,0,1
82,1,9,0,0,0,0
29,2,0,0,1,0,0
46,1,0,0,0,0,1
32,2,0,0,1,0,0
48,4,0,0,0,1,1
78,5,3,0,0,1,1
32,1,1,0,0,0,0
58,4,3,0,0,1,1
46,3,0,0,0,0,1
33,1,0,0,1,0,1
24,2,0,0,1,0,0
25,3,0,0,1,0,1
97,3,8,0,1,0,0
27,2,0,0,0,0,0
97,5,1,0,0,1,1
20,2,0,0,0,0,0
126,3,0,0,1,1,1
124,4,1,0,0,0,1
53,2,0,0,0,0,0
57,4,0,0,0,0,1
106,2,1,0,0,0,1
28,2,0,0,1,0,0
76,2,0,0,0,0,1
275,3,1,0,0,1,1
39,2,1,0,1,0,1
18,1,1,0,0,0,0
45,2,0,0,1,0,0
23,2,0,0,1,0,0
127,4,1,0,1,0,1
36,2,0,0,0,0,0
64,1,0,0,0,0,1
27,2,0,0,1,0,0
37,1,0,0,1,0,0
23,1,1,0,1,0,1
76,4,3,0,0,0,1
132,3,2,0,1,0,1
47,1,3,0,0,0,0
58,2,0,0,0,0,1
58,2,3,0,0,0,0
147,2,0,0,0,0,1
105,3,5,0,0,1,1
40,2,0,0,0,0,1
58,2,0,0,1,0,0
38,1,3,0,1,0,1
56,3,0,0,0,0,0
76,2,7,0,0,0,0
132,3,0,0,1,0,1
24,2,0,0,0,0,1
23,2,0,0,0,0,0
32,2,0,0,1,0,1
907,6,10,0,1,1,1
71,3,0,0,0,0,0
22,2,1,0,0,0,1
96,3,6,0,1,0,0
41,2,0,0,0,0,0
47,2,0,0,1,0,1
57,2,0,0,1,0,0
45,3,0,0,1,0,0
58,2,2,0,1,0,0
20,1,0,0,0,0,1
126,3,4,0,0,0,1
25,2,0,0,1,0,0
71,2,1,0,0,0,1
26,2,1,0,1,0,1
40,1,0,0,0,0,0
34,2,1,0,1,0,1
49,3,0,0,0,1,1
31,2,1,0,1,0,0
28,2,0,0,0,0,0
13,1,0,0,0,0,0
28,2,1,0,1,0,0
34,2,0,0,1,0,0
42,2,0,0,1,0,0
128,4,1,0,1,0,1
68,4,0,0,0,0,1
25,2,0,0,1,0,0
179,3,1,0,0,1,1
56,1,3,0,0,0,0
52,3,0,0,0,0,1
51,3,2,0,1,0,1
37,2,0,0,0,0,0
58,5,2,0,1,0,1
47,1,1,0,1,0,1
32,2,0,0,0,0,0
50,2,1,0,0,0,0
33,2,0,0,0,0,1
61,3,2,0,1,0,0
31,2,0,0,1,0,0
43,1,0,0,0,0,1
29,1,0,0,0,0,1
45,2,1,0,1,0,0
38,2,0,0,0,0,1
63,3,0,0,0,0,1
55,3,0,0,0,0,0
22,2,0,0,0,0,0
51,3,0,0,0,0,0
76,1,0,0,0,0,1
76,4,1,0,0,0,1
60,3,0,0,1,0,0
34,2,1,0,0,0,0
41,3,0,0,1,0,0
50,3,0,0,0,0,0
131,7,0,0,1,0,1
56,5,2,0,1,0,1
58,1,2,0,0,0,1
24,2,0,0,0,0,0
37,3,0,0,0,0,0
41,2,2,0,1,0,0
47,1,0,0,0,0,1
56,2,0,0,0,0,0
102,6,0,0,0,1,1
83,2,1,0,0,0,0
22,1,1,0,0,0,1
63,3,2,0,1,0,1
28,2,0,0,0,0,0
67,2,2,0,0,0,1
47,3,0,0,1,0,0
24,2,0,0,1,0,0
