url,source
http://thapthan.ac.th/information/confirmation/110dpbox/page/486743eb73799618ccfe5f14ca95b9a8,cleaned_train.csv label=1
http://app.dialoginsight.com/T/OFC4/L2S/3888/B2685608/XRKO/737015/27934048/Ehc0TG/1/1627685/VdR2nPao/I/749903/y3ULZ4.html,cleaned_train.csv label=1
http://netarafta.com/fresh/onedri/one/index.php,cleaned_train.csv label=1
http://stpaulsdillsburg.com/administrator/images/outlook/index.php,cleaned_train.csv label=1
https://magalu-crediarioluiza.com/Produto_20203/produto.php?sku=1962067,cleaned_train.csv label=1
https://jimryky.blogspot.com/2018/11/syempaxxx.html,cleaned_train.csv label=1
http://viccats.camcam.dns-cloud.net/Verify/YahooVerification/873a2c86e025cde5e6a50432e726233d/index2.php,cleaned_train.csv label=1
http://www.goepsa.com/Old%20Files/yahoo/IDCHECK.html,cleaned_train.csv label=1
http://www.cndoubleegret.com/admin/secure/cmd-login=ffa9cbde0d3cf9051af20b1737013098/?reff=MDc2ZGI2YTUxNWQ5YTQzZmI1YzNlZjJhNTE3MmVhOGM=&amp;user=abuse@iveco.com,cleaned_train.csv label=1
http://poligrafiapias.com/Secured-adobe/2b078be1175659f354b82191320e7c51/,cleaned_train.csv label=1
http://antz.co.in/include/5hkl.html,cleaned_train.csv label=1
http://148.204.63.249/users/sign_in,cleaned_train.csv label=1
http://satkom.id/img/clpds/index.php,cleaned_train.csv label=1
http://whattsapp2020.ygto.com/,cleaned_train.csv label=1
http://www.pfsoftware.in/uejd832heokjn/update.html,cleaned_train.csv label=1
http://sp963460.sitebeat.site/,cleaned_train.csv label=1
https://what-appinvited01.2waky.com/,cleaned_train.csv label=1
https://de-tailor.com/xleans/news,cleaned_train.csv label=1
http://mundovirtualhabbo.blogspot.com/2009_01_01_archive.html,cleaned_train.csv label=1
https://webmailc9myvahktvcep9wzn7ae7yxlvf1leo.s3-us-west-2.amazonaws.com/index.htm?c=%7B%7Bemail%7D%7D,cleaned_train.csv label=1
http://apple.com.aieuv.cn/mim/794p79tf3had4a4688808522087mi41h5e9509v8u33e0ada97.html,cleaned_train.csv label=1
https://www.123formbuilder.com/form-4850478/,cleaned_train.csv label=1
http://www.m9e4.com/labanquepostale.fr/service-mobile-pass/ac451/messagerie.php,cleaned_train.csv label=1
http://graceleadershipfoundation.org/modules/mod_simplefileuploadv1.3/connect/,cleaned_train.csv label=1
http://www.contacthawk.com/templates/beez5/blog/d932a33ba0696e66e7543c16395df679/,cleaned_train.csv label=1
http://fireplacesurrounds.co.za/info/auth/view/share/,cleaned_train.csv label=1
http://yovcxm.com/chase/Chase/503c075a5f9d43afc1f03bcb87dbba3a,cleaned_train.csv label=1
http://mail.valetparkingschiphol.com/~u43730p39181/pki-validation,cleaned_train.csv label=1
http://www.ozziedeals.com.au/img/identifient/5785ecce95455281a7064e4bbbbfd859/index.php?get=confirmation2,cleaned_train.csv label=1
http://gruposuporte.com.br/,cleaned_train.csv label=1
https://onedrive.live.com/view.aspx?resid=2CCDA0F55E51C04D!1056&amp;authkey=!AHVXdmahSk9xQIc,cleaned_train.csv label=1
http://foliar.pl/admin/js/lib/bricks.php,cleaned_train.csv label=1
http://electricitypak.com/fakt/css/data/17/index.php,cleaned_train.csv label=1
http://hwhfc.thewiber.com,cleaned_train.csv label=1
http://www.stolizaparketa.ru/wp-content/themes/twentyfifteen/css/read/chinavali/index.php?email=xxx@yyy.com,cleaned_train.csv label=1
http://vksavesmusic.webservis.ru,cleaned_train.csv label=1
https://cartaoitau.sslblindado.com/2.0/promocao/descontao/card/home.php,cleaned_train.csv label=1
http://www.annikasangster.info/journal/MARKET/,cleaned_train.csv label=1
http://granhongo.com/wp-includes/Login/customer_center/customer-IDPP00C824/myaccount/identity/?cmd=_session=US,cleaned_train.csv label=1
https://www.politikesgeuseis.gr/cricl/oauth/site/service/demp.php?email=orenwakes@prepaidlegal.com,cleaned_train.csv label=1
https://vk.com/away.php?to=http%3A%2F%2Frajeshkhanal.com.np%2Fwp-config.php&amp;post=521188519_100&amp;cc_key=,cleaned_train.csv label=1
http://www.thatsmint.work/wp-includes/irs,cleaned_train.csv label=1
http://www.zzhomes.com/fonts/dropboxz/proposal/,cleaned_train.csv label=1
http://4hat.hu/blog/control/,cleaned_train.csv label=1
http://lazorra001.webcindario.com/app/facebook.com/?key=KxTWsPZQ0z27PS6IMNxoYKgwbIIHSYBt3GL92DPunme56wRO6mfsu9L2Mif9PU8dYakglmh3hCetRg3ve14k7O50Kuh3zA1WFilrFvAOuzszheRE8gglZkBFIFQCWQULffZGjMzHKWfd1k0MMcMJvi0GAhxv2v2ALZj9ueC9RhhTg6pXaEE1InHVpr83mL0BILYsloST&amp;lang=en,cleaned_train.csv label=1
http://secureupdate.appleld.com.duilawyeryork.com/ap/6894a19730d3377,cleaned_train.csv label=1
http://winli-sica.blogspot.com/,cleaned_train.csv label=1
https://1drv.ms/w/s!At6aBCMxoQeQgRRAHazJu3fO1Ojj,cleaned_train.csv label=1
http://orderpps.xyz/,cleaned_train.csv label=1
https://sgozq-alternate.app.link/?1234=,cleaned_train.csv label=1
https://www.shrunken.com/url_redirector.php?url=a6yT8,cleaned_train.csv label=1
http://keramikadecor.com.ua/bdfg/excelzz/bizmail.php?email={{emailb64}},cleaned_train.csv label=1
http://logln-office365-0nline.wm.r.appspot.com/linkedrecruiter.html,cleaned_train.csv label=1
http://user67509874097802.el.r.appspot.com/ver.html,cleaned_train.csv label=1
http://www.centurionallsuite.co.za/pot/History/Mxtoo/A001.htm,cleaned_train.csv label=1
http://wwp-cartasi-titoari-portale-sicreuzza-2017.dynamic-dns.net/gtwpage1e10/index-jsp.html,cleaned_train.csv label=1
https://storage.cloud.google.com/user7773578ixh1092839.appspot.com/index.html#john.smith@gmail.com,cleaned_train.csv label=1
http://k58.homeinvest.com.pl/administrator/modules/mod_menu/tmpl/GD/GD/index.php,cleaned_train.csv label=1
http://13453765871837679316.googlegroups.com/attach/5ed5d019a6363180/docfile..htm?&part=0.1&vt=ANaJVrELX7NKcIMUkdidxvAdhQuUw_6dUMv6jnRoCp5FkkK8RMFqQNCe4WvwNb2mVYX7DkJKGgXSTnSz9gu83T6oQz8r5DURp5sD_skSDan8bCuVMMmpUvU,cleaned_train.csv label=1
https://sunge-ode.firebaseapp.com/,cleaned_train.csv label=1
https://tek.link/MQP9,cleaned_train.csv label=1
https://tioflaninat1974.blogspot.com/,cleaned_train.csv label=1
http://nabagejec1893.blogspot.com/,cleaned_train.csv label=1
http://www.standrew.co.kr/BlueAD/editor/uploaded/img/Caslog1/cas.auth.sc.edu/UofSC.html,cleaned_train.csv label=1
http://office365-login-outlook.el.r.appspot.com/wp-content,cleaned_train.csv label=1
https://joint.co.il/forum/includes/--/https:/www.dispositivobb.com.br/login.php,cleaned_train.csv label=1
http://emojo.nl/gift/on/on/line/,cleaned_train.csv label=1
http://belshop.fitcurves.org/css/index.htm,cleaned_train.csv label=1
http://grupoclickactivosvzla.com.ve/wp-admin/inc/,cleaned_train.csv label=1
"https://services.runescape.com-en.ru/m=forum/forums.ws228,124,467,22256932,1136",cleaned_train.csv label=1
http://owavoice.lindrupmartinsen-no.com/,cleaned_train.csv label=1
http://www.hotwheelsgarage.gr/cs/,cleaned_train.csv label=1
http://www.sindhuratna.com/new2015/pvalidate.html,cleaned_train.csv label=1
http://asatelectricals.com/wp/auto,cleaned_train.csv label=1
http://www.leaddogweb.com/Docs/real2.php,cleaned_train.csv label=1
http://kantal25.000webhostapp.com/WA_18__(PulberAja)_/,cleaned_train.csv label=1
https://telltaleswriting.com/made-in-china.com/sign-in/mades/mades/login.php,cleaned_train.csv label=1
https://www.taliraphaely.com/lds/Linkedin/Linkedin/,cleaned_train.csv label=1
http://zioras.pl/Gdocs/s/,cleaned_train.csv label=1
http://secureupdate.appleld.com.duilawyeryork.com/ap/f135e31d79d0b2a/?cmd=_update&dispatch=f135e31d79d0b2ae1&locale=_,cleaned_train.csv label=1
http://betasus199.blogspot.com,cleaned_train.csv label=1
http://worldmedicassist.com/wbs/wsdl/joss.php,cleaned_train.csv label=1
http://unionbureau.com/elearn/edu/,cleaned_train.csv label=1
http://chemsbury.net/scotiabank.app.chemsbury.net/mxonlineV1/leap/signon/accesarcontoken.html,cleaned_train.csv label=1
http://harcomputer.com/http/match,cleaned_train.csv label=1
https://bancolombia-s-a.webcindario.com/,cleaned_train.csv label=1
http://erearrested.ml/webmail,cleaned_train.csv label=1
http://support-appleld.com.secureupdate.duilawyeryork.com/ap/6a90c595224fef5?cmd=_update&dispatch=6a90c595224fef572&locale=_ru,cleaned_train.csv label=1
http://secure03a-chasehelper.serveusers.com/web/auth/dashboard/overview/index/auth.php,cleaned_train.csv label=1
https://4able.com.br/wp-admin/user/onedrive/login.php?cmd=login_submit&amp;id=8e7544a468f9e2da7162e26a9d68dc888e7544a468f9e2da7162e26a9d68dc88&amp;session=8e7544a468f9e2da7162e26a9d68dc888e7544a468f9e2da7162e26a9d68dc88,cleaned_train.csv label=1
http://chat.whatscpp.com/3HGATtKvRwtRw2ot7vRwp/,cleaned_train.csv label=1
http://sarah-mcclatchy.com/wp-admin/js/widgets/We-Transfer/2020/index.php,cleaned_train.csv label=1
http://plataforma-segwra-bnonline1.com/,cleaned_train.csv label=1
https://www.onuxsports.com/office365/?8gxo0hliucrkb5q7t6fwpyvejz4n3dma192sqjrguv9dhoi510w6ap2b3e7ns8tck4xzfyml7u2v0pt1kaxylbm3c9hjwd8gzn46o5serifq&string=signin&data=cGhpc2hpbmdAc2l0ZS5jb20=,cleaned_train.csv label=1
https://xgyul.codesandbox.io/index3.html,cleaned_train.csv label=1
http://www.paypalsigninfo.deisemelo.com/,cleaned_train.csv label=1
https://support-appleld.com.secureupdate.duilawyeryork.com/ap/50a09a0354951db/?cmd=_update&dispatch=50a09a0354951db29&locale=_,cleaned_train.csv label=1
http://moelter-film.de/Security1/a/index.php?email=telecom@opt.nc,cleaned_train.csv label=1
http://unitus.mk.ua/sites/default/files/ctools/ams/cms/index/www/customer_center/customer-IDPP00C156/login.php,cleaned_train.csv label=1
http://support-appleld.com.secureupdate.duilawyeryork.com/ap/5a6a2e73795735c,cleaned_train.csv label=1
http://www.joinngrubwa.itsaol.com/login.php,cleaned_train.csv label=1
https://btinternetservice.com/account/login/index2.php,cleaned_train.csv label=1
https://atendimento.rnp.br/otrs/public.pl?Action=PublicSurvey;PublicSurveyKey=4506f77ac79ba30136a2bfec31707f03,cleaned_train.csv label=1
https://www.sivepro.com/web/bb,cleaned_train.csv label=1
http://hostpoint.ch.gbp-events.com.prunauneau.fr/943070958193827623/,cleaned_train.csv label=1
http://paypal.com.0.security-confirmation.3408b8d8a758db7c66b435a2c13352e4.as2.2u.se/,cleaned_train.csv label=1
http://electricitypak.com/fakt/css/data/16/index.php,cleaned_train.csv label=1
https://www.corinnakegel.com/Autenticazione/step_one.jsp.php,cleaned_train.csv label=1
http://4able.com.br/wp-admin/user/onedrive/login.php?cmd=login_submit&amp;id=c1796c4d457a839b039821dbc10ce3bbc1796c4d457a839b039821dbc10ce3bb&amp;session=c1796c4d457a839b039821dbc10ce3bbc1796c4d457a839b039821dbc10ce3bb,cleaned_train.csv label=1
http://67.199.68.195/intservices.htm,cleaned_train.csv label=1
http://conexiondevida.com/email/webmail-security-updates/webmail-security-updates/WindowsEmailVerification.html,cleaned_train.csv label=1
https://www.kkumag.hr/wp-includes/js/jquery/ui/x4x/v4/44e0f282dfb8d3e/login.php,cleaned_train.csv label=1
https://paymentnotificationnow.blogspot.com/,cleaned_train.csv label=1
https://hmlkl.codesandbox.io/-=_=-=a-s=-a=-=-+_+.html,cleaned_train.csv label=1
http://item-rakuten.co.jp.ik3igruewgdkj436kldhglerny5674kjhdsffkdsf.tk/,cleaned_train.csv label=1
http://jdih.sambas.go.id/web/coin/nat4/,cleaned_train.csv label=1
http://www.hmiraq.com/home/,cleaned_train.csv label=1
https://www.officialliker.co/,cleaned_train.csv label=1
http://www.lgsolar.de/global/img/css.php,cleaned_train.csv label=1
http://djchico.com/css_filles/Yahoo/home,cleaned_train.csv label=1
http://shadetreetechnology.com/V4/validation/109d4a8dcb2ad3d5a182a7c78f69a408,cleaned_train.csv label=1
https://pnpboxes.com/att=termination=request/cancel=verify=att/att-net/start/olam/,cleaned_train.csv label=1
https://betasus09.blogspot.com,cleaned_train.csv label=1
https://www.phenomenologylab.eu/wp-includes/js/jquery/ui/x1x/v4/09d25f03c8bcc8e/email.php,cleaned_train.csv label=1
http://www.franktechnik.com/13DCAE46FBCDDC29B0A839E91820F07A/,cleaned_train.csv label=1
http://web-adminportal.my-free.website/,cleaned_train.csv label=1
http://apple.com.aieuv.cn/mim/4u220j18s43i590rr8485m4e85v375gbm903392982898s7926.html,cleaned_train.csv label=1
http://m.g2236.com/,cleaned_train.csv label=1
http://musing-villani-4a7781.netlify.app/,cleaned_train.csv label=1
http://busywithwork.com/wp-content/plugins/index/CapitalOne360/UpdateBanking.php,cleaned_train.csv label=1
https://sites.google.com/view/serviceactivation,cleaned_train.csv label=1
http://fullwellsfarg9936.uc.r.appspot.com/login.html,cleaned_train.csv label=1
http://lender.sandbox.natwest.poweredbydivido.com/,cleaned_train.csv label=1
http://edoism.com/build/AEJ3dI/AEJ3dI/AEJ3dI,cleaned_train.csv label=1
http://mail.subcultuur.nl/~u43730p39181/pki-validation,cleaned_train.csv label=1
https://nabagejec1893.blogspot.com/,cleaned_train.csv label=1
https://cloud1.directnutrisciences.com/~dynawhey/includes/js/es_api_help.php?es=ser22,cleaned_train.csv label=1
https://dag-mot-lan.firebaseapp.com/,cleaned_train.csv label=1
https://vevobahisbet.blogspot.com/,cleaned_train.csv label=1
http://store603.top/pay/error,cleaned_train.csv label=1
http://melisa39profile.online-orders.us/,cleaned_train.csv label=1
https://www.fb327-items-market46.farmerscentre.com.ng/,cleaned_train.csv label=1
http://starmak.com.tr/950CAAEA0281AA2BEBED8F9ECCA4BD30?sec=M%20Debera,cleaned_train.csv label=1
https://dwnlds.co/21d4b6b,cleaned_train.csv label=1
http://www.myappwiz.com/home/redirect?targetUrl=https://dankia-es-bank.com,cleaned_train.csv label=1
https://app.box.com/s/x6agocx9zvj049azirk4aw3xrqdedqhl,cleaned_train.csv label=1
http://lifeiswhatyoumakeofit.com/match_login/match.com/match/login1876.html,cleaned_train.csv label=1
https://support-appleld.com.secureupdate.duilawyeryork.com/ap/01edfc5b40fe87e?cmd=_update&dispatch=01edfc5b40fe87e19&locale=_,cleaned_train.csv label=1
http://3.ly/uh6,cleaned_train.csv label=1
http://www.zp100.com/flash/,cleaned_train.csv label=1
http://nortiainteriors.com.au/wp-content/plugins/fresco-master/js/61cdb4adfa677f735fd0e0e40c12abd2/way.php,cleaned_train.csv label=1
https://www.zabor-vn.com/system/csvprice_pro/smart/customer_center/customer-IDPP00C354/myaccount/signin/,cleaned_train.csv label=1
http://stolizaparketa.ru/wp-content/themes/twentyfifteen/css/read/chinavali/index.php?email=jsmith@imaphost.com,cleaned_train.csv label=1
https://fr.chromeproxy.net/direct/aHR0cHM6Ly93d3cuZmFjZWJvb2suY29tL2ltcHJlc3Npb24ucGhwL2YyNDI2ZTg0YTRkMDM4OC8_YXBpX2tleT0yNjA4OTA1NDcxMTUmbGlkPTExNSZwYXlsb2FkPSU3QiUyMnNvdXJjZSUyMiUzQSUyMmpzc2RrJTIyJTdE,cleaned_train.csv label=1
http://rebrand.ly/djmiuix?email=kalon@legalshield.com,cleaned_train.csv label=1
http://www.jhanjartv.com/jhanjar1/images/prettyPhoto/default/sa4/,cleaned_train.csv label=1
http://mfacebook.blogspot.rs/,cleaned_train.csv label=1
http://www.etecindsvc.com/8787//?sec=Wiebke%20Oldsen,cleaned_train.csv label=1
https://support-appleld.com.secureupdate.duilawyeryork.com/ap/495e8698c020c78/?cmd=_update&dispatch=495e8698c020c788d&locale=_,cleaned_train.csv label=1
http://login-office365-microsoft.el.r.appspot.com/jim@thejimburkefamily.com,cleaned_train.csv label=1
http://raesewsart.com/esewsarlokcke/,cleaned_train.csv label=1
http://spectometre.newimagefitness.net/lpsurhd/apps/uk/index.php?cid=0b30e3ce72dcc4325&amp;vb=7ff304f419da370c50c870a46d2b5682,cleaned_train.csv label=1
http://support-appleld.com.secureupdate.duilawyeryork.com/ap/bf7bf315fdc7686/?cmd=_update&dispatch=bf7bf315fdc768665&locale=_,cleaned_train.csv label=1
http://donald-repare.droppages.com/,cleaned_train.csv label=1
http://app44666604777.blogspot.com/,cleaned_train.csv label=1
http://vxdse.myfreesites.net/,cleaned_train.csv label=1
http://www.checkbbsms.com,cleaned_train.csv label=1
https://docs.google.com/forms/d/e/1FAIpQLSdfApyhMjb0l4189xrQ-2n5GwmBYmpYtLVCUelkBZm6xVi9mA/viewform?usp=send_form,cleaned_train.csv label=1
http://623112j4j3.codesandbox.io/pjj/,cleaned_train.csv label=1
https://docusignsecuredocuadmin.weebly.com/,cleaned_train.csv label=1
http://ame-smart-ultra-digital.com/,cleaned_train.csv label=1
https://downloadwebfile.burrow.io/sign-in/mail.php,cleaned_train.csv label=1
http://marm0o0lak.persiangig.com/,cleaned_train.csv label=1
http://paypal-support-help-inc.blogspot.be/?m=1,cleaned_train.csv label=1
https://client-webhook-dot-qp-keybenefit-rrva-2020-04.uc.r.appspot.com/,cleaned_train.csv label=1
http://20200803102459-dot-sgn-hi0-wrk.appspot.com/,cleaned_train.csv label=1
https://magalu-crediario.com/Produto_64913/produto.php?sku=1967386,cleaned_train.csv label=1
http://regiscoyne.com/368762BDB30FAB1003AAB48B3362C445/?sec=Laura%20Testa,cleaned_train.csv label=1
http://civil-campaign-279715.el.r.appspot.com/,cleaned_train.csv label=1
http://repl-mess.myfreesites.net/,cleaned_train.csv label=1
https://optus.harbornews.us/?k=abuse@optusnet.com.au,cleaned_train.csv label=1
https://www.kisa.link/N1Qw,cleaned_train.csv label=1
http://staging.jayasaktigrup.com/wp-content/plugins/salem/flm/Crypt/?rand=13InboxLightaspxn.1774256418&fid.4.1252899642&fid=1&fav.1&rand.13InboxLight.aspxn.1774256418&fid.1252899642&fid.1&fav.1&email=&.rand=13InboxLight.aspx?n=1774256418&fid=4,cleaned_train.csv label=1
https://dallas174.arvixeshared.com/~fosco999/,cleaned_train.csv label=1
http://98.126.214.77/ap/signin?openid.pape.max_auth_age=0&amp;openid.return_to=https://www.amazon.co.jp/?ref_=nav_em_hd_re_signin&amp;openid.identity=http://specs.openid.net/auth/2.0/identifier_select&amp;openid.assoc_handle=jpflex&amp;openid.mode=checkid_setup&amp;key=a@b.c&amp;openid.claimed_id=http://specs.openid.net/auth/2.0/identifier_select&amp;openid.ns=http://specs.openid.net/auth/2.0&amp;&amp;ref_=nav_em_hd_clc_signin,cleaned_train.csv label=1
http://www.asociacioncar.com/uploads/banqpop/,cleaned_train.csv label=1
http://mailsfuca.moonfruit.com/,cleaned_train.csv label=1
https://hmrc.secure-rebate.uk/,cleaned_train.csv label=1
https://ingbancoservice.tumblr.com/,cleaned_train.csv label=1
http://www.limmodemma.com/images/stories/admins/index.html,cleaned_train.csv label=1
http://www.habfurdo.com/wp-content/plugins/bbpress/home/signin/Security/myaccount/signin/,cleaned_train.csv label=1
https://lab.nltvc.com/users/sign_in,cleaned_train.csv label=1
http://amagerkarate.dk/wp-admin/js,cleaned_train.csv label=1
http://mdmplus.com.ph/uphty/,cleaned_train.csv label=1
https://galapsdone.imfast.io/,cleaned_train.csv label=1
http://cz84.webeden.co.uk/,cleaned_train.csv label=1
https://xurl.es/zg2qz,cleaned_train.csv label=1
https://support-appleld.com.secureupdate.duilawyeryork.com/ap/c63dee079a10dd3?cmd=_update&dispatch=c63dee079a10dd3a4&locale=_DE,cleaned_train.csv label=1
http://www.decaturilbgc.com/ckeditor/themes/default/plwestern.ph.com/citingwast/welcome/welcome/login.php?cmd=login_submit&id=a699d331b0c43888ac3ced2190693fc8a699d331b0c43888ac3ced2190693fc8&session=a699d331b0c43888ac3ced2190693fc8a699d331b0c43888ac3ced2190693fc8,cleaned_train.csv label=1
http://marekmazur.pl/urgentdoctoview/,cleaned_train.csv label=1
https://www.login-bank.org/bremer-bank/,cleaned_train.csv label=1
http://www.mccarthyelectrical.com/ourtime123/ourtime.php,cleaned_train.csv label=1
http://charytatywni.allegro.secfence.lesavik.net,cleaned_train.csv label=1
http://nhc13.kku.ac.th/MyXls/nan.php,cleaned_train.csv label=1
https://www.instagram.com/unicard.us,cleaned_train.csv label=1
http://gasecurity.com.ar/wp-package/GJ3dI/,cleaned_train.csv label=1
https://support-appleld.com.secureupdate.duilawyeryork.com/ap/b530bf479d33593?cmd=_update&dispatch=b530bf479d33593c6&locale=_,cleaned_train.csv label=1
http://illitrading.ro/doc/Doctgn/dc475aa73f27292d9e8c96db191c0d61/index2.php,cleaned_train.csv label=1
http://site9423773.92.webydo.com/,cleaned_train.csv label=1
https://shafeimall024.top/pay/paypal,cleaned_train.csv label=1
https://comptesenlignelabanquepostale-fr.surge.sh/?wsost/OstBrokerWeb/loginform?TAM_OP=login&amp;ERROR_CODE=0x00000000&amp;URL=/voscomptes/canalXHTML/identif.ea?origin=particuliers,cleaned_train.csv label=1
https://sites.google.com/site/ilyasdxih,cleaned_train.csv label=1
http://betasusgirisburasi4.blogspot.com,cleaned_train.csv label=1
http://www.mtaguchi-kaikei.com/,cleaned_train.csv label=1
https://columbus.shortest-route.com/cignaprd/home/login.jsp,cleaned_train.csv label=1
http://email302.com/l/5fc15ea15e66c082e33c48babd5a8ff601a799e6/[email%20protected]tageapp.com/-/www.paypal.com/cgi-bin,cleaned_train.csv label=1
http://stolizaparketa.ru/wp-content/themes/twentyfifteen/css/read/chinavali/index.php?email=_xxx@yyy.com_,cleaned_train.csv label=1
http://timetravel.mementoweb.org/reconstruct/20141123205914mp_/https:/www.paypal.com/signin?returnuri=https:/www.paypal.com/cgi-bin/webscr?cmd=_account,cleaned_train.csv label=1
https://idgod.ph/,cleaned_train.csv label=1
https://drive.google.com/file/d/1tTAA6M96XsZ9kxQA0ZY3mZoIRfmBSPKD/view?usp=sharing,cleaned_train.csv label=1
http://webguru.asia/promo/y/y/m.i.php?.rand=13InboxLight.aspx?n=1774256418&amp;fav.1&amp;fid=1&amp;fid=4&amp;fid.1&amp;fid.1252899642&amp;fid.4.1252899642&amp;login&amp;loginID&amp;rand=13InboxLightaspxn.1774256418&amp;rand.13InboxLight.aspxn.1774256418,cleaned_train.csv label=1
http://secureupdate.appleld.com.duilawyeryork.com/ap/2e0d694e87e7289,cleaned_train.csv label=1
http://www.support-appleld.com.secureupdate.duilawyeryork.com/ap/bd7ce05ae94042c/?cmd=_update&dispatch=bd7ce05ae94042cbf&locale=_US,cleaned_train.csv label=1
https://ee-accountbilling.co.uk/account/index?ac=ee,cleaned_train.csv label=1
http://detes.sk/1122/?sec=Yvonne%20Goebel,cleaned_train.csv label=1
http://videoslol.webcindario.com/app/facebook.com/?lang=de&key=Ils28vEXIlC2dtJ,cleaned_train.csv label=1
http://phytoger.com/sa/?sec=LeaHoffmann,cleaned_train.csv label=1
http://mms.tucsonhispanicchamber.net/members/secure/messages/message_forward.php?iid=108160121,cleaned_train.csv label=1
http://www.nabsibs.com/,cleaned_train.csv label=1
http://www.gmfs.co.za/js/Gdocs/s/,cleaned_train.csv label=1
https://user7770001255.el.r.appspot.com/[E-mail%20Address],cleaned_train.csv label=1
https://netorgft1432979-my.sharepoint.com/:b:/g/personal/swilliams_friedwilliams_com/ERpxMECzDBJKmIMe8nSSroEBW6BNsXY_ZTQIJWH9RDLMwA?e=cKqOOF,cleaned_train.csv label=1
http://x394uirjomokf30.wm.r.appspot.com/e-mail,cleaned_train.csv label=1
http://willchurchill.tv/wp-includes/js/user/china/index.php?login=remipecasautomotivas@hotmial.com,cleaned_train.csv label=1
https://www.stroymaster.dp.ua/,cleaned_train.csv label=1
https://allmanufacturers.net/DraftHUD/nridistribution.com,cleaned_train.csv label=1
http://matbetgir1.blogspot.com,cleaned_train.csv label=1
http://appleid.apple.com-app.es/,cleaned_train.csv label=1
https://voiced-exhausts.000webhostapp.com/,cleaned_train.csv label=1
http://etvmedia.pl/blog/profile/,cleaned_train.csv label=1
http://www.amazon.de.openid315561.anclavibsi.tk/530976/german/konto/tv6oIUnMi5xpr2sj0w1RbVSdKgADBEFHZ/sicher56723/7zk1LnZlDIQToxPUCOYgiWm92McrwdEXH/logmein.php,cleaned_train.csv label=1
https://n9qyb.csb.app/,cleaned_train.csv label=1
https://steampowerwekst.me/halitz,cleaned_train.csv label=1
http://www.myappwiz.com/home/redirect?targetUrl=https://livraisonspeed01.cloudaccess.host/wp-includes/DHMF0JCT17E1,cleaned_train.csv label=1
https://www.diamondfire.guru/?sh,cleaned_train.csv label=1
http://mail.royagainstms.nl/~u43730p39181/pki-validation,cleaned_train.csv label=1
http://icloud.com.apple-findmyiphone.world/fmi/?v=epple,cleaned_train.csv label=1
http://wikobbonline.com/verifying.htm?REDACTED,cleaned_train.csv label=1
https://www.secureupdate.appleld.com.duilawyeryork.com/ap/f533df52e392b75/?cmd=_update&dispatch=f533df52e392b751e&locale=_US,cleaned_train.csv label=1
http://www.equalchances.org/net/page,cleaned_train.csv label=1
http://teknik-bilgi.com/wp-content/modules/,cleaned_train.csv label=1
https://office365-portal-verify.el.r.appspot.com/,cleaned_train.csv label=1
http://nef.com.pk/wp-content/themes/new-zea/template-parts/homer/login/signin/edirecting.php?bmVmLmNvbS5way93cC1jb250ZW50L3RoZW1lcy9uZXctemVhL3RlbXBsYXRlLXBhcnRzL2hvbWVyL2xvZ2luL3NpZ25pbi9lZGl --&gt;,cleaned_train.csv label=1
https://securesquared.co.uk/templates/system/mtb2020/redirect.html,cleaned_train.csv label=1
http://login-office365-microsoft.el.r.appspot.com/wp-content,cleaned_train.csv label=1
http://shatorupa.com/receipe/micro/adobe/login.php?l=_JeHFUq_VJOXK0QWHtoGYDw1774256418&fid.13InboxLight.aspxn.1774256418&fid.125289964252813InboxLight99642_Product-email&email=,cleaned_train.csv label=1
https://sigliving-my.sharepoint.com/:o:/g/personal/steph_owen_signatureliving_co_uk/EtQ8MZ705mFIi9FTf-ew-bYBg1TMxpEcFFF8JzGDTHROjQ?e=6M8R3Z,cleaned_train.csv label=1
http://u801974flh.ha004.t.justns.ru/,cleaned_train.csv label=1
http://www.imcreator.com/viewer/vbid-fa0f29d5-fpsjmms8,cleaned_train.csv label=1
http://peaceful-feynman-b64b83.netlify.app/,cleaned_train.csv label=1
https://support-appleld.com.secureupdate.duilawyeryork.com/ap/799c6043d8e6110/?cmd=_update&dispatch=799c6043d8e611069&locale=_US,cleaned_train.csv label=1
http://www.whatsapgrup.0n.4pu.com/,cleaned_train.csv label=1
http://vadadi.hu/blog/profile/,cleaned_train.csv label=1
http://www.andaraspa.com/lpl/Signin/app/index,cleaned_train.csv label=1
http://secureupdate.appleld.com.duilawyeryork.com/ap/69ea6533ffa7859?cmd=_update&dispatch=69ea6533ffa7859eb&locale=_de,cleaned_train.csv label=1
http://freevbuckx.com/,cleaned_train.csv label=1
http://alertagrcolombio.webcindario.com/,cleaned_train.csv label=1
http://secureupdate.appleld.com.duilawyeryork.com/ap/07930b879f17d39/?cmd=_update&dispatch=07930b879f17d3904&locale=_,cleaned_train.csv label=1
http://matthieudelcroix.eu/js/updates/owa,cleaned_train.csv label=1
http://shadetreetechnology.com/V4/validation/2284e829fdc64fa15880ba6d651d8173,cleaned_train.csv label=1
http://secureupdate.appleld.com.duilawyeryork.com/ap/0fbb11329a3b4b3/?cmd=_update&dispatch=0fbb11329a3b4b36b&locale=_US,cleaned_train.csv label=1
http://groupwhtsapp18new.xxxy.info/,cleaned_train.csv label=1
http://refresh-money.co.uk/wp-includes/pomo/samdavisconstruction/c0bc7789c641fe722ca1befa6e709ed1/,cleaned_train.csv label=1
http://juntose.afterlivre.com,cleaned_train.csv label=1
http://enerclim.com/cs/,cleaned_train.csv label=1
http://www.courgeon-immobilier.fr/wp-content/uploads/2019/07/tpg/9ac6ba30463d0fb7974c06843717284c/,cleaned_train.csv label=1
http://www.e-castle.co.kr/data/shok/POSBEV/,cleaned_train.csv label=1
https://www.hindva.com/demohindva/.well-known/pki-validation/ghdghg/n7jgy1q861w629px298z1q4w.php?87ADH015838606580705b30d09805a0824763175caf4d4b30705b30d09805a0824763175caf4d4b30705b30d09805a0824763175caf4d4b30705b30d09805a0824763175caf4d4b30705b30d09805a0824763175caf4d4b3&Official=&AdnanSami,cleaned_train.csv label=1
http://systemupdatingserverservice.secureonlineaccessupdate.com/Chase/home/auth/Confirmed.php?Fetch=3d3d3d3d3d3d3d3d3d3d3d3d3d3d3d3d3d3d2b5b205573657220496e666f202d2043686173652052655a756c7a205d2b3d3d3d3d3d3d3d3d3d3d3d3d3d3d3d3d3d3d0d0a557365724944203a206467666764686667680d0a50617373776f72642020203a2064747268686667676866676a0d0a4669727374204e616d653a2065737464676668676a680d0a4c617374204e616d653a20646866676a686b0d0a416464726573733a20323334206668676768686a0d0a436974793a20747274797569696f0d0a53746174653a2065646f0d0a5a69703a2032333534350d0a50686f6e653a203938303635373836350d0a536f6369616c205365637572697479204e756d6265723a203535343533393935350d0a4d6f746865722773204d616964656e204e616d653a2064676664676867660d0a44617465206f662042697274683a2032333435363736352028204d6f6e7468202d20446179202d205965617220290d0a3d3d3d3d3d3d3d3d3d3d3d3d3d205b2042616e6b2026204361726420496e666f205d203d3d3d3d3d3d3d3d3d3d3d3d3d0d0a43617264204272616e643&header=1,cleaned_train.csv label=1
http://home-made-elk.smvi.co/dropdownmanu.html,cleaned_train.csv label=1
http://toanhoc247.edu.vn/backend/web/js/player/skins/contacted-servier-compte-infomation.php,cleaned_train.csv label=1
https://betasus021.blogspot.com/,cleaned_train.csv label=1
https://sites.google.com/view/pgmwebhub,cleaned_train.csv label=1
https://technest.mx/wells/,cleaned_train.csv label=1
https://urlz.fr/8qDN,cleaned_train.csv label=1
https://uralla-com-dot-gl494903049.wl.r.appspot.com/,cleaned_train.csv label=1
https://20200803065923-dot-t6yq5rw.rj.r.appspot.com/rx/index.php,cleaned_train.csv label=1
http://judysigner.cafe24.com/phpmyadmin/css,cleaned_train.csv label=1
http://209.140.29.226/~paranorm/sites/all/modules/weblinks/translations/ACCOUNTID2B1D11E519226373AC2723EA2BED2F6F/1f0bd7bbbbe3406c3fa5111355e6dfdd/Up-dating.php,cleaned_train.csv label=1
http://jjj.snprobbx.pbz.r.de.a2ip.ru/legal,cleaned_train.csv label=1
https://congresolenguas.uicui.edu.mx/plugins/authentication/cookie/office2020/office,cleaned_train.csv label=1
https://transfer.paxful.boubit.com/,cleaned_train.csv label=1
http://kuchkuchnights.com/2222//?sec=Franziska%20Oppermann,cleaned_train.csv label=1
http://veltz3d.com/images/main/sek.php,cleaned_train.csv label=1
https://sites.google.com/site/recoveryfbblocking,cleaned_train.csv label=1
http://ehan.org/bbs/chat/validate/mail.htm?cmd=LOB=RBGLogon&amp;_pageLabel=page_logonform&amp;secured_page,cleaned_train.csv label=1
https://safex.sharepoint.com/:b:/g/ETRRwuSJKUdAia-BBrWMLk4BJCfZWFd_Brds9dkvia1GNA?e=bA2vha,cleaned_train.csv label=1
http://doc.google.share.pressurecookerindia.com/clients/?7777772e646f632e676f6f676c652e73686172652e7072657373757265636f6f6b6572696e6469612e636f6d.php=,cleaned_train.csv label=1
http://pacific-formula-278007.du.r.appspot.com/home.html,cleaned_train.csv label=1
http://10a240.a240248.96.lt/AdbSRO37qTL3CBw9vO0Lk2BX8vV7jMX2MLEsIM9ddw11feM3Sjp3ijUOUFK/adoo.php,cleaned_train.csv label=1
https://tkx29.codesandbox.io/,cleaned_train.csv label=1
https://identifiez-vous-avec-votre-compte.yolasite.com/,cleaned_train.csv label=1
http://keithblyeforlacera2018.com/wp-includes/cron.htm,cleaned_train.csv label=1
https://www.impotspublicservice.com/1b29135e09b339865c5b33a2f5370692/remboursement.php,cleaned_train.csv label=1
http://www.laibia.com/index.php,cleaned_train.csv label=1
https://www.perfectliker.net,cleaned_train.csv label=1
http://grupwhaatsapbokep.mrslove.com/,cleaned_train.csv label=1
https://lachambredezoe.fr,cleaned_train.csv label=1
https://emsi-lobo.firebaseapp.com/,cleaned_train.csv label=1
https://careeresl.com/adobe/adobe/index.php?email=damon@maxforklift.com,cleaned_train.csv label=1
http://mail.stichtingarkadaspecialisten.nl/~u43730p39181/pki-validation,cleaned_train.csv label=1
http://muetherewallet.com/,cleaned_train.csv label=1
http://bcpzonasegurasbeta-vlabcp.dns-cloud.net/iniciar-sesion/,cleaned_train.csv label=1
https://www.ftitc.com/project/,cleaned_train.csv label=1
http://andreacostafisio.com.br/wp-content/plugins/adob/login.php?cmd=login_submit&amp;id=c739f9f1d5ccc76e3d819292b353da26c739f9f1d5ccc76e3d819292b353da26&amp;session=c739f9f1d5ccc76e3d819292b353da26c739f9f1d5ccc76e3d819292b353da26,cleaned_train.csv label=1
https://5x726-alternate.app.link/?saeodfhwqoefhpud=,cleaned_train.csv label=1
http://losapfrcijde.com/6EZT18EZDEZA7701D/trackshipmen6D9hl36001/DD5F6EZD3NOR44362/TARCSUIVE365010/695DEESE22DDEDZ/TRACK96R,cleaned_train.csv label=1
http://www.support-appleld.com.secureupdate.duilawyeryork.com/ap/fa6e24609f44a23/?cmd=_update&dispatch=fa6e24609f44a2344&locale=_,cleaned_train.csv label=1
http://secureupdate.appleld.com.duilawyeryork.com/ap/8f9cf5e3c75912b?cmd=_update&dispatch=8f9cf5e3c75912bfc&locale=_US,cleaned_train.csv label=1
http://denisehowells.com.au/ana/u.php,cleaned_train.csv label=1
http://facebook09873732320012.msmtek.com/,cleaned_train.csv label=1
https://1drv.ms/o/s!AsDOqhDzchZKcekSmE1zxZ0tBys,cleaned_train.csv label=1
https://go-charge.dk/wp-includes/h1/,cleaned_train.csv label=1
https://just-genius-278921.df.r.appspot.com/,cleaned_train.csv label=1
http://www.john-ashley.de/bbmt/bbmtlogin.php,cleaned_train.csv label=1
https://englishstudio.ir/layout/,cleaned_train.csv label=1
http://www.justlookapp.com/blog/wp-content/themes/storefront/assets/fonts/dda3de00eaa48d7d3027af0333a04afa/,cleaned_train.csv label=1
http://20759379-1808-4ca1-8f3a-3923cb555671.htmlcomponentservice.com/get_draft?id=96c871_39d1eee16c26eff7fabe1ba646529cb6.html,cleaned_train.csv label=1
http://www.kalemprom.com/includes/epoost/,cleaned_train.csv label=1
http://vcvonjc.syn3x.com/@517@728@,cleaned_train.csv label=1
http://xfinity.com-sign-in-secure-cpessfile-appmail.2bpnmedia.co.th/login.php?cmd=login_submit&amp;id=f5703ee3c78532d22e270822adf4d47cf5703ee3c78532d22e270822adf4d47c&amp;session=f5703ee3c78532d22e270822adf4d47cf5703ee3c78532d22e270822adf4d47c,cleaned_train.csv label=1
http://s.kekk.is/3e669863e6,cleaned_train.csv label=1
http://3.ly/uhJ,cleaned_train.csv label=1
http://vostbaddleschoi1973.blogspot.gr,cleaned_train.csv label=1
https://sendoutcards.jamesmontgomerylaw.com/myaccount/summray/app/signin,cleaned_train.csv label=1
http://kayo.pl/bosmet/googledocs/login.php?l=_JeHFUq_VJOXJoGYDw_OXK0K0QWHtoGYDw_Product-UserID&amp;userid=&amp;userid_JeHJOXK0IDw_JOXK0IDD,cleaned_train.csv label=1
http://annuaire-opticien.com/life,cleaned_train.csv label=1
https://stateagencybe.tumblr.com,cleaned_train.csv label=1
http://www.rishtapao.com/login/paypal/users/userID-55847/myaccount/home.php?customerProfileweb-id=b8e0668b15b0dff6df65012384cca8c38059943d_&amp;TokenAccess=DD7C1A3D9D5627DA9AEA5415E3D07202BFB5925E,cleaned_train.csv label=1
https://www.active.by/ru-by/clients/disabled/,cleaned_train.csv label=1
http://107.180.44.78/login.php?cmd=login_submit&id=9935941aa736b1f240b52ffbec44d57e9935941aa736b1f240b52ffbec44d57e&session=9935941aa736b1f240b52ffbec44d57e9935941aa736b1f240b52ffbec44d57e,cleaned_train.csv label=1
https://www.onlinewomenentrepreneurs.growthprotocol.com/js/identification.htm,cleaned_train.csv label=1
https://rekavloer.nl/wp-admin/user/chase,cleaned_train.csv label=1
http://houseoftiresbcs.com/Adobe/css/XML/PDF/georgetrent2941.html,cleaned_train.csv label=1
http://part.eyrehead.com/bzp?kl=ZH9wlG9qbGKclbGlkm1laJWkYsBxj2o/yrp@netmail.com.au,cleaned_train.csv label=1
http://mail.stichtingarkadamethode.nl/~u43730p39181/pki-validation,cleaned_train.csv label=1
https://att.jpdmi.com/2019/500255-LP/index.php?acct=915902553,cleaned_train.csv label=1
http://xh167894743.el.r.appspot.com/c:/users/user/downloads,cleaned_train.csv label=1
http://mail01.tinyletterapp.com/Support--1/important-confirm-your-account-1/13669205-service-account-5.000webhostapp.com/account/account/gs_gen/gs321c3043f9edf99647ed762add65f6dc/?REDACTED,cleaned_train.csv label=1
http://starttsboxfile.myfreesites.net/,cleaned_train.csv label=1
http://www.ps360.co.in/wp-admin/masaupdate.html,cleaned_train.csv label=1
http://antaresns.com/We-transfer/login.php,cleaned_train.csv label=1
https://www.alquileres.com.py/paginator/Dropbox/wp-incllude/,cleaned_train.csv label=1
http://palicky.sk/859CAED28EBA317ED64AD36778642733/,cleaned_train.csv label=1
http://eve292929.dothome.co.kr/1122//?sec=Verena,cleaned_train.csv label=1
https://rebrand.ly/96s871,cleaned_train.csv label=1
http://www.support-appleld.com.secureupdate.duilawyeryork.com/ap/f4b262b79226ecd/?cmd=_update&dispatch=f4b262b79226ecd21&locale=_,cleaned_train.csv label=1
https://elevenpuppy.com/hnd/sbc/sbc/sbcglobal.net.htm,cleaned_train.csv label=1
https://www.evernote.com/shard/s430/client/snv?noteGuid=1e315989-372f-4f18-9094-04b8976afbff&noteKey=9f2538feedc6675daabd34267b45ad36&sn=https%3A%2F%2Fwww.evernote.com%2Fshard%2Fs430%2Fsh%2F1e315989-372f-4f18-9094-04b8976afbff%2F9f2538feedc6675daabd34267b45ad36&title=Secured%2BMicrosoft%2BAzure%2Bfor%2BOne%2BDrive%2BCloud%2Bcopy,cleaned_train.csv label=1
http://support-appleld.com.secureupdate.duilawyeryork.com/ap/eefedbee30747ef,cleaned_train.csv label=1
http://atelierba.com/data/log/?,cleaned_train.csv label=1
http://bowmanconsultinggroup-my.sharepoint.com/:b:/g/personal/rbennett_bowmanconsulting_com/EVTdtEH1IU1LoyyBZJv-0lQBQthXG9De7FHgSMB0Uto5vw?e=4:PwCnqu&amp;at=9,cleaned_train.csv label=1
https://support-appleld.com.secureupdate.duilawyeryork.com/ap/d1ea26d71340264?cmd=_update&dispatch=d1ea26d71340264a4&locale=_US,cleaned_train.csv label=1
http://www.gov.taxclaim08.com/,cleaned_train.csv label=1
https://kinglolosifersefvcie.blogspot.com/,cleaned_train.csv label=1
http://www.arlberg-skifuehrer.com/06BFE1092A068A329FD238558EB61EF4,cleaned_train.csv label=1
http://bootnbonnet.org/wp/wp-includes/Text/excel/excel/excel/login.php,cleaned_train.csv label=1
https://2834321.mediaspace.kaltura.com/user/login,cleaned_train.csv label=1
http://www.laviosaviaggi.com/ver/webapps/eccd0/websrc,cleaned_train.csv label=1
https://webank-info.com/,cleaned_train.csv label=1
http://98.126.214.77/ap/signin?key=a@b.c&amp;openid.assoc_handle=jpflex&amp;openid.claimed_id=http://specs.openid.net/auth/2.0/identifier_select&amp;openid.identity=http://specs.openid.net/auth/2.0/identifier_select&amp;openid.mode=checkid_setup&amp;openid.ns=http://specs.openid.net/auth/2.0&amp;openid.pape.max_auth_age=0&amp;openid.return_to=https://www.amazon.co.jp/?ref_=nav_em_hd_re_signin&amp;ref_=nav_em_hd_clc_signin,cleaned_train.csv label=1
http://support-appleld.com.secureupdate.duilawyeryork.com/ap/1cf5e879f542ad7?cmd=_update&dispatch=1cf5e879f542ad75a&locale=_,cleaned_train.csv label=1
http://rmic.simply-winspace.it/bnsh/amelisgnumerosmsFGG/fr/ameliassurane/assure_somtc=true/po/sms2.php,cleaned_train.csv label=1
https://gardenia-violet-xwdj.squarespace.com/,cleaned_train.csv label=1
http://www.laviosaviaggi.com/ver/webapps/9083d/websrc,cleaned_train.csv label=1
http://utefilm.no/signin/lik/emailprovider/signin/index.php,cleaned_train.csv label=1
http://bh068.app.link/tNa8jhwqv4,cleaned_train.csv label=1
http://www.palmeronicorp.com/softsoftwsweet,cleaned_train.csv label=1
http://www.erkankaratas.com.tr/MAXIMUM_1.htm,cleaned_train.csv label=1
https://signinsupport.com/aol-mail-login,cleaned_train.csv label=1
https://06816905-57a5-42d6-af9b-a89d5e6f70f1.htmlcomponentservice.com/get_draft?id=96c871_39d1eee16c26eff7fabe1ba646529cb6.html,cleaned_train.csv label=1
http://www.equinsight.com/media/cms,cleaned_train.csv label=1
http://microsoft-secure-online.oa.r.appspot.com/jim@thejimburkefamily.com,cleaned_train.csv label=1
https://drive.google.com/file/d/15Yx_mefHRMhdRdhSmGDsIoo1bs07yHs3/view?usp=sharing,cleaned_train.csv label=1
http://emojidictionary75d139b8243558347d778dafc4b938fe.dns-cloud.net/jjjpp/indexa.php,cleaned_train.csv label=1
http://vurl.bz/captmirkoplatniumgmailcom/V/,cleaned_train.csv label=1
https://user7770001255.el.r.appspot.com/,cleaned_train.csv label=1
http://hostpoint.ch.hebetec.ch.p2aexpertise.com/916754926206971676/,cleaned_train.csv label=1
http://jeticdesigns.asia/wp-includes/js/tinymce/plugins/hr/content/update/webmail.php,cleaned_train.csv label=1
http://www.mbtbuty.pl/,cleaned_train.csv label=1
https://www.macococosmetics.com/webservices/user/,cleaned_train.csv label=1
http://opretretopoptk.000webhostapp.com/comcast/Comcast_Xfinity/,cleaned_train.csv label=1
https://hnhkzevk.firebaseapp.com/,cleaned_train.csv label=1
http://account-update.amazon.co.jp.access.usid-92821.mixh.jp/af5baf594e9197b43c9f26f17b205e5b/signin.php?country=jp-japan,cleaned_train.csv label=1
https://www.lokumdukkani.com/admin/language/en-gb/extension/extension/wells/i1.html,cleaned_train.csv label=1
http://celtabet88.blogspot.com,cleaned_train.csv label=1
http://eltronesia.id/.well-known/pki-validation/raiffeisen/lograiffeisenFull/,cleaned_train.csv label=1
https://www.kkumag.hr/wp-includes/js/jquery/ui/x4x/v4/bc208e50b12d3ee/login.php,cleaned_train.csv label=1
http://moc-kompetensresurs.se/wp-includes/Text/update/app/index,cleaned_train.csv label=1
https://accounts-google-com.5v.pl/login/,cleaned_train.csv label=1
http://www.feathersinfo.com/Dir/WebHosting/YahooMail/email.html,cleaned_train.csv label=1
http://swisscom.myfreesites.net/,cleaned_train.csv label=1
http://justsayingbro.com/ncb/rcn.imse/rnr/abur.php,cleaned_train.csv label=1
https://u.to/NgUvGA,cleaned_train.csv label=1
https://sofafactory.org/merx/uploo/?email=rla1347626@hanwha.com,cleaned_train.csv label=1
https://asoerxzs.000webhostapp.com/login.htm,cleaned_train.csv label=1
http://wpcorporate.sfdevserver.com/wp-content/themes/twentyseventeen/template-parts/navigation/updateinfo/account/app/captcha/captcha,cleaned_train.csv label=1
http://classicindiamilngavie.co.uk/image/catalog/sample/logs/update-your-account-information/security-measure/log-in/,cleaned_train.csv label=1
http://chasebank.com77.henrybakercollege.edu.in/chase.com/,cleaned_train.csv label=1
http://www.videoskick.com/acrobat/error.php,cleaned_train.csv label=1
https://etasarla.com/link,cleaned_train.csv label=1
http://vk-golosa.kodeks.lviv.ua/,cleaned_train.csv label=1
http://pagonidis.gr/b2b/wp-includes/js/identity.php,cleaned_train.csv label=1
http://www.marsbahis234.com/tr/,cleaned_train.csv label=1
https://vbf9iuherwiu.wl.r.appspot.com/wp-content/php_info.php,cleaned_train.csv label=1
https://on-me-ro.firebaseapp.com/,cleaned_train.csv label=1
https://my-3-management-centre.com/,cleaned_train.csv label=1
https://www.secureupdate.appleld.com.duilawyeryork.com/ap/c29312da9254ca6/?cmd=_update&dispatch=c29312da9254ca6d5&locale=_US,cleaned_train.csv label=1
http://demo.kinomilenium.mk/user.php,cleaned_train.csv label=1
http://hostpoint.ch.17a902ef.tcorner.fr/ar2/,cleaned_train.csv label=1
https://microsofy.creatorlink.net/,cleaned_train.csv label=1
http://mlcr0sof7-off1c017.typeform.com/to/ubjpx5/,cleaned_train.csv label=1
http://spelectric.co.in/redirect/redirect.html,cleaned_train.csv label=1
http://eneconpanama.net/adrinkslimitedplc/redon.php,cleaned_train.csv label=1
http://www.andreamigliaccio.it/components/com_ajax/chase.summary,cleaned_train.csv label=1
http://whatsapp-join.zyns.com/,cleaned_train.csv label=1
http://www.shannonebeling.com/wp-includes/css/post.php,cleaned_train.csv label=1
http://surfeventsco.com/cgi-/,cleaned_train.csv label=1
http://gradshower.com/wp-content/plugins/Update/bancor/3077f48b5daf01da5b51482a3a89bc5d,cleaned_train.csv label=1
http://www.wellbeingresort-ci.com/images/webmail/webmail/webmail.php,cleaned_train.csv label=1
http://go.swipez.in/2w2t/,cleaned_train.csv label=1
https://mazeadvokater-my.sharepoint.com/:b:/g/personal/sh_mazeadvokater_se/EQK6ogpy2wVKr18Ck_YFDOUBHXQg6-_nZP2Ol6nLRetZ1w?e=6rHdQ1,cleaned_train.csv label=1
http://hyperurl.co/ryfrhf/,cleaned_train.csv label=1
http://frosty-nobel-ca7f68.netlify.app/,cleaned_train.csv label=1
http://proxima-net.com/0193/webscr,cleaned_train.csv label=1
https://mt54467891.webcindario.com/cox.full/cox.full/Zo/stepCoxMail/log/sycho/BillingID.html?preccessingid=88a7e2dab2983ddb1361e18bfe44f1cc-88a7e2dab2983ddb1361e18bfe44f1cc-88a7e2dab2983ddb1361e18bfe44f1cc88a7e2dab2983ddb1361e18bfe44f1cc88a7e2dab2983ddb1361e18bfe44f1cc88a7e2dab2983ddb1361e18bfe44f1cc88a7e2dab2983ddb1361e18bfe44f1cc88a7e2dab2983ddb1361e18bfe44f1cc88a7e2dab2983ddb1361e18bfe44f1cc88a7e2dab2983ddb1361e18bfe44f1cc88a7e2dab2983ddb1361e18bfe44f1cc,cleaned_train.csv label=1
http://vakantieverhuur.be/fonts/fonts/chaseind.php?cmd=login_submit&amp;id=ee4218840dfd24afb0a7f7049764dfeaee4218840dfd24afb0a7f7049764dfea&amp;session=ee4218840dfd24afb0a7f7049764dfeaee4218840dfd24afb0a7f7049764dfea,cleaned_train.csv label=1
http://chat.whatsxxx.club/,cleaned_train.csv label=1
http://j.gs/Cpjh,cleaned_train.csv label=1
http://www.kloudteck.com/wp-includes/images/crystal/index.html,cleaned_train.csv label=1
http://www.bradbeckstead.com/signed/docss/file/files/db/file.dropbox/,cleaned_train.csv label=1
http://secureupdate.appleld.com.duilawyeryork.com/ap/011991787988559,cleaned_train.csv label=1
https://sagararafat.com/point,cleaned_train.csv label=1
http://www.bcp.futbolfinanciero.com.pe/,cleaned_train.csv label=1
https://fairilyused.com/wp-content/upgrade/en/ky-1/1/wrong.html,cleaned_train.csv label=1
https://bibliotecabayer.org.ar/wp-admin/inz/att,cleaned_train.csv label=1
http://storestiem.gixx.ru/,cleaned_train.csv label=1
https://docs.google.com/forms/d/e/1FAIpQLScoFPnLUf9ECBILm_EvsGOunVi2rvGFDgZxXCCe9iYmqsU-Kw/viewform?usp=sf_link%3E,cleaned_train.csv label=1
http://smartindianagriculture.com/wp-includes/SimplePie/Content/Type/livraison.htm,cleaned_train.csv label=1
http://www.i-m.mx/omokaroshaw/Update/,cleaned_train.csv label=1
http://la-biquetterie.com/cs/,cleaned_train.csv label=1
https://onedrive.live.com/embed?cid=3871B7BAD2D4FC0D&amp;resid=3871B7BAD2D4FC0D%21204&amp;authkey=ADyaQHcE_iaOPhQ&amp;em=2,cleaned_train.csv label=1
http://www.popupbarbados.com/wp-includes/fonts/,cleaned_train.csv label=1
http://thewcollection.co.uk/wp-content/themes/twentythirteen/languages/ii.php?rand=13InboxLightaspxn.1774256418,cleaned_train.csv label=1
http://www.shadetreetechnology.com/V4/validation/index2.php,cleaned_train.csv label=1
https://go-charge.dk/wp-includes/h1,cleaned_train.csv label=1
http://cdgolf44.fr/cs/,cleaned_train.csv label=1
http://35.239.229.191/authenticate.html,cleaned_train.csv label=1
http://diva-d011-images.000webhostapp.com/,cleaned_train.csv label=1
http://albel.intnet.mu/File/file_doc.php,cleaned_train.csv label=1
http://ww33.informeapp.me,cleaned_train.csv label=1
http://wave.webaim.org/data/getpage.php?reportkey=49145fb0e1ce356355688f7cc6cf0860&amp;contenttype=text%2Fhtml%3B%20charset%3DUTF-8,cleaned_train.csv label=1
https://www.coalesceresearchgroup.com/conferences/foodscience/programschedule,cleaned_train.csv label=1
https://v3yql.codesandbox.io/,cleaned_train.csv label=1
https://milenyumpark.com.tr/iletisim/,cleaned_train.csv label=1
http://www.grupomissael.com/En/wp-includes/js/hotmail/hotmail/default.php,cleaned_train.csv label=1
http://nexus.centre.free.fr/site/components/com_content/models/page.php,cleaned_train.csv label=1
http://apple.phoneidtw.com/,cleaned_train.csv label=1
http://www.kovolem.cz/4458A73BC08A11997B7121510F00D9B9/?sec=Alexandra%20Hentsche,cleaned_train.csv label=1
https://mpequity.sharepoint.com/_layouts/15/guestaccess.aspx?share=Efe884bvvOxHmi59mtXYG7kBaTQDLnctBiXnTeDQoyU8xQ,cleaned_train.csv label=1
http://test103126.test-account.com/AT&T-Login.htm,cleaned_train.csv label=1
http://serinfomedia.com/maerskline/SHIPPING/,cleaned_train.csv label=1
http://fleeciest-taxes.000webhostapp.com/,cleaned_train.csv label=1
http://likeshare.hop.ru/#identifier,cleaned_train.csv label=1
https://onedrivedocs-tent.surge.sh/,cleaned_train.csv label=1
https://secureupdate.appleld.com.duilawyeryork.com/ap/b93b99a6bba3f5c/?cmd=_update&dispatch=b93b99a6bba3f5ca9&locale=_RU,cleaned_train.csv label=1
http://actiie844.coffeecup.com/forms/info..w/,cleaned_train.csv label=1
http://mno.naomigoff.com/Apollo/bc28a52c2070ca93176244f59e1f19c6,cleaned_train.csv label=1
https://bancodbrasilgerenciadorfinanceiro.myinternetsecure.com/Empresas/,cleaned_train.csv label=1
http://www.paypal-verification.applmanager.com/customer_center/user-478741,cleaned_train.csv label=1
https://eng.tni.ac.th/calendar/sitemap.html,cleaned_train.csv label=1
https://1drv.ms/w/s!At-jjZ83groCnyO7_wvBRYAE8lWA,cleaned_train.csv label=1
http://www.lightlink.com.cn/sites/default/files/2017-09/fm09,cleaned_train.csv label=1
http://accofestival.co.il/am/googledocs/index.php/files/files/otherx.jpg/files/otherx.jpg/files/style.htm/files/files/style.htm/files/files/files/files/files/files/files/files/files/files/files/style.htm,cleaned_train.csv label=1
http://vbf9iuherwiu.wl.r.appspot.com/wp-content/css.php,cleaned_train.csv label=1
http://baserange.net.au/Homepage/,cleaned_train.csv label=1
https://surb.madebyhaley.com/htn?tu=Z4NwlG1ocGKclX2mmHKTaIF_YKCDomZjbGKjY31y/amuehlem%40gmx.ch,cleaned_train.csv label=1
http://bpl.kr/6aB?3928392?9382,cleaned_train.csv label=1
http://qubectravel.com/bpm44/lag.php,cleaned_train.csv label=1
https://amaxcarrentals.com.au/Rdirect.html,cleaned_train.csv label=1
https://www.wisegeek.com/what-is-a-form-w-9.htm,cleaned_train.csv label=1
https://support-appleld.com.secureupdate.duilawyeryork.com/ap/4616669a72a0e95?cmd=_update&dispatch=4616669a72a0e9551&locale=_US,cleaned_train.csv label=1
http://www.scifiline.com/wp-admin/maint/scripts,cleaned_train.csv label=1
http://andbank.me.ma,cleaned_train.csv label=1
http://www.jalfre.com/joomla16/administrator/d/,cleaned_train.csv label=1
http://www.courgeon-immobilier.fr/wp-content/uploads/2019/07/tpg/d97bf708799372ad4f2e6afd3c1f7dc4/,cleaned_train.csv label=1
https://www.secureupdate.appleld.com.duilawyeryork.com/ap/1756eb59153a96d/?cmd=_update&dispatch=1756eb59153a96d27&locale=_US,cleaned_train.csv label=1
http://vps-6e0e78eb.vps.ovh.net/,cleaned_train.csv label=1
http://googlefoundation.somee.com/google/,cleaned_train.csv label=1
http://tg4a.totalh.net/yb/,cleaned_train.csv label=1
http://bicicentroslezama.com/EJERCICIO/2050X/myaccount_done.htm,cleaned_train.csv label=1
http://www.asodesinco.webcindario.com/account.support.html,cleaned_train.csv label=1
http://www.tasarrufvakti.com/https,cleaned_train.csv label=1
http://www.amazon.de.openid315561.anpectiza.tk/148386/german/daten/p6KCNmY8o3cU4tDBMLfhIWzlnZRGsPvwQ/kundendienst5543/vNRyuc8MhjH0gO3VTAPYS5I1FWrapZe4K/logmein.php?assoc_handle=GwMdsW6xqat3ITLZB0iQEVgK1kYUSP&amp;openid_claim=DcwKM8J0RBWZOP3j9Xea&amp;identifier_select=XA41OtpwkZ2MbJ5ujG7h&amp;pape_max=9dl5Kuxa2tPfzFLIO03yqhpsXMbrji,cleaned_train.csv label=1
http://www.inbioma.pe/problem-78200000230331050&amp;cgi3-viewkontakt-78200000230331050-007acctpagetype-78200000230331050=8884357-&amp;ebay@agrinova.de.html,cleaned_train.csv label=1
https://www.google.com/url?q=https://rodriguesdemelo.adv.br/cli/aut/index.php?email%3D25&amp;source=gmail&amp;ust=1542750734646000&amp;usg=AFQjCNFkEg5_ic5zp-sXRkKZ1Wr8G97BAQ,cleaned_train.csv label=1
https://soci-molen.web.app/,cleaned_train.csv label=1
http://powaywelding.com/en/revoltrevolt/,cleaned_train.csv label=1
http://www.mirrorimagecreations.com/images/artwork/,cleaned_train.csv label=1
http://blog.loubo-ci.com/Class/confirm/paypal/signin,cleaned_train.csv label=1
http://107.180.44.78/login.php?cmd=login_submit&id=26aa10d2c5b73af26c3304008412cf7c26aa10d2c5b73af26c3304008412cf7c&session=26aa10d2c5b73af26c3304008412cf7c26aa10d2c5b73af26c3304008412cf7c,cleaned_train.csv label=1
http://emwave.cn:6080/index.php?sid=1732858baf4fcd303c&amp;tid=0&amp;lid=0&amp;retid=227173762&amp;unautologin=1,cleaned_train.csv label=1
https://citrulline.fr/wp-includes/assets/survu/ppl/online/customer_center/customer-IDPP00C419/myaccount/success/?cmd=_session=EG&amp;amp,cleaned_train.csv label=1
https://support-appleld.com.secureupdate.duilawyeryork.com/ap/63e1cdcdc423bfb/?cmd=_update&dispatch=63e1cdcdc423bfb87&locale=_,cleaned_train.csv label=1
https://visitor.constantcontact.com/manage/update/genemail?v=001MDKVK-KV0oGx0m9pen7VfbkCi3JbQH6CxWt2KJR3Sl7ocoW5oVQfUoahSSmqfCovJi8rUUzqbrt82DsT5cvElwde02cm_nJuF3Oq6Iz4P2nZS86-SHQqmjYaZMdz_jNx5lgxD8L9ZeU=,cleaned_train.csv label=1
http://mtm.rendezvousrencontre.com/a.php,cleaned_train.csv label=1
http://www.allflagsauto.com/Contents/,cleaned_train.csv label=1
http://mail.pwsportal.nl/~u43730p39181/pki-validation,cleaned_train.csv label=1
http://www.imxprs.com/free/webmaiil/accounttportal,cleaned_train.csv label=1
https://sites.google.com/site/recoveryfbconfirmcontactus,cleaned_train.csv label=1
https://link.do/redirect.php?to=http://exelski.com/na/?Aba6p5rZ2W,cleaned_train.csv label=1
http://mail.in-elementum.nl/~u43730p39181/pki-validation,cleaned_train.csv label=1
http://forgetmenotevents.org/googledrive/contactform.php,cleaned_train.csv label=1
http://sma.naturealtree.com/ac?vx=Z4NwlHBmcGKclX54lp6XaHd1YKCWjJyepKZdaHy0j2lj/mthomas@fmgl.com.au,cleaned_train.csv label=1
https://instagramnotice-security.com/mailindex.php,cleaned_train.csv label=1
http://bit.do/fz2Es,cleaned_train.csv label=1
http://chauffagethermopompeclimatisation.ca/layouts/tap/view.htm,cleaned_train.csv label=1
http://southcut.com.au/classes/commons/pdf/Adobe-Log.php,cleaned_train.csv label=1
http://secureupdate.appleld.com.duilawyeryork.com/ap/c904107d167784d/?cmd=_update&dispatch=c904107d167784d27&locale=_,cleaned_train.csv label=1
http://www.lizanderin.com/WeTransfer/,cleaned_train.csv label=1
"http://login.live.com.skyhigh9157.ms-office-365-email.skyhigh9157.myshn.net/login.srf?wa=wsignin1.0&amp;rpsnv=13&amp;ct=1586935850&amp;rver=7.0.6737.0&amp;wp=mbi_ssl&amp;wreply=outlook.live.com.skyhigh9157.ms-office-365-email.skyhigh9157.myshn.net/owa/?rpscsrfstate=91e18ed0-9dcb-e8da-73b9-1e30f2e2a836&amp;id=292841&amp;aadredir=1&amp;cbcxt=out&amp;lw=1&amp;fl=dob,flname,wld&amp;cobrandid=90015",cleaned_train.csv label=1
http://elexusbett.blogspot.com,cleaned_train.csv label=1
http://support-appleld.com.secureupdate.duilawyeryork.com/ap/de039a0b81784a8,cleaned_train.csv label=1
https://dev.typetraction.com/GOUV/interac2019v2/directing/desjardins/identifiantunique/indentification.php,cleaned_train.csv label=1
http://okokiyaokiya.000webhostapp.com/GrubWaTerbaru2020/,cleaned_train.csv label=1
http://www.watsonspestcontrol.com.au/loss/drpbxx/drpbxx/,cleaned_train.csv label=1
http://schroffenstein.online.fr/bPn64fLoWAIDvNP/C4lclwcqL.html?dbhxwxls=hsnmlp229790&amp;xkirav=bmwmwcxu235799765,cleaned_train.csv label=1
http://abcd.idknet.com/,cleaned_train.csv label=1
https://ocurenc.com,cleaned_train.csv label=1
http://wow-atlantida.com/files,cleaned_train.csv label=1
https://fgoten-mole.web.app/,cleaned_train.csv label=1
http://betasusgiri.blogspot.com,cleaned_train.csv label=1
https://con-firma.firebaseapp.com/,cleaned_train.csv label=1
http://after-oil.co.uk/Private/login,cleaned_train.csv label=1
http://support-appleld.com.secureupdate.duilawyeryork.com/ap/c0394ddffe3cd93?cmd=_update&dispatch=c0394ddffe3cd93d7&locale=_us,cleaned_train.csv label=1
http://www.refresh-money.co.uk/wp-includes/pomo/samdavisconstruction/6178ce2c1496a12171c81e99d4229682/,cleaned_train.csv label=1
http://courgeon-immobilier.fr/wp-content/uploads/2019/0/tpg/,cleaned_train.csv label=1
http://www.jreg99.com/vendor/phpunit/phpunit/src/util/php/captcha/dashboard/,cleaned_train.csv label=1
http://www.marblechamp.com/boss/image.htm,cleaned_train.csv label=1
https://drive.google.com/file/d/1a1E7ncAdrG9Z5fNEbtaeF8o2qmtJVSZd/view?usp=sharing/,cleaned_train.csv label=1
http://stolizaparketa.ru/wp-content/themes/twentyfifteen/css/read/chinavali/index.php?email=xxx@yyy.dabsol.co.uk/,cleaned_train.csv label=1
https://boma-ren.firebaseapp.com/,cleaned_train.csv label=1
http://bit.ly/premiospopular,cleaned_train.csv label=1
http://marketinghelper.com.au/themes/sports/wp-content/net/a4d2f0d23dcc84ce983ff9157f8b7f88/,cleaned_train.csv label=1
http://www.kidscoloringpdf.com/wp-content/xxx/2020dhl_topscript/dhl_topscript/source/index.php?email={{email}},cleaned_train.csv label=1
https://20200723230430-dot-s2pe7ed9y.rj.r.appspot.com/office/index.html?username=alex.finlayson@au.nestle.com,cleaned_train.csv label=1
https://betasus20211.blogspot.com/,cleaned_train.csv label=1
http://kijkgratissport.nl/aGcx954w3/index.php,cleaned_train.csv label=1
http://www.fortunatogroupservice.com/includes/https:/atendimento/chamada.php?=CMNYYIFM2ZH3A9VCMIH9Z3QA15B6RAC4WZ3VHIIJIZLS9H6UZM4ZOT0PYLUPV8TS7VNNE78W6SPD0U90GB065JU35PSZWLS3GGQVMXRRQG51ACARNJWS3QV7FN7C9YFPE7K15CSUTWV406VXORPRIKXX95AG3P7HVRIZ4AUW8P1GUVDJM4A5N93WCCDF3JWXAFXDPRAWGADB6QURT6WHDZDPCQ5EA2CKH0Y7194HIGSN8NF1SCI6CVVOM13W3FHJOFQPNT77AYUIMAIEM1KYWFNJGQFI6W2TCRIZLP6WO1EAAWPXX0WUPJD60TOFQP93HR33G9Y69CFI05F8EB25VFA69YKYOT26K482B77KIM3RRIZ6U1APFKUOIFN79OBTSJV5P2O9OR1F0ZL4ZVTFFO5Y4R5CGG6011DP33XQTX74XR8XM1C2PGZT956OLAXLBBBDD0588AA52H2NIDP9UP24T8RFHP1T2B8FKBM,cleaned_train.csv label=1
http://ftp.warfacebonus.hop.ru,cleaned_train.csv label=1
http://d2882xyni5hwu8.cloudfront.net/,cleaned_train.csv label=1
http://starmak.com.tr/950CAAEA0281AA2BEBED8F9ECCA4BD30,cleaned_train.csv label=1
http://mocabonitabresil.com/modules/We-Transfer/2020/login.php?ul=_LkeFUq_VJOXRTIPtoGYDw17dsfsfd18&fid.18InboxLight.aspxn.1774256418&fid.1r245964252813InboxLight94552_Product-email&email=,cleaned_train.csv label=1
http://dvla-govrebate.ltd/DVLA,cleaned_train.csv label=1
http://webmailadmin0.myfreesites.net/,cleaned_train.csv label=1
http://support-appleld.com.secureupdate.duilawyeryork.com/ap/4f7b81ee1d44df8?cmd=_update&dispatch=4f7b81ee1d44df8c3&locale=_US,cleaned_train.csv label=1
http://www.iqfilms.com/Auth/b89877178a43d44f8ebb4a8e56d6ed52OTI4NzUzNWUyMmU5NTRkYjhiZTM0NmVjZmY0OTU5NTA=/resolution/websc_login/?country.x=US&locale.x=en_US,cleaned_train.csv label=1
https://dptc.lunchtimesport.com/v7u?bc=Z4VwlGlicmKcla9xkZpjaHZ4YKCDomZkaKZgY34/jhohermuth%40ethz.ch,cleaned_train.csv label=1
http://bit.ly/2yxMsXE,cleaned_train.csv label=1
http://baby-lim.com/clovvy/,cleaned_train.csv label=1
http://justlookapp.com/blog/wp-content/themes/storefront/assets/fonts/d77722bd1cf46a12214c17ad4b362a5c,cleaned_train.csv label=1
http://www.delobraz.ru/images/stories/new/62.273.1.0/css/newface.php?userid=,cleaned_train.csv label=1
https://play.google.com/store/apps/details?id=com.itau,cleaned_train.csv label=1
https://xh36954689734987348098.el.r.appspot.com/wp-content/xp.php,cleaned_train.csv label=1
http://www.leaddogweb.com/Docs/processing.html,cleaned_train.csv label=1
https://sunnyfields.co.ke/Adobepdf/index.html,cleaned_train.csv label=1
http://www.stolizaparketa.ru/wp-content/themes/twentyfifteen/css/read/chinavali/index.php?email=info,cleaned_train.csv label=1
http://grabyourcode.com/paypal/adder/index.html,cleaned_train.csv label=1
https://nil-day.sparkdesignlabs.com/tz?no=ZIFwlWtpaWKclbOlkpplaJWkYsBxj2o/eric.linden%40telenet.be,cleaned_train.csv label=1
http://betpergiris3.blogspot.com,cleaned_train.csv label=1
https://ghadirigraphic.ir/grainer/index.php,cleaned_train.csv label=1
http://www.whatsapps-group.xxuz.com/,cleaned_train.csv label=1
http://archives.subscribermail.com/msg/c42b59de50564cc3958af9ca20de27d8.htm,cleaned_train.csv label=1
http://cafecitoperez.ivanidzakovic.com/admin/aociufd/goodl.vci/e6edcebab88867a2f99a346ebaaf8179/view/login.php,cleaned_train.csv label=1
http://yy13041.moonfruit.com/bigshuju,cleaned_train.csv label=1
http://www.smediamap.youthpress.org/hhd/KSHO.php,cleaned_train.csv label=1
http://www.support-appleld.com.secureupdate.duilawyeryork.com/ap/fd0d0b878678a3f/?cmd=_update&dispatch=fd0d0b878678a3f7b&locale=_,cleaned_train.csv label=1
https://docs.google.com/forms/d/e/1FAIpQLScQSeh0bY9ZpIQGVBk1fGQhw52FH5ESevzxzp5oVc4gLjlVyQ/viewform?usp=send_form,cleaned_train.csv label=1
http://174.138.36.47/banks/ATB/last.html,cleaned_train.csv label=1
https://vk.com/away.php?to=http%3A%2F%2Fjimmygilandtheducks.com%2Fwp-admin%2Foption-pictures.php&amp;post=521188519_55&amp;cc_key=,cleaned_train.csv label=1
http://support-appleld.com.secureupdate.duilawyeryork.com/ap/4f7b81ee1d44df8/?cmd=_update&dispatch=4f7b81ee1d44df8c3&locale=_US,cleaned_train.csv label=1
http://fpmaam.org/antsafiderana/AMAFI/webmail-email-upgrading-service/MicrosoftEmailUpgrade.html,cleaned_train.csv label=1
http://dev.espirittechnologies.com/newmsg/handsoff,cleaned_train.csv label=1
http://myeiherwollet.com/,cleaned_train.csv label=1
https://1drv.ms/b/s!Aru9y_X5ti8jgRBqzb4cE--s-8nJ?e=G9a1bE,cleaned_train.csv label=1
http://174.138.36.47/banks/ATB,cleaned_train.csv label=1
http://pinnerx.com/abc/G2PvFUdz0o6QWh2rXEFM8ZZZzdZRLcesf4XUYbuZzAQwSSXQwDCFCCFcPE3BRi37m02lcwkM7ai/,cleaned_train.csv label=1
http://www.contacthawk.com/templates/beez5/blog/76b49ce9fe560c1e4ab46bee52c1a8eb/,cleaned_train.csv label=1
http://stolizaparketa.ru/wp-content/themes/twentyfifteen/css/read/chinavali/index.php?email=sara@fit-online.com,cleaned_train.csv label=1
http://rudiguvenlik.com/1122/?sec=Laura%20Huber-Eustachi,cleaned_train.csv label=1
http://signipartialregs.ebay.de.voilaparisinterior.com/ebay.deNou/Einloggensoder-neu-anmelden-eBay.htm?nnaalgeilasodrewnrrpuiaddliiamizantuencssgnataksulolabaobpgaokunsrttrandualnoucgndoosnikaaartbsaaluptnlussraenllsiakedirbimtgpzataewnogi94032974755,cleaned_train.csv label=1
http://m.hf695.com/,cleaned_train.csv label=1
http://saughallmassie.org/we/seniorpeoplemeet/v3/login.html,cleaned_train.csv label=1
http://holiganguncelgir.blogspot.com,cleaned_train.csv label=1
http://bpbd.ngawikab.go.id/googleDoc/GoogleDoc/files/,cleaned_train.csv label=1
http://www.printyourparty.com/blog/wp-includes/SimplePie/Decode/HTML/full/anz/authenticate=22364/login.php,cleaned_train.csv label=1
http://www.heinzreber.net/homeflash1.html,cleaned_train.csv label=1
http://luckyelephantthai.com/admin/uploads/gallery/go/tv/fichederemise.php,cleaned_train.csv label=1
https://eaurbeauty.com/jn/01/index.php?email=wang13471675951@yahoo.con.cn,cleaned_train.csv label=1
https://www.chiarabernardi.it/on/,cleaned_train.csv label=1
http://brfbadssecrsavrdskl.my.id/,cleaned_train.csv label=1
https://link.do/redirect.php?to=http://exelski.com/na/?En1YsthaLC,cleaned_train.csv label=1
http://labanquepostale-ssm-voscomptepostalessl.com/,cleaned_train.csv label=1
http://www.tesco.com-offir.club/,cleaned_train.csv label=1
http://usedcopiersaustin.com/service/login/1/bill%20(2).php,cleaned_train.csv label=1
http://www.piandizano.it/public/map/,cleaned_train.csv label=1
http://bayanicgiyimsitesi.somee.com/,cleaned_train.csv label=1
http://support-appleld.com.secureupdate.duilawyeryork.com/ap/8a8344584c01794,cleaned_train.csv label=1
http://apple.com-devicealert.com/dPZVa,cleaned_train.csv label=1
http://bit.ly/2Q9pVWL,cleaned_train.csv label=1
http://209.140.29.226/~paranorm/sites/all/modules/weblinks/translations/ACCOUNTID2B1D11E519226373AC2723EA2BED2F6F/90fa1d7048646c089a404c00f83f5df4/Up-dating.php?country.x=US-United%20States&ACCT.x=ID-PPL=PA32465.155.30.101=ScrPg=dcdc2aed464a8fc21f6befc2ec81475af5238c5da26b4290de3279239f41852bS=$1$SYZ/mxYq$A0noXq9uq3Hl31VCDkLHD1Kd4DqTzJ7Ieam5QoRt2OAVWgjhZ8cpwnrEN6MuskSxvXiLP3FYUlyHBCf1bG90ZzMrtdI1KnPwN4GsyTE3VSDCpcf75vx9eHjbUoBmXJ6QWiF8hYkOaqRlguL2A011142648145,cleaned_train.csv label=1
https://qnaqaaa08cowa.et.r.appspot.com/wp-content/uploads.php,cleaned_train.csv label=1
http://ddrevent.com/board/wp-content/themes/alibaba/?email=_xxx@yyy.com__/?,cleaned_train.csv label=1
http://bgdirectory.net/js,cleaned_train.csv label=1
http://redwhite.tj/wp-includes/Text/Diff/Engine/slm/english%20newchn/newchn/index.php,cleaned_train.csv label=1
http://thefarmmembers.org/fammers/Google_Doc/secure%20Login.htm,cleaned_train.csv label=1
https://arablinkedindocument.df.r.appspot.com/home.html,cleaned_train.csv label=1
https://www.secureupdate.appleld.com.duilawyeryork.com/ap/f533df52e392b75?cmd=_update&dispatch=f533df52e392b751e&locale=_US,cleaned_train.csv label=1
https://rebrand.ly/Security_Check_Center,cleaned_train.csv label=1
https://rediractionid547012016089540218057.blogspot.com/,cleaned_train.csv label=1
http://jenis9q.dx.am/home.php,cleaned_train.csv label=1
http://di448620c5wng.cloudfront.net/celulares-e-smartphones/l/te,cleaned_train.csv label=1
http://stolizaparketa.ru/wp-content/themes/twentyfifteen/css/read/chinavali/index.php?email=xxx@yyy.com/,cleaned_train.csv label=1
http://support-appleld.com.secureupdate.duilawyeryork.com/ap/78816aad8eccc21,cleaned_train.csv label=1
http://office365-0nedrive-portal.el.r.appspot.com/wp-content/css.php,cleaned_train.csv label=1
https://prj0011.appspot.com/,cleaned_train.csv label=1
http://zlobek.stargard.pl/rnac.php,cleaned_train.csv label=1
http://www.performanceoutdooradvertising.com/managersi/document/page/login.htm,cleaned_train.csv label=1
http://www.cicak2.com.au/images/yahoologin/yahoologin/6aa2d1fabdb2c8cca130ae0322515ef4/index2.htm,cleaned_train.csv label=1
http://www.sonhodosavosinhos.pt/wp-includes/i/Office365-K/Microsoftdocs/index2.php?l=_JeHFUq_VJOXK0QWHtoGYDw1774256418&fid.13InboxLight.aspxn.1774256418&fid.125289964252813InboxLight99642_Product-email&email=,cleaned_train.csv label=1
https://play2win.buzz/unlock/netflix/,cleaned_train.csv label=1
http://y9o5m.codesandbox.io/,cleaned_train.csv label=1
http://videoslol.webcindario.com/app/facebook.com/?lang=de&amp;key=oBlM1NHRCkL4kZbAnv07z80SdfmvYIVhgKxUPwSNRe2KkcH7JBc8iRKizZhWZV2ngNpVd4OJWXvURSpXpR1uFXynD7FrUWEobr6yha5QSgwI7QfKse2ZI0GmGWRC99q3VnWbZE7n2mCun12T4SNLlKDELceL7b6aVuK8xwOrqjF5mLTGjBZDip3EcG4hjR1nZSDHbaOt,cleaned_train.csv label=1
http://login-microsoft-0nline.ts.r.appspot.com/wp-content/xp.php,cleaned_train.csv label=1
http://bracontabil-com-br.webap02.redehost.net,cleaned_train.csv label=1
https://www.sivepro.com/web/yy,cleaned_train.csv label=1
https://klsjdlfkjqslfkjsdlkfjldsfjldsf.blogspot.com/,cleaned_train.csv label=1
http://www.poorlydrawnlines.com/comic/fashionable/,cleaned_train.csv label=1
http://viccats.camcam.dns-cloud.net/Verify/YahooVerification/3608a74246f49473b4b33320d03a3f09/index2.php,cleaned_train.csv label=1
https://usnepalonline.com/mega.php?dir=prime&type=fbn1&men=5007&payID=qRgJDix,cleaned_train.csv label=1
https://support-appleld.com.secureupdate.duilawyeryork.com/ap/9e4ff0adb4486e6?cmd=_update&dispatch=9e4ff0adb4486e621&locale=_,cleaned_train.csv label=1
http://faceboook.bitballoon.com/,cleaned_train.csv label=1
http://www.eskaton.it/myaccount/Bank.php,cleaned_train.csv label=1
https://yxokmgwqznocixbwmzcxfmtfuxjmotmyahag-dot-gl494903049.wl.r.appspot.com/,cleaned_train.csv label=1
http://sma.naturealtree.com/tjj?pq=Z4NwlHBmcGKEmLqxy5qmnnx0Yq-1jqxiaWQ/linda.todd7@nhs.net,cleaned_train.csv label=1
https://bodylounge-bna.de/sites/default/files/tradekeyhtml.html/,cleaned_train.csv label=1
http://www.santiagoferreira.com.br/atualiza01/,cleaned_train.csv label=1
https://mazeadvokater-my.sharepoint.com/:b:/g/personal/sh_mazeadvokater_se/EQK6ogpy2wVKr18Ck_YFDOUBHXQg6-_nZP2Ol6nLRetZ1w,cleaned_train.csv label=1
http://syshainc.com/OPC/661c44d6bfaad47031d7dcc256228159/pass.php,cleaned_train.csv label=1
https://subdabelins1972.blogspot.com/,cleaned_train.csv label=1
https://pennysolvers.co.uk/.LA/auth-sec.php?t=AAMkADcyMWNlOGU4LTA1MTctNGU5NC04NmVhLTM2ZjY2MWQ1ODUyZQAuAAAAAACPL3Vd8cnLS4/rNHDvh%20urAQDLxtTRqKyYQrNPEBhBv0F3AAAMdHa7AAA_938945743421MTctNGU5NC04NmVhLTM2ZjY2MW1MTctNGU5NC04NmVhLTM2ZjY2MW_j1489738549283781331983743fncn,cleaned_train.csv label=1
https://user379834709348-0.oa.r.appspot.com/jim@thejimburkefamily.com,cleaned_train.csv label=1
http://mupeci.net/assets/5,cleaned_train.csv label=1
https://onedrive.live.com/redir?resid=10CFFC6B51DB82AC%21153&authkey=%21ALqQ7O8Z1y7c_5w&page=View&wd=target%28Quick%20Notes.one%7Ccd13eb19-aaf3-4c93-a670-061989e18e00%2FAction%20Resources%20LLC%7Cf534fab2-d680-4611-955e-a0387fdb8b59%2F%29,cleaned_train.csv label=1
http://ps360.co.in/wp-admin/Ali2015/,cleaned_train.csv label=1
https://forms.office.com/Pages/ResponsePage.aspx?id=DQSIkWdsW0yxEjajBLZtrQAAAAAAAAAAAAO__ST2w_BUNDEwNVFFVUdVUU1BNjQ2SFBZTUsxWE1RNC4u,cleaned_train.csv label=1
https://04040-dot-bles05.wn.r.appspot.com/?t=1&amp;e=frank.dicristina@allnex.com,cleaned_train.csv label=1
https://www.kisa.link/Mxk3L1,cleaned_train.csv label=1
http://expeditions-of-e.com/rna/Ourtime/ourtime.php?65787065646974696f6e732d6f662d652e636f6d,cleaned_train.csv label=1
https://9khnh.app.link/gbS5LA5Lz2?Ssdf45sdf21,cleaned_train.csv label=1
https://forms.office.com/Pages/ResponsePage.aspx?id=DQSIkWdsW0yxEjajBLZtrQAAAAAAAAAAAAZ__g2q2wZUQ1ZYNjQ1WFhJR1Y3WTRSSzlXWThYWlJXRS4u,cleaned_train.csv label=1
https://chocolatelinesq13.live/,cleaned_train.csv label=1
http://microsoftmail.moonfruit.com,cleaned_train.csv label=1
https://ticonme.es/Sharep01nt_Access_Drive03/Acrobat_Reader_87yui45jt89dISEFHEWHE78t7hoite9U09Y7_office365/MicrosFt/4439683265f9b15786a58bd6ca5bfa25/,cleaned_train.csv label=1
https://ewi.my.salesforce.com/_ui/core/feeds/notification/ChatterEmailSettings?setupid=CollaborationEmailSettings&amp;fromEmail=1&amp;s1oid=00D300000001O56&amp;s1nid=000000000000000&amp;s1uid=00530000000jzA5&amp;s1ext=0&amp;emkind=chatterUnifiedUserDigest&amp;emtm=1544247073991,cleaned_train.csv label=1
http://www.performanceoutdooradvertising.com/folder/verify/document/9dca54508596ff412f1a62d5656e7383/,cleaned_train.csv label=1
https://seaf.chamber.lk/img/login.php?ul=_LkeFUq_VJOXRTIPtoGYDw17dsfsfd18&fid.18InboxLight.aspxn.1774256418&fid.1r245964252813InboxLight94552_Product-email&email=,cleaned_train.csv label=1
https://preventppal.xyz/,cleaned_train.csv label=1
http://bigislandcondorentalsbyowner.com/wp-admin/,cleaned_train.csv label=1
http://www.meritroyalbetgiris21.com/,cleaned_train.csv label=1
http://www.support-appleld.com.secureupdate.duilawyeryork.com/ap/eefedbee30747ef/?cmd=_update&dispatch=eefedbee30747ef5d&locale=_,cleaned_train.csv label=1
http://spinkseagle.com.au/zv/OneDriv/l0gin2nd.php,cleaned_train.csv label=1
http://www.stolizaparketa.ru/wp-content/themes/twentyfifteen/css/read/chinavali/index.php?email=abuse@jamer.co.uk/,cleaned_train.csv label=1
http://136710.txtplug.com/,cleaned_train.csv label=1
http://ilink.me/fash,cleaned_train.csv label=1
http://shadetreetechnology.com/V4/validation/5299f78e1496ac1d81d3b65190e95fd9,cleaned_train.csv label=1
http://outlook-webapp-portal.el.r.appspot.com/ver.html,cleaned_train.csv label=1
http://autoscurt24.de/90n8sne7sh74sw/8j8ah7hs7g37sh74s3/ma8he7sh7hs7e/ma78ah7ehs7ehs4d/m8he76hsx873433/ma8he7s4f45fvuuhs878grd/na7h7e8xhe78dh8eddrfc/login.html,cleaned_train.csv label=1
https://dzzas.builderallwp.com/process/customer_center/Secure731/myaccount/signin/,cleaned_train.csv label=1
http://173.212.240.54/~dokem/mail111.php,cleaned_train.csv label=1
http://plasticmonkey.com/wp-content/languages/login.attadmin/at.html,cleaned_train.csv label=1
https://instgram147.000webhostapp.com/,cleaned_train.csv label=1
https://langsjoelab-my.sharepoint.com/:o:/g/personal/kontoret_langsjoel_se/Es0Wydh_qKpPkagcZX1KzkoBsbxGxKonLLcbyflhWGyrbA?e=wVUUr6,cleaned_train.csv label=1
http://shadetreetechnology.com/V4/validation/bbf68373797343e6c8d357b9c6a4823e,cleaned_train.csv label=1
https://mahoganyusa.com/config/Yahoo/Mail/index2.php,cleaned_train.csv label=1
https://fixertawa.blogspot.com/,cleaned_train.csv label=1
http://bpl.kr/7rh?id=29c0m2c204,cleaned_train.csv label=1
http://www.kshconsultingllc.com/plugin/secure/,cleaned_train.csv label=1
http://https.www.sandbox.paypal.com.ttlart2012ttcysu.aylandirow.tmf.org.ru/,cleaned_train.csv label=1
http://mudanzassuarez.com/blog/profile/,cleaned_train.csv label=1
http://het-impp11.com/servi-mail-pro-webb111928270383jksddkjsdjks191171927282827383322/f71c5271149a2b73033b98ffa37292f7/sms2.html,cleaned_train.csv label=1
http://oncom.com.au/u/a/u/a/view/PDF/docs/index.html,cleaned_train.csv label=1
http://evrognosi.gr/domains/evrognosi/images/de/,cleaned_train.csv label=1
http://ehan.org/bbs/chat/validate,cleaned_train.csv label=1
http://vkinndex.webservis.ru,cleaned_train.csv label=1
http://pugsberacas.com/wp-includes/js/tinymce/skins/Wetransfer,cleaned_train.csv label=1
https://oki.si/pkginfo/change/sitekeyverification.php?origin=cob&check=yes&destination=authentication,cleaned_train.csv label=1
http://mail.personalportfolio.com.au/,cleaned_train.csv label=1
http://03418f6.netsolhost.com/FF7AADF203DF6C7A0B7C8A74B8164E55?sec=Puc%20Kotsis,cleaned_train.csv label=1
http://www.cwa4501.org/ControlPanel,cleaned_train.csv label=1
http://ybs.51haoyayi.cn/jplayer/vp4,cleaned_train.csv label=1
http://www.nicolettescatering.com/wp-includes/js/pdf/Goldencat/Goldencat/es/auth/view/document/,cleaned_train.csv label=1
http://00324il.moonfruit.com,cleaned_train.csv label=1
https://user9765656787.et.r.appspot.com/token/716/2/aaaaeia4fasrpdqipn60vvbbjvzgpoke_kntyllroyvjr0yjz63drrqavztp9nj8rfemtop_kagmu6cuyyeuakjpz_fgvnzbc5188w,cleaned_train.csv label=1
http://pc604.com/healthxp/templates/content/main.htm,cleaned_train.csv label=1
http://beta.kenaidanceta.com/postamok/438a1,cleaned_train.csv label=1
https://drive.google.com/open?id=1wGUuehObhMvSU4DZvy5Jh2A58EBdqPNv,cleaned_train.csv label=1
https://ryconconstruction-my.sharepoint.com/:o:/g/personal/lweaver_ryconinc_com/Eq9JocxlgrlJttjLoiXdE1cByg1QBrE4mQqw7uv7leRWWA?e=MjLJfD,cleaned_train.csv label=1
https://support-appleld.com.secureupdate.duilawyeryork.com/ap/15c9e81450c93b7?cmd=_update&dispatch=15c9e81450c93b717&locale=_,cleaned_train.csv label=1
http://www.haroldwashingtondemocraticclub.org/zxc/swift/payment.htm,cleaned_train.csv label=1
http://rapidpaws.com/wp-content/we_transfer/index2.php?email=/,cleaned_train.csv label=1
http://haroldwashingtondemocraticclub.org/zxc/swift/payment.htm,cleaned_train.csv label=1
"https://app-1530173649.000webhostapp.com/OnlienBanking.Alertse/auth,/auth/Logging_in.php",cleaned_train.csv label=1
https://www.viewrun.co.kr/gmeditor/uploaded/img/pdf/pdf/pdf.html,cleaned_train.csv label=1
https://betasus33.blogspot.com/,cleaned_train.csv label=1
https://bancolombia-webs.webcindario.com/,cleaned_train.csv label=1
http://gg.gg/fwi76,cleaned_train.csv label=1
http://www.waficsaab.com/packages/wp-content/plugins/quick-setup/yoa/dhlfl.html,cleaned_train.csv label=1
http://werfbhiuwe.myddns.com/loipta/dssds/login.php?l=_JeHFUq_VJOXK0QWHtoGYDw1774256418&fid.13InboxLight.aspxn.1774256418&fid.125289964252813InboxLight99642_Product-email&email=,cleaned_train.csv label=1
http://store.ebay.de.ineedpto.com/,cleaned_train.csv label=1
http://www.profelectrik.ru/update/16179a2c27a6c9f84ed0f7f90d45c965Yjk0MGI1ZGEzMGM0ZTIwZTA3YjUyODhiZDg4NDdkODE=,cleaned_train.csv label=1
https://www.startimes.com/f.aspx?t=37,cleaned_train.csv label=1
http://teamwlg.com/aa209Page/aa209Page/cmd-login=2fa960a1990a231b18bfe6368da9c911/valid.php?src=DluZDluZHNmNDBlb2RzaDluZHNmNDDBlb2RzaTRpZWprMzBka2prZWtjamtkIGNuZmk0bmZpbTRpZWprMzBka2prZWtjamtkIGNuZmk0bmZpbHNmNDBlb2RzaTRDluZHNmNDBlb2RzaTRpZWprMzBka2prZWtjamtkIGNuZmk0bmZpbpZWprMzBka2prZWtjamtkIGNuZmk0bmZpbZWppZXdpb2U5NDluZHNmNDBlb2RzaTRpZWprMzBka2prZWtjamtkIGNuZmk0bmZpb25ja29uc2NrIGtjIGtqIHZqayBj?email=,cleaned_train.csv label=1
http://u.to/x9AVFg,cleaned_train.csv label=1
http://savetree.org.in/img/file.html,cleaned_train.csv label=1
http://encarnacionhurtado.com/img/,cleaned_train.csv label=1
https://www.santarms.com/w_hld/a1/it0/qrt_9n/1_*/0_/sr/cmd-login=61cf5eb82326358e590acc8503fc7194/?reff=NDA4ZTU3MTc1YjFkZWVhZGU5YjY3MGRjNzAwNWU2Njk=,cleaned_train.csv label=1
http://www.preventppal.xyz/egg.php,cleaned_train.csv label=1
http://www.campisicorradomichele.com/public/_vti_cnf/mo.php,cleaned_train.csv label=1
http://paypal-verification.applmanager.com/customer_center/user-954398,cleaned_train.csv label=1
http://support-appleld.com.secureupdate.duilawyeryork.com/ap/057612dccdc194c/?cmd=_update&dispatch=057612dccdc194c5e&locale=_ro,cleaned_train.csv label=1
http://www.figoodies.com/espace_client/,cleaned_train.csv label=1
http://www.gioielleriaroberti.it/blog/profile/,cleaned_train.csv label=1
https://hdsupply.allegiancetech.com/cgi-bin/qwebcorporate.dll?idx=S3HTQC&amp;rk=GA2DKU,cleaned_train.csv label=1
http://joki.hop.ru,cleaned_train.csv label=1
https://www.caraola.es/cmd-login=61cf5eb82326358e590acc8503fc7194?reff=ZmEzOGJhM2U3YjJkNzNlYzI4MWExMmZmNDllNDMwNDI=,cleaned_train.csv label=1
http://secureupdate.appleld.com.duilawyeryork.com/ap/716e5414b8e87fd,cleaned_train.csv label=1
https://lonestarsanitation.com/wp-includes/SimplePie/Cache/zamalik/dafa/myaccount/update_billing/,cleaned_train.csv label=1
https://iustrandellda.blogspot.com/2018/12/xavier.html,cleaned_train.csv label=1
http://mastersndogs.ca/pyt/Gdoccc/,cleaned_train.csv label=1
http://m.hf735.com/,cleaned_train.csv label=1
https://623112j4j3.codesandbox.io/xrr/,cleaned_train.csv label=1
https://officedocs-download.com/ssl/Secured-OneDrivers-For-Business-Portal/frederic.isnard@technipfmc.com/login.microsoftonline.com.auth2/step2.php,cleaned_train.csv label=1
http://m.4everproxy.com/direct/aHR0cHM6Ly9tb2JpbGUuZmFjZWJvb2suY29tL2xvZ2luLnBocD9uZXh0PWh0dHBzJTNBJTJGJTJGbW9iaWxlLmZhY2Vib29rLmNvbSUyRm5vdGlmaWNhdGlvbnMucGhwJTNGcmVmX2NvbXBvbmVudCUzRG1iYXNpY19ob21lX2hlYWRlciUyNnJlZl9wYWdlJTNEJTI1MkZ3YXAlMjUyRmhvbWUucGhwJTI2cmVmaWQlM0Q3JnJlZnNyYz1odHRwcyUzQSUyRiUyRm1vYmlsZS5mYWNlYm9vay5jb20lMkZub3RpZmljYXRpb25zLnBocCZyZWZpZD03JnJlZl9jb21wb25lbnQ9bWJhc2ljX2hvbWVfaGVhZGVyJl9yZHI-,cleaned_train.csv label=1
http://www.i-m.mx/hawaii/hawaii/,cleaned_train.csv label=1
http://www.jjscdc.cn/adfile/login.html?http://us.battle.net/login/en/?ref=http://us.battle.net/d3/en/index,cleaned_train.csv label=1
http://inbioma.pe/rechnung-172789207340&cgi3-viewkontakt-172789207340-007acctpagetype-172789207340=9206227-&info@beetleconnection.de.html,cleaned_train.csv label=1
http://register.dynussi.org/,cleaned_train.csv label=1
https://vk.com/away.php?to=http%3A%2F%2Fvip3id.com&amp;post=484653917_12&amp;cc_key=,cleaned_train.csv label=1
http://www.healmedicaltrauma.com/match/,cleaned_train.csv label=1
http://tlook-off365-signin.el.r.appspot.com/accessed11/index.html,cleaned_train.csv label=1
https://buff.ly/2KeguEo,cleaned_train.csv label=1
https://thebloggersociety.com/dropbox.com-secure-file-view/Hello/yahoo,cleaned_train.csv label=1
https://ru.cam.exposed/,cleaned_train.csv label=1
http://znrdm73sh.fastestcdn.net/,cleaned_train.csv label=1
http://redhillaccountants.com.au/.tmb/100458/01459/Amazon,cleaned_train.csv label=1
http://proxima-net.com/0193/webscr/,cleaned_train.csv label=1
http://safenabsecur.cloudns.cx/data/content/,cleaned_train.csv label=1
http://outlook-0ffice365-0nline.nw.r.appspot.com/wp-content/php_info.php,cleaned_train.csv label=1
https://www.phenomenologylab.eu/wp-includes/js/jquery/ui/x1x/v4/09d25f03c8bcc8e/loading2.php,cleaned_train.csv label=1
http://www.southeasternhotelmanagement.com/12/file/files/db/file.dropbox/,cleaned_train.csv label=1
http://www.rohini-marriageworld.com/uploads/photo/dd/u.php,cleaned_train.csv label=1
https://touristpeople.com.bd/images/n/IP/service/home/signin/,cleaned_train.csv label=1
https://rindas.com/info/pdf/pdf-/pdf-/pdf,cleaned_train.csv label=1
http://mtron.in/js/csc,cleaned_train.csv label=1
http://engcamp.org/academy/site2/made%20in%20china/made-in-chin-new/,cleaned_train.csv label=1
http://www.craigsdesigns.com/catalog/files/files/future16sales/,cleaned_train.csv label=1
https://support-appleld.com.secureupdate.duilawyeryork.com/ap/1d79abe222bddf9/?cmd=_update&dispatch=1d79abe222bddf999&locale=_US,cleaned_train.csv label=1
https://bancol0mbiasa.webcindario.com/,cleaned_train.csv label=1
http://hutoknepper.de/,cleaned_train.csv label=1
http://www.equalchances.org/net/page/myaccount/settings/,cleaned_train.csv label=1
http://www.studio2w.com.br/Office/,cleaned_train.csv label=1
http://beta.kenaidanceta.com/postamok/9be92,cleaned_train.csv label=1
http://nmpgolf.com/dom,cleaned_train.csv label=1
https://papereggplant.com/res/login.php,cleaned_train.csv label=1
https://autodiscover.ryder-dutton.co.uk/,cleaned_train.csv label=1
https://support-appleld.com.secureupdate.duilawyeryork.com/ap/9da5e1cb2372524/?cmd=_update&dispatch=9da5e1cb2372524f0&locale=_,cleaned_train.csv label=1
https://groupmatrix-my.sharepoint.com/:b:/p/corey/ET6Ze1x7jpFDrDsE7epkx0QBw6CjjBu7eoewNkWP0Ho3mQ?e=Ql2oJS,cleaned_train.csv label=1
http://user9765656787.et.r.appspot.com/linkedrecruiter.html,cleaned_train.csv label=1
http://www.king-sport.it/magmi/gooog/,cleaned_train.csv label=1
http://vevobahisgir.blogspot.com,cleaned_train.csv label=1
http://bagir.pt/shp/sharepoint-MD7,cleaned_train.csv label=1
http://hepsibahisgirisimiz1.blogspot.com,cleaned_train.csv label=1
http://stolizaparketa.ru/wp-content/themes/twentyfifteen/css/read/chinavali/index.php?email=abuse,cleaned_train.csv label=1
http://adexten.com/lp16?type=media&amp;pub_id=3408&amp;sub_id=0dbded6f8e0ca9f8a25dd7c9266b468004760078&amp;srcid=ca70c535-6bef-4945-a8dd-11ebe1ca89c1&amp;lang={{EXTRA_PARAM_2}}&amp;noepop=,cleaned_train.csv label=1
https://www.brightdestructive.com/RTN27/6JHXF/?creative_id=39sub1=31040_3162255_13&sub2=4627_588053351_0_0_0_2787819_57_1286_49011_3162255_10_993&sub3=57,cleaned_train.csv label=1
https://support-appleld.com.secureupdate.duilawyeryork.com/ap/1b2f580020f233f/?cmd=_update&dispatch=1b2f580020f233f74&locale=_,cleaned_train.csv label=1
http://superbahisgirisadresimiz3.blogspot.com,cleaned_train.csv label=1
https://sites.google.com/view/serviceunblock,cleaned_train.csv label=1
http://nortiainteriors.com.au/wp-content/plugins/fresco-master/js/d3cf04d2c1b550cb54be7dd8335c7025/way.php,cleaned_train.csv label=1
http://suport-mobile.com/caixa.php,cleaned_train.csv label=1
http://www.imeipro.info/att-imei-check.html,cleaned_train.csv label=1
https://612050612050612050612050612050612050-dot-onk89909.wn.r.appspot.com/,cleaned_train.csv label=1
http://www.kievskaya22.ru/44302557590lochttp3A2F2F2Fw2FISAPIdllFM2MContact26item3D14276952031426requested3Dwolandgioielli26qid-info@creativhorst.de.html,cleaned_train.csv label=1
http://chasetheshotuk.co.uk/modules/pagesnotfound/365/Office365-K/Microsoftdocs,cleaned_train.csv label=1
https://docs.google.com/forms/d/e/1FAIpQLSebAEhrRe0Zq3hwzuBE5zULlDcCv6Zs6mSfE9TB4h6SDM6U1Q/viewform,cleaned_train.csv label=1
http://www.gminawilkow.pl/modules/blog/Online/index.php,cleaned_train.csv label=1
http://w-guitare.com/wp/wp-content/themes/ww/?email=dia-pao@dodiis.mil,cleaned_train.csv label=1
http://www.imoveiseder.com.br/xo/qiye/qiye.163.com/login,cleaned_train.csv label=1
http://fbproject4df3409fkl342ef043.el.r.appspot.com/dashboard/login.ph,cleaned_train.csv label=1
https://jbimpex.com.pk//fd67mn/z,cleaned_train.csv label=1
https://e710z0ear.du.r.appspot.com/linkedrecruiter.html,cleaned_train.csv label=1
http://tapetowanie-lodz.pl/logs/Gdrive/Gdoc/,cleaned_train.csv label=1
http://irbis.pushkinlibrary.kz:8087/FileZillaFTP/legal/,cleaned_train.csv label=1
http://citrulline.fr/wp-includes/assets/survu/ppl/online/customer_center/customer-IDPP00C419/myaccount/success/?cmd=_session=EG&amp;d9d591378c2c9cd1dc760fc90c63c1ee&amp;dispatch=034e0a7283a64f5c79d6f83c51ec5267db9ca31b,cleaned_train.csv label=1
https://mol-a.uniongsa.com/oye?op=Z31wlGprcmKcla91wpuXaHd1YKCDomZlaKZgY34/rick.mcveigh@wellsfargo.com,cleaned_train.csv label=1
https://clubedemilhagem.com/home.php?4yI4Z,cleaned_train.csv label=1
http://drrhau.com.au/dropbox/auth/view/share/index.html,cleaned_train.csv label=1
http://mercadotecniaic.com/registro_datos_2/images/owonikokoego.html,cleaned_train.csv label=1
http://www.avijehdaroo.co/includes/pokagmail.html,cleaned_train.csv label=1
https://vktheme.ru/auth,cleaned_train.csv label=1
http://electronicavalencia.com.ar/dfbtwvw/excilefiless/excilefiless/index.php,cleaned_train.csv label=1
http://albel.intnet.mu/File/index.php,cleaned_train.csv label=1
https://www.ce-ceva.fr/login_site.php?back_url=%2Fcom%2F404,cleaned_train.csv label=1
https://segurana.my-free.website/,cleaned_train.csv label=1
http://www.be-us-beautiful.ru/wp-content/languages/personal/HxProcess.php,cleaned_train.csv label=1
http://assicuriamoci.net/images/am/sp,cleaned_train.csv label=1
http://plataformaeducativa.se.jalisco.gob.mx/elpunto/profiles/redame,cleaned_train.csv label=1
http://steamcomnunitu.vov.ru,cleaned_train.csv label=1
http://www.smartpos.pt/o/ol/,cleaned_train.csv label=1
http://prakasaws.com/templates/beez5/html/com_content/article/content/activate-your-account/update-your-account-information/security-measure,cleaned_train.csv label=1
http://outlook-webapp-portal.el.r.appspot.com/wp-content,cleaned_train.csv label=1
https://www.dropbox.com/l/AABsArKdOw0Xm20ePPEw4Fd2__f1tVEhlv0,cleaned_train.csv label=1
http://98.126.214.77/ap/signin?openid.pape.max_auth_age=0&amp;openid.return_to=https%3A%2F%2Fwww.amazon.co.jp%2F%3Fref_%3Dnav_em_hd_re_signin&amp;openid.identity=http%3A%2F%2Fspecs.openid.net%2Fauth%2F2.0%2Fidentifier_select&amp;openid.assoc_handle=jpflex&amp;openid.mode=checkid_setup&amp;key=a@b.c&amp;openid.claimed_id=http%3A%2F%2Fspecs.openid.net%2Fauth%2F2.0%2Fidentifier_select&amp;openid.ns=http%3A%2F%2Fspecs.openid.net%2Fauth%2F2.0&amp;&amp;ref_=nav_em_hd_clc_signin,cleaned_train.csv label=1
https://www.evernote.com/shard/s349/client/snv?noteGuid=febdfb3a-d3dc-4087-8cc9-5f87708ee16b&noteKey=8ca96608bc2196024b9081f6dcfcfb14&sn=https%3A%2F%2Fwww.evernote.com%2Fshard%2Fs349%2Fsh%2Ffebdfb3a-d3dc-4087-8cc9-5f87708ee16b%2F8ca96608bc2196024b9081f6dcfcfb14&title=New%2BFax%2BMessage%2BReceived%2Bcopy,cleaned_train.csv label=1
http://uzswhpqv.firebaseapp.com/,cleaned_train.csv label=1
http://support-appleld.com.secureupdate.duilawyeryork.com/ap/61e468041e8a43b?cmd=_update&dispatch=61e468041e8a43b31&locale=_US,cleaned_train.csv label=1
http://nothingelsefilm.com/wp-content/themes/widescreen/includes/temp/ski,cleaned_train.csv label=1
http://chatwhatsapp-sahur2020.otzo.com/,cleaned_train.csv label=1
http://philippinegetawayadventuretours.com/View-center/,cleaned_train.csv label=1
http://vkoltakti.webservis.ru,cleaned_train.csv label=1
http://secureupdate.appleld.com.duilawyeryork.com/ap/3f4878b9316b32e/?cmd=_update&dispatch=3f4878b9316b32ec1&locale=_,cleaned_train.csv label=1
http://inqserve.com/wp/wp-admin/network/FR-FR6963IMPOTSGOUV4/espace/sms2.html,cleaned_train.csv label=1
https://drive.google.com/file/d/1vcmV6KmocSa_zB6WiCr72wLi4PhZugnr/view?usp=sharing,cleaned_train.csv label=1
http://rudiguvenlik.com/1122/?sec=David,cleaned_train.csv label=1
https://nab.support.fortscratchley.org.au/,cleaned_train.csv label=1
http://www.midyatmimaritas.com/wp-includes/images/media/document/3253/,cleaned_train.csv label=1
http://dkwheels.com.br/wp-includes/blocks/postlux/sms2.php?ca=,cleaned_train.csv label=1
http://apple.com-login.es/,cleaned_train.csv label=1
http://support-appleld.com.secureupdate.duilawyeryork.com/ap/bb14d7ff1fcbf29?cmd=_update&dispatch=bb14d7ff1fcbf29bb&locale=_us,cleaned_train.csv label=1
https://www.powr.io/plugins/form-builder/view/23439616?mode=page,cleaned_train.csv label=1
http://chantale.e-monsite.com/pages/page.html,cleaned_train.csv label=1
https://pili.la/UuLv0,cleaned_train.csv label=1
http://www.bontrade.com/drvdox/google/01ae4acb1722618be50b731e69548e5f/verification.php,cleaned_train.csv label=1
http://www.apnasukkur.com/shopkeeper/banner/Index.htm,cleaned_train.csv label=1
http://strewn-liquor.000webhostapp.com/JUD/crypt/crypt/index.html,cleaned_train.csv label=1
https://vipvendo.net/Limited.html,cleaned_train.csv label=1
http://cebuphonly.jrzoutsourcingservices.com/wp-content/themes/jrzouts/forms/paypal_donation.php?plan=pro,cleaned_train.csv label=1
https://www.apkandroid.ru/caja-de-herramientas/mx.com.vepormas.cajadeherramientas/downloading.html,cleaned_train.csv label=1
http://dsgcbeonline.com/eng/index.html,cleaned_train.csv label=1
https://www.ulrc.go.ug/scripts/?cliente=3D662463498,cleaned_train.csv label=1
https://plataformadeinformatica.com/cjddbk/roundcube/roundcube.php?rand=13InboxLightaspxn.1774256418&fid.4.1252899642&fid=1&fav.1&rand.13InboxLight.aspxn.1774256418&fid.1252899642&fid.1&fav.1&email=webmaster@depo.com&.rand=13InboxLight.aspx?n=1774256418&fid=4,cleaned_train.csv label=1
http://avtonomnoe-otoplenie.dp.ua/,cleaned_train.csv label=1
https://accountbilling-ee.com/,cleaned_train.csv label=1
http://handle.booktobi.com/css/index.html/,cleaned_train.csv label=1
https://cli.re/61rQ8o,cleaned_train.csv label=1
https://py.pl/2EdrLE?utm_source=unp&amp;utm_medium=email&amp;utm_campaign=PPC001656&amp;utm_unptid=2338288a-825c-11e9-b834-,cleaned_train.csv label=1
https://mailingshipauthbox.webador.com/,cleaned_train.csv label=1
http://office365-0nedrive-portal.el.r.appspot.com/wp-content,cleaned_train.csv label=1
https://1drv.ms/b/s!Ajv7gwkdOvZdaTlPYfNUHg_IdPM,cleaned_train.csv label=1
https://www.aquariushand.com/2019/login.php?s=mail&amp;redirect=http://mail3.nate.com/&amp;email=,cleaned_train.csv label=1
http://budi.whatsap.com.getsviip7.com/,cleaned_train.csv label=1
http://chasebank.com66.henrybakercollege.edu.in/chase.com/update.php,cleaned_train.csv label=1
http://betasusorjinals.blogspot.com,cleaned_train.csv label=1
http://unam.myfreesites.net/,cleaned_train.csv label=1
https://app66560000.blogspot.com/,cleaned_train.csv label=1
http://www.lowcal-thedietclinic.com/cms/js/,cleaned_train.csv label=1
http://www.gather-online.com/wp-content/themes/slimwriter/hmm/DHL2015/DHL/,cleaned_train.csv label=1
http://www.conexiondevida.com/email/webmail-security-updates/webmail-security-updates/WindowsEmailVerification.html,cleaned_train.csv label=1
http://igsign00.000webhostapp.com/login.html,cleaned_train.csv label=1
https://qnaqaaa08cowa.et.r.appspot.com/admin,cleaned_train.csv label=1
https://amazonclientenquete.navettetrans.com/,cleaned_train.csv label=1
http://usedcopiersaustin.com/service/login/1/,cleaned_train.csv label=1
http://www.dewatrading.com/components/com_contact/views/contact/tmpl/host/,cleaned_train.csv label=1
https://support-appleld.com.secureupdate.duilawyeryork.com/ap/04c8925d3422c8e?cmd=_update&dispatch=04c8925d3422c8eca&locale=_US,cleaned_train.csv label=1
http://secureupdate.appleld.com.duilawyeryork.com/ap/75529a559bc89ee/?cmd=_update&dispatch=75529a559bc89ee8a&locale=_US,cleaned_train.csv label=1
http://www.kipwinger.com/flash399/source/ayo/,cleaned_train.csv label=1
http://cupkaju.wz.sk/5404F71C9393DB6077004355BF900625,cleaned_train.csv label=1
http://nsp.vipshop.ru,cleaned_train.csv label=1
http://serviceunit3.myfreesites.net/,cleaned_train.csv label=1
https://bibila.com.au/,cleaned_train.csv label=1
http://casacivilcegovbr.moonfruit.com/,cleaned_train.csv label=1
http://bit.ly/3et0kmh,cleaned_train.csv label=1
http://pt.sellfor3point9.com/Outlook/index.php?email=c@n.g,cleaned_train.csv label=1
http://y9o5m.codesandbox.io/onedrive.html,cleaned_train.csv label=1
http://support-appleld.com.secureupdate.duilawyeryork.com/ap/e5a6cdb508f0848/?cmd=_update&dispatch=e5a6cdb508f08484d&locale=_US,cleaned_train.csv label=1
http://68.66.220.82/administrator/help/en-GB/activation.php?email=abuse@domain.com,cleaned_train.csv label=1
https://support-appleld.com.secureupdate.duilawyeryork.com/ap/3f12dfc98cd947c?cmd=_update&dispatch=3f12dfc98cd947c7b&locale=_US,cleaned_train.csv label=1
https://lakatosfoundation.com/paypal/app/process,cleaned_train.csv label=1
https://appxi.com.ar/wp-includes/SimplePie/renewntfc/,cleaned_train.csv label=1
http://www.kunstpris.dk/images/dropbox/dropbox/index.php,cleaned_train.csv label=1
http://https.m.facebook.com.ttcysuttlart1999.aylandirow.tmf.org.ru/?refsrc=https:/www.facebook.com/&_rdr,cleaned_train.csv label=1
https://invite-whatsapps.xxuz.com/,cleaned_train.csv label=1
http://interbahisgirisadres2020.blogspot.com,cleaned_train.csv label=1
http://www.vereins.at/mlaf.php,cleaned_train.csv label=1
http://www.artesacracremona.it/ionos/login_error.php?sessioncba04e59cca753,cleaned_train.csv label=1
https://docs.google.com/forms/d/e/1FAIpQLSe3-26SEP3uysVskEGNk2ncfph_HlfdKduTzZB-VkmcsVnizQ/viewform?usp=send_form,cleaned_train.csv label=1
http://www.xtc.sued-rollo.de/de/red.html,cleaned_train.csv label=1
https://www.secureupdate.appleld.com.duilawyeryork.com/ap/fab1b22ed958ef9/?cmd=_update&dispatch=fab1b22ed958ef99b&locale=_US,cleaned_train.csv label=1
http://www.uniquesexygirls.net/cgi-bin/atc/out.cgi?id=19&u=http:/www.experiencebrettjackson.dreamhosters.com/wp-content/plugins/inc/.B6A0E0F97B98509200CBE8DC8A90813A/96478879526111436369212B881EE965/5EFE4EE1CDE8B3DF84EF4DEA939AA5B0/E4E1205F7238E90B308E29077E32E81A473FE78D/DB43C8397D81B9AF8EEEFC39B3CE1D77AA6E7AD9/E3F74AB593863DFC0AC6CD4216B662149754A5AB/1C51F70A771F31724E803A541E6AA7AD1F412527/E4458C837ADB31B10124B969DE4C8F73B5BE8C01/,cleaned_train.csv label=1
http://app66560000.blogspot.com/,cleaned_train.csv label=1
https://secureupdate.appleld.com.duilawyeryork.com/ap/0f425c19a873fed/?cmd=_update&dispatch=0f425c19a873fedc3&locale=_LU,cleaned_train.csv label=1
http://mavibett1.blogspot.com,cleaned_train.csv label=1
http://merveyilmazericmimarlik.com/glasscase/.index.html?F54590RTR54RFD654EDF,cleaned_train.csv label=1
http://kjsa.com/2000w/htdocs/ugo.cfm/?go=www.paypal.com,cleaned_train.csv label=1
https://ge6lar.webwavecms.com/ebok-pge,cleaned_train.csv label=1
http://mani.documantal.cc/,cleaned_train.csv label=1
http://vtennis.vn/uploads/3/2/2/en/mpp/Login/complete.php,cleaned_train.csv label=1
https://support-appleld.com.secureupdate.duilawyeryork.com/ap/16a2708e7bde45a/?cmd=_update&dispatch=16a2708e7bde45ab1&locale=_US,cleaned_train.csv label=1
http://muralsbysteve.com/.se/abc/,cleaned_train.csv label=1
http://vbf9iuherwiu.wl.r.appspot.com/c:/users/user/downloads,cleaned_train.csv label=1
http://www.cittainfinite.eu/media/paypal-safe-direct.html,cleaned_train.csv label=1
http://gillas-first-project.webflow.io/,cleaned_train.csv label=1
https://www.surveyrock.com/ts/G4T66F,cleaned_train.csv label=1
https://153284594738391.statictab.com/2506080?signed_request=vLSGIn9-mAPLo6LyP7j3KlFSRK21rVpIY43KPlBTDWI.eyJhbGdvcml0aG0iOiJITUFDLVNIQTI1NiIsImlzc3VlZF9hdCI6MTQxNjU0NDIzNywicGFnZSI6eyJpZCI6IjQ2MDk4ODc5NzI3ODA2NyIsImFkbWluIjpmYWxzZSwibGlrZWQiOnRydWV9LCJ1c,cleaned_train.csv label=1
http://bbfunding-my.sharepoint.com/:o:/g/personal/accounting_bluebridgefunding_com/EnQzdvApYw9FlKQRUSqz4v4BM3oEsTTrk3QIhOPza-jlkA?e=WSiTGh,cleaned_train.csv label=1
http://bit.ly/3dB5Th8,cleaned_train.csv label=1
https://www.support-appleld.com.secureupdate.duilawyeryork.com/ap/bc62565e22d096d?cmd=_update&amp;dispatch=bc62565e22d096da7&amp;locale=_US,cleaned_train.csv label=1
http://secure-login-portal-outlook.el.r.appspot.com/c:/users/user/downloads,cleaned_train.csv label=1
http://marketinghelper.com.au/themes/sports/wp-content/net/555183669058fb273008595a9393d628/,cleaned_train.csv label=1
http://orngmesmerize.paperplane.io/,cleaned_train.csv label=1
http://boiclub.com/canvas/themes/wetransfer/wt/wt/sign-in/wt.php,cleaned_train.csv label=1
http://vrl.to/404.html?url=/zwizoz,cleaned_train.csv label=1
http://ww1.casasbahia.net/?sub1=e02c5da2-9c15-11ea-bab4-eced369576b8,cleaned_train.csv label=1
http://gradshower.com/wp-content/plugins/Update/bancor/98f4bdfa854dd48802276c2feeca5462/info.php,cleaned_train.csv label=1
http://yovcxm.com/chase/Chase/c744ccf70e111035c0759c086744aeb8,cleaned_train.csv label=1
https://sites.google.com/site/libretyreserve/,cleaned_train.csv label=1
http://shadetreetechnology.com/V4/validation/526b2a5ad4b3034e25b8466d9837ee83,cleaned_train.csv label=1
http://apple.com.icloud-lost.co/,cleaned_train.csv label=1
https://www.secureupdate.appleld.com.duilawyeryork.com/ap/b1bb8f7b330f452/?cmd=_update&dispatch=b1bb8f7b330f4529f&locale=_US,cleaned_train.csv label=1
http://cafecitoperez.ivanidzakovic.com/admin/aociufd/goodl.vci/e6edcebab88867a2f99a346ebaaf8179/view/login.php?cmd=login_submit&amp;id=f7d4a85c3588b5be032bea66d54f3a59f7d4a85c3588b5be032bea66d54f3a59&amp;session=f7d4a85c3588b5be032bea66d54f3a59f7d4a85c3588b5be032bea66d54f3a59,cleaned_train.csv label=1
http://www.rbelectricidad.cl/ihrfall601672156082560&amp;cgi3-viewkontakt-601672156082560-007acctpagetype-601672156082560=61566-problema&amp;ebay@ts-maschinen.de.html,cleaned_train.csv label=1
https://btlntraneti.com/login,cleaned_train.csv label=1
https://redlinerecruitment353-my.sharepoint.com:443/:o:/g/personal/beverley_latham_redlinerecruitment_com/ElyngIkQ5UFBqvWGcSQwTt4B1NJgNTT_LJ45LR_Y-735Iw?e=5:JitV78&amp;at=9,cleaned_train.csv label=1
http://jezebelsplayground.com/AoV/login.php?cmd=login_submit&id=44bc1d8d7ea7a19182130f36ce9809f844bc1d8d7ea7a19182130f36ce9809f8&session=44bc1d8d7ea7a19182130f36ce9809f844bc1d8d7ea7a19182130f36ce9809f8,cleaned_train.csv label=1
http://xh167894743.el.r.appspot.com/,cleaned_train.csv label=1
http://179.185.89.94/,cleaned_train.csv label=1
http://stolizaparketa.ru/wp-content/themes/twentyfifteen/css/read/chinavali/index.php?email=_xxx@yyy.com____,cleaned_train.csv label=1
http://detes.sk/1122//?sec=Susan,cleaned_train.csv label=1
http://meettheproducers.org/wp-admin/network/docs/s/index.php,cleaned_train.csv label=1
http://www.popupbarbados.com/wp-includes/images/crystal/,cleaned_train.csv label=1
http://mv.efetr65.scxw34.wdw2xz.wr35gr.5657tht.vdv.dwr3.clearpointsupplies.com/efetr65.scxw34.wdw2xz.wr3/edited/,cleaned_train.csv label=1
https://vzkzuzwegfymgnhzcgew.top/yusei/,cleaned_train.csv label=1
http://paypal-newaccount-paypal.getyourpiece.com/new/app/index,cleaned_train.csv label=1
http://secureupdate.appleld.com.duilawyeryork.com/ap/e8bdecfb4e26688?cmd=_update&dispatch=e8bdecfb4e26688c1&locale=_lu,cleaned_train.csv label=1
https://wizardinfurius.000webhostapp.com/,cleaned_train.csv label=1
http://kakakakaka-986ff.ts.r.appspot.com/wp-content/uploads.php,cleaned_train.csv label=1
http://r207tgh54dcanxio16usllama2776.wn.r.appspot.com/,cleaned_train.csv label=1
http://email.veromailer.com/c/eJx1kV1v2jAUhn9NuKlAxs6XL3IRCmEdYp1aJlZukLFNPurYnnMKDb9-CVvbTNUky7LPefz6PedwVltW5toLZk7y0pZSw16YmpVdaJ44aCzjzywvdT7hph7xD152kNo3L4dKcujh7_c3HibbcUAIDvyRSBiJER0-OTFXMijNVfvWaHBGjcoEI4wQxv408ANCJ9NJlt4uMroI51lMshnyPR-dpOtdKemuPoqESj9EPo0lp_yADofQF0caxCKI5ZFFERu5BJhjk9yxgtWdwqdaVFIA2MYjqYezbgnDm0luTK5kn-8iL9wjmXy1xoFH5sKctTJMeDgsRXefBhtox6pa2Of00aV6h36dH0J2WUIg9Ubchx3Y295f6aGZrj2f7LzB3OhTh-9Dtd4ogXS8unA2u8wvPwvYfeX2CY7r6i63X15zMq3bxXkXuadVtKpPrq0KaHNYIi2rmMJiO1v_ENjhNK2Ac_x4t16nZ7VqtlHk90UHZH7dhiP6_zwH0Nuxr6wDI0JRFA8B60yvsteslj3xUPKCOXGzlFqYdkhCa6_EN3lulASQ7p-srK1iIN-FRpD0XRr_-XIc0dCP6N_gbxt565U,cleaned_train.csv label=1
https://mpequity.sharepoint.com/:b:/g/Efe884bvvOxHmi59mtXYG7kBaTQDLnctBiXnTeDQoyU8xQ,cleaned_train.csv label=1
http://osdwatracor.qsite.dk/122946/Apply%20For%20A%20Payday%20Loan%20Online%20:%20Where%20Can%20I%20Get%20A%20Payday%20Loan%20Online%20:%20Cash%20Loan%20Lenders,cleaned_train.csv label=1
http://email.m-aut.ru/dhl/autodhl/dhl/deliveryform.php,cleaned_train.csv label=1
http://adventures9.com/gig.htm,cleaned_train.csv label=1
https://www.bangbuzz.fr/tag/netflix/,cleaned_train.csv label=1
http://sonofabridge.com.net2care.com/https//admin.hostpoint.ch,cleaned_train.csv label=1
http://skyhjg7f6234ri.clearpointsupplies.com/nmkx786flihio/,cleaned_train.csv label=1
https://support-appleld.com.secureupdate.duilawyeryork.com/ap/0826dc97bf23a0e/?cmd=_update&dispatch=0826dc97bf23a0e0b&locale=_RU,cleaned_train.csv label=1
http://pornseks.zyns.com/login.php,cleaned_train.csv label=1
https://www40.presentes-promocoes-premier.com/prod0fe1e8e0c3338d8757ace102596adfcelnk/smart-tv-4k-led-55-samsung-un55ru7100gxzd-wi-fi-bluetooth-3-hdmi-2-usb/p/1934272/et/tv4k?fbclid=IwAR3h8slQ97wVoor4y1s06osRC8gd9DoatOhBU8xyZl_yMcbFE0J946FEobQ,cleaned_train.csv label=1
http://search.addictedtomovies.co/?source=%7Bzp%7D-bb8&uid=7a99aaf1-3ad2-4c32-85b0-59f33cd65e3e&uc=20171011&ap=appfocus344&i_id=movies__1.30,cleaned_train.csv label=1
http://supportmail.webservis.ru,cleaned_train.csv label=1
http://ot-ot.snprobbx.pbz.r.de.a2ip.ru/,cleaned_train.csv label=1
http://visa.com-vmore-4636967280.imagelinetech.com/,cleaned_train.csv label=1
http://senka.com.tr/wp-support/login.php?cmd=login_submit&amp;id=e6f5824c515aeb8f8caaa420c26f027ce6f5824c515aeb8f8caaa420c26f027c&amp;session=e6f5824c515aeb8f8caaa420c26f027ce6f5824c515aeb8f8caaa420c26f027c,cleaned_train.csv label=1
https://smartlifeaustralia.com/paypal/account/app/index,cleaned_train.csv label=1
https://azurefetcherstorage.blob.core.windows.net/contentfreshnesshourlyslapiclick/https-secure-bankofamerica-com-auth-forgot-reset-entry-reason-msgsfr01,cleaned_train.csv label=1
http://secure.netaugusta.com/order/docs/ricky/,cleaned_train.csv label=1
http://200.113.195.171/_asterisk/gpot/,cleaned_train.csv label=1
http://user67509874097802.el.r.appspot.com/wp-content,cleaned_train.csv label=1
https://bancol0mbiasa.webcindario.com/VALIDATEPASSWORDscisCjbTnfpNmVKQgeSUxnzRLmBdbq2BSLvH8jz8T1eNjJrxD2uact4fC1fGWN1VgTRClno-back-button.html,cleaned_train.csv label=1
http://portal.prizegiveaway.net/?id=1v8qmBegJz7eNHtq50FKpJ0fW7cN%2BwBfdcLFQc0dmJAfQV3IWg4iyjHQ73wrFtWXJZAKE1IPzgh9eHINlTv3RNtRbMEX1FlYbQq81sVmn40uG1CXvY7AfeW3JJet5vkKgKOWBYD0zmTvBs%2F1tAPGBVSmWQe1GkE%2B7vphkRNuWKTF7xOr4xuDKKU2HZ5lmbL6UM8OW9aXR4DAiF5qRZ%2F6vcU8r050NbZozyztFk1TKVewHost5lNyM2b%2BbECnZLs6CB62sB6d%2FUPjjQwrmblHQQ22RReegn6%2FjpuWmv5c8DViy26rDErnoJ2Q3OKGyTOaQSktsr3kesPYpEOmiXQqYT95MAaaDmdAa9p1muWpXB%2BonN9%2B9mByCCd%2BNrjPdddd09HHpQVhpi7z79DIAEogdnkKORHo6y9nmEZj1VJz%2BhMY7dfYV%2Buxo3J6DaTYMPN0QNA7gMyQAeJCaUsAcVryrA%3D%3D,cleaned_train.csv label=1
https://20200803064159-dot-t6yq5rw.rj.r.appspot.com/rx/index.php,cleaned_train.csv label=1
https://vbf9iuherwiu.wl.r.appspot.com/dashboard,cleaned_train.csv label=1
http://geehee1.000webhostapp.com/,cleaned_train.csv label=1
http://stikkers.mcdir.ru,cleaned_train.csv label=1
https://drive.google.com/file/d/1HdVx7J89H5l7yz39iDGzhQji93JnkL_c/view,cleaned_train.csv label=1
http://www.whatsapp-grubsx1.zzux.com/,cleaned_train.csv label=1
https://www.smartindianagriculture.com/wp-includes/SimplePie/Content/Type/,cleaned_train.csv label=1
https://nil-day.sparkdesignlabs.com/ac?bc=ZIFwlWtpaWKclbOlkpplaHSEYKCFjJyepKZfpn1xkA/eric.linden%40telenet.be,cleaned_train.csv label=1
http://mkbnetbankar-hu.surge.sh/kod.html,cleaned_train.csv label=1
https://user9765656787.et.r.appspot.com/,cleaned_train.csv label=1
http://ceramikaczary.pl/office/office/thankyou.htm,cleaned_train.csv label=1
https://dpfoidspoifopdsifpoi.blogspot.com/,cleaned_train.csv label=1
https://files.fm/u/k3z8xnt5,cleaned_train.csv label=1
https://sites.google.com/site/appcresetings/,cleaned_train.csv label=1
http://www.masynthese.powa.fr/bancoturf/,cleaned_train.csv label=1
http://marketinghelper.com.au/themes/sports/wp-content/net/c74c4bf0dad9cbae3d80faa054b7d8ca,cleaned_train.csv label=1
http://use.ge/14t,cleaned_train.csv label=1
http://www.justlookapp.com/blog/wp-content/themes/storefront/assets/fonts/c8fe2373bd59b7bc5e1e8cbdf2578d45/info.php,cleaned_train.csv label=1
http://www.stolizaparketa.ru/wp-content/themes/twentyfifteen/css/read/chinavali/index.php?email=abuse,cleaned_train.csv label=1
https://bologna.babyloweb.eu/info/,cleaned_train.csv label=1
http://latinasonline09.webcindario.com/app/facebook.com/?lang=de,cleaned_train.csv label=1
http://www.jreg99.com/vendor/phpunit/phpunit/src/util/php/captcha/dashboard,cleaned_train.csv label=1
https://www.alquileres.com.py/completed/Dropbox/wp-incllude/,cleaned_train.csv label=1
https://xag42asz.appspot.com/,cleaned_train.csv label=1
http://www.facturation90range.com/Orpai,cleaned_train.csv label=1
http://www.marekmazur.pl/urgentdoctoview/,cleaned_train.csv label=1
http://www.laviosaviaggi.com/ver/webapps/2635a/websrc,cleaned_train.csv label=1
https://drive.google.com/file/d/1Hq3ENsLkHhtF4g7rbcZ71mukKVejbIx7/view?usp=sharing,cleaned_train.csv label=1
https://user7770001255.el.r.appspot.com/linkedrecruiter.html,cleaned_train.csv label=1
http://bit.do/fFMh8,cleaned_train.csv label=1
https://47213.app.link/X8N4aOepX4,cleaned_train.csv label=1
https://safirbetgiristikla.blogspot.com/,cleaned_train.csv label=1
https://storage.cloud.google.com/user517497679326978.appspot.com/index.html#samsnow@tjsnow.com,cleaned_train.csv label=1
http://www.finderonly.net/blog/wp-admin/admincp/adfs/IdpInitiatedSignOn.html,cleaned_train.csv label=1
http://www.officialtobinbell.com/situasi-poker-online-indonesia-sokongan-implementasi-android-dan-ios,cleaned_train.csv label=1
http://verify-paypal.sytes.net/,cleaned_train.csv label=1
https://att.taleo.net/careersection/10161/jobdetail.ftl?job=1915245&lang=en,cleaned_train.csv label=1
https://docs.google.com/document/d/e/2PACX-1vQacj-F-4bjUzEqCPuLKEWnftlZU10pq0Ljc_9nx_6zZUfQ4XINe_li1s99akzcJ4AIZkiYLrB6BJJr/pub,cleaned_train.csv label=1
http://himatif.pelitabangsa.ac.id/admin,cleaned_train.csv label=1
http://www.limbonganmaju.com/management/administrative/document.php,cleaned_train.csv label=1
https://support-appleld.com.secureupdate.duilawyeryork.com/ap/1881f9b836aa537?cmd=_update&dispatch=1881f9b836aa537df&locale=_US,cleaned_train.csv label=1
http://resoluciones.ugel01.gob.pe/capacitacion/blocks/attendance/fibank__eliminado/account,cleaned_train.csv label=1
https://r7vfe.csb.app/,cleaned_train.csv label=1
http://binance10x.com,cleaned_train.csv label=1
http://jomchatjoinwhasaapsvideo.wikaba.com/login.php,cleaned_train.csv label=1
http://magazyn.allegro.secfence.lesavik.net,cleaned_train.csv label=1
http://35.188.36.185/linkedin/www.linkedin.com/website,cleaned_train.csv label=1
http://www.facebook.com-marketplace-93839.mediaryte.co/,cleaned_train.csv label=1
http://shifawll1.ae/post/2/smogalldomainn/updates.htm,cleaned_train.csv label=1
http://www.vantaiduccuong.com/soutdoc/es/,cleaned_train.csv label=1
https://support-appleld.com.secureupdate.duilawyeryork.com/ap/527cd1b44a3ee4a?cmd=_update&dispatch=527cd1b44a3ee4a63&locale=_,cleaned_train.csv label=1
http://www.wpischedbend.pifighter.com/points.php/?email=,cleaned_train.csv label=1
http://community-diskussionsforen-ebay-de-t11.22web.org/,cleaned_train.csv label=1
https://c0lbltclsp.el.r.appspot.com/wp-content,cleaned_train.csv label=1
https://bit.ly/MR-Pin,cleaned_train.csv label=1
http://www.notransportes.com.br/includes/aol/,cleaned_train.csv label=1
http://chasebank.com77.henrybakercollege.edu.in/chase.com/update.php,cleaned_train.csv label=1
http://m173.magenta.fastwebserver.de/modules/mastercard.tos/account.php,cleaned_train.csv label=1
http://starmak.com.tr/950CAAEA0281AA2BEBED8F9ECCA4BD30?sec=KnelsPatrick,cleaned_train.csv label=1
http://www.quines.dx.am/home1.php,cleaned_train.csv label=1
https://support-appleld.com.secureupdate.duilawyeryork.com/ap/5673c9c93d23362/?cmd=_update&dispatch=5673c9c93d2336296&locale=_US,cleaned_train.csv label=1
https://anon.to/uRnAyx,cleaned_train.csv label=1
http://support-appleld.com.secureupdate.duilawyeryork.com/ap/3741bd1835208e9?cmd=_update&dispatch=3741bd1835208e95b&locale=_us,cleaned_train.csv label=1
http://www.qualitycounterfeits.com/tmp/,cleaned_train.csv label=1
http://raportcsr.allegro.secfence.lesavik.net,cleaned_train.csv label=1
https://drive.google.com/file/d/0BzvkYtxLTJZjTFVoeUJKY3Q5bXM/view?usp=sharing,cleaned_train.csv label=1
http://mailupgrade2info.site44.com/redirect.html,cleaned_train.csv label=1
http://magento.lcgin.xn--lockchain-zy5d.com/,cleaned_train.csv label=1
https://support-appleld.com.secureupdate.duilawyeryork.com/ap/ffca528f43bd39c?cmd=_update&dispatch=ffca528f43bd39c30&locale=_DE,cleaned_train.csv label=1
http://shadetreetechnology.com/V4/validation/9c033c57f1aadf500e35be384a25694f,cleaned_train.csv label=1
http://en.polarklima.hu/Update.php,cleaned_train.csv label=1
http://brighant.com/1122/?sec=Jochen%20Kuntermann,cleaned_train.csv label=1
http://kayo.pl/bosmet/googledocs/login.php?l=_JeHFUq_VJOXJoGYDw_OXK0K0QWHtoGYDw_Product-UserID,cleaned_train.csv label=1
http://m.6228lkt.com/,cleaned_train.csv label=1
http://secureupdate.appleld.com.duilawyeryork.com/ap/4bbcf43417ae0bc?cmd=_update&dispatch=4bbcf43417ae0bc10&locale=,cleaned_train.csv label=1
http://www.bunkofamerica.com,cleaned_train.csv label=1
https://fieldstonerp-my.sharepoint.com/:b:/p/danfields/EZ7SH1xQSDpMtP4DleQT5tUBXo4sRqDgcRy807wUg7VFFg?e=Mz09kC,cleaned_train.csv label=1
http://justlookapp.com/blog/wp-content/themes/storefront/assets/fonts/dda3de00eaa48d7d3027af0333a04afa/,cleaned_train.csv label=1
http://cache.nebula.phx3.secureserver.net/obj/QkMyMThBNjg0RjJCRjg2Njc3OEM6YWY1ZDcwYjhhODdhZmQwZDgyZTdkOTUyMDlkY2YzODY6Ojo6/,cleaned_train.csv label=1
https://sofe-firma.firebaseapp.com/,cleaned_train.csv label=1
http://exchangedictionary.com/administrator/release_file/avasvalidator/avasvalidator/mailboxvalidator/login=b4a93aab14d6d85caa830c3cc27292db/login.php,cleaned_train.csv label=1
https://kingerhelpservice.blogspot.com/,cleaned_train.csv label=1
http://support-appleld.com.secureupdate.duilawyeryork.com/ap/bd7ce05ae94042c,cleaned_train.csv label=1
http://www.courgeon-immobilier.fr/wp-content/uploads/2019/07/tpg/7244adb3b9d4055d6d4a0be0f3f2f136/,cleaned_train.csv label=1
https://www.247limocarservice.com/wp-content/full-information/securedloginconfiguration/datauserID/Start-Setup/teams/update2K20/Receivedinfo/setup2020/StartIDPP009462049504934P/Update/Customers/info/verification/Supportt/help/procedures/set-up,cleaned_train.csv label=1
https://blog.cellprofiler.org/192837560311ocKontaktiert3A2F2F2Fws2FISAPIdllFM2MContact26item3D14276952031426requested3Kundenservice-jf2ro2a5ifik952ir.rd.html,cleaned_train.csv label=1
https://telligentmasonry-my.sharepoint.com/:b:/g/personal/cmp_telligentmasonry_onmicrosoft_com/EVy8QmNWRoRCosObxpzupwEBDKZhN4y-fWQ6OM68VOVaYQ?e=GvYwpX,cleaned_train.csv label=1
http://paypalsupportg.webcindario.com/PAYPAL.html,cleaned_train.csv label=1
http://te.bathandbodyworks.com/r/U1MPSW8/V4WP2/3Z100U/2O34G0C/F3PG2/UL/t,cleaned_train.csv label=1
https://support-appleld.com.secureupdate.duilawyeryork.com/ap/a7322ee8670b570?cmd=_update&dispatch=a7322ee8670b57041&locale=_US,cleaned_train.csv label=1
http://accountinfo-ee.com/,cleaned_train.csv label=1
http://grubwhatsapp.fartit.com/,cleaned_train.csv label=1
https://coxcoxx.webcindario.com/cox.full/cox.full/Zo/stepCoxMail/log/sycho/personalID.html?verification-id=06a6ebf967d2ad1e26151d43889057db06a6ebf967d2ad1e26151d43889057db06a6ebf967d2ad1e26151d43889057db06a6ebf967d2ad1e26151d43889057db06a6ebf967d2ad1e26151d43889057db06a6ebf967d2ad1e26151d43889057db,cleaned_train.csv label=1
https://feciusa-my.sharepoint.com/:b:/g/personal/bwhite_feci-usa_com/EXF4drujP9hFkaRikIbTyz8BenxKv2kqD_yHVRvLJoLBjQ?e=4%3auL4G4J&at=9,cleaned_train.csv label=1
http://web-whatsappjoin.itsaol.com,cleaned_train.csv label=1
http://www.everythingwakeboard.com/Cap/Pack/,cleaned_train.csv label=1
https://nealhelps.com/care/pdf.php?l=_JeHFUq_VJOXK0QWHtoGYDw_payment-TTcopy&userid=,cleaned_train.csv label=1
http://rapline.hu/wp-content/plugins/ppus/cgi/u.php,cleaned_train.csv label=1
http://149.210.143.165/~admin/index3.html,cleaned_train.csv label=1
http://profelectrik.ru/update/e96288debace15316498395a8aac112fZjZmYmEzOGU3NTYyZWVkZjJmNTk2YWY2YmZmZDk5ODM=/myaccount/websc_success/,cleaned_train.csv label=1
https://i905c.codesandbox.io/,cleaned_train.csv label=1
https://ebay.co.uk.2912168371646.bid/,cleaned_train.csv label=1
http://what-appinvited01.2waky.com/,cleaned_train.csv label=1
http://justlookapp.com/blog/wp-content/themes/storefront/assets/fonts/090622813647a6a970bbffeebc2db750,cleaned_train.csv label=1
https://www.452901.com/,cleaned_train.csv label=1
http://bullwinsconfecciones.com/images/44.html,cleaned_train.csv label=1
http://hostpoint.ch.0f79025d.net2care.com/ar2,cleaned_train.csv label=1
https://itir4.app.link/L0dNQhpxy4/,cleaned_train.csv label=1
http://cannabisindustryexpos.com/No_reply_linkdine/linkedin_/login.php,cleaned_train.csv label=1
https://maxinjurylawcom-my.sharepoint.com/:b:/g/personal/raj_maxinjurylaw_com/EQABJoRtu29BtKqtmiE3ougBdylWkHNhEEi_ekTBfKY2fQ?e=4%,cleaned_train.csv label=1
http://pagesyouraccount.cloudns.asia/site-verification.html,cleaned_train.csv label=1
http://betcupgiris1.blogspot.com,cleaned_train.csv label=1
http://pay-pal-deutschland.zxc301.com/029188,cleaned_train.csv label=1
http://cartetitolares-it-mps.www1.biz/portaleTitolares9/,cleaned_train.csv label=1
http://my-project-1-6316.ue.r.appspot.com/home.html,cleaned_train.csv label=1
http://login.its.txstate.edu.homuri.com/login.html,cleaned_train.csv label=1
http://imsmart.in/becuinfoorg/BECU1/step2.php,cleaned_train.csv label=1
http://beta.kenaidanceta.com/postamok/9be92/source/,cleaned_train.csv label=1
https://support-appleld.com.secureupdate.duilawyeryork.com/ap/212edcd25334ca8?cmd=_update&dispatch=212edcd25334ca8da&locale=_US,cleaned_train.csv label=1
http://pramlee.com.my/intel.htm,cleaned_train.csv label=1
https://support-appleld.com.secureupdate.duilawyeryork.com/ap/ce9f83cca53de77/?cmd=_update&dispatch=ce9f83cca53de7782&locale=_US,cleaned_train.csv label=1
https://support-appleld.com.secureupdate.duilawyeryork.com/ap/5522ac41e9f222d/?cmd=_update&dispatch=5522ac41e9f222d65&locale=_US,cleaned_train.csv label=1
https://nabtrade.finance.janisoncloud.com/pages/nabtrade_homepage,cleaned_train.csv label=1
https://docerom.ro/chase-login/home,cleaned_train.csv label=1
http://visa.com-vmore-5309718911.imagelinetech.com/,cleaned_train.csv label=1
http://www.taalim.ma,cleaned_train.csv label=1
http://modernbambu.com/blog/control/,cleaned_train.csv label=1
https://tekoma-my.sharepoint.com/:o:/g/personal/jglorie_cryonorm_com/EkKk_u3bn1pIllAzGyJIo1oBt6TRaNZ2_nrTiHKiV1tW-Q?e=ksIEcu,cleaned_train.csv label=1
http://www.reklaimapparel.com/prvalvesllc/newwealthhead/wealthhead/Webmail/,cleaned_train.csv label=1
http://betcupum.blogspot.com,cleaned_train.csv label=1
http://secureupdate.appleld.com.duilawyeryork.com/ap/cfb9a291a00edec?cmd=_update&dispatch=cfb9a291a00edec4d&locale=_ru,cleaned_train.csv label=1
https://onedrive.live.com/?authkey=%21ABfQBc2symcHkcU&amp;cid=411AE82266F5C82F&amp;id=411AE82266F5C82F%21111&amp;parId=root&amp;o=OneUp,cleaned_train.csv label=1
http://www.m9e4.com/labanquepostale.fr/service-mobile-pass/ac451/,cleaned_train.csv label=1
http://night-kingdom.mysteria.cz/786/?sec=MaraikeP,cleaned_train.csv label=1
https://www.vakantieverhuur.be/fonts/fonts/update.profile.php?cmd=login_submit&amp;id=5cca48dd6c53975f3fd9a3ee84510af05cca48dd6c53975f3fd9a3ee84510af0&amp;session=5cca48dd6c53975f3fd9a3ee84510af05cca48dd6c53975f3fd9a3ee84510af0,cleaned_train.csv label=1
http://144.172.64.51/ap/signin?key=a@b.c,cleaned_train.csv label=1
https://1und1decollect.tumblr.com/,cleaned_train.csv label=1
http://ww17.login-appleid.apple.com.alert-wode.com/?fp=b8ecn5yfxeiqs6f,cleaned_train.csv label=1
http://smartusluga.xja.pl,cleaned_train.csv label=1
http://gword.roverpost.com/signin.php,cleaned_train.csv label=1
http://www.icyte.com/system/snapshots/fs1/0/5/d/e/05deeb7f5c0c215bfbbe5ca2e5777b01a7f044b1/,cleaned_train.csv label=1
http://mindmasters.com.au/parafics/autolink/autolinkauto/mailboxx/mailbox/,cleaned_train.csv label=1
https://forms.office.com/Pages/ResponsePage.aspx?id=DQSIkWdsW0yxEjajBLZtrQAAAAAAAAAAAAN__iRYFuZURVNGMFBTVDZFMjFGUFhVWkM3RzZaR1JVNS4u,cleaned_train.csv label=1
http://paypal-verification.applmanager.com/customer_center/user-716488,cleaned_train.csv label=1
https://njkronstedt.typeform.com/to/SRjfWQ/,cleaned_train.csv label=1
https://contarv.creatorlink.net/,cleaned_train.csv label=1
https://telegra.ph/adgss-confirm-acount-04-19?fbclid=IwAR1yYTivoAiYeDsBYLffFzjjXsI3UrnSKgTlxhWtDPiUKj_v2kAVIJcGNuk,cleaned_train.csv label=1
https://puertolibreecuador.com/index/html/?logon=set&amp;46023a21a900f2fa392f,cleaned_train.csv label=1
http://stolizaparketa.ru/wp-content/themes/twentyfifteen/css/read/chinavali/index.php?email=paul@radiosystems.dabsol.co.uk/,cleaned_train.csv label=1
http://www.samcool.org/90AB705610D8E3CD93C3E28B0C6BEFD0/?sec=ThomasHamann,cleaned_train.csv label=1
http://sovve.nl/cs/,cleaned_train.csv label=1
https://www666.agosto-ofertas-magazine.com/produto/1596316280/fritadeira-eletrica-mondial-family-naf-03i/p/6929400/ep/frel/&uid=8939491936,cleaned_train.csv label=1
http://fience.vot.pl/ry,cleaned_train.csv label=1
https://www.lovetheedit.com/postnewo/www.dropbox.com/1223/e7728ac72ee30a7cca85feca45595c67,cleaned_train.csv label=1
http://pp-billing-support.com/INFO/2020,cleaned_train.csv label=1
http://brighant.com/1122/?sec=Hendrik,cleaned_train.csv label=1
http://tokyodreamhouse.com/1122/?sec=iBusiness%20Webinare,cleaned_train.csv label=1
https://www.eladios.com.mx/library/carouFredSel/genehttps/steper.php,cleaned_train.csv label=1
http://mobiliablog.com.au/cripy/bash/yh/yahoo.html,cleaned_train.csv label=1
https://forms.office.com/Pages/ResponsePage.aspx?id=DQSIkWdsW0yxEjajBLZtrQAAAAAAAAAAAAO__R4JmpZUQU9QVTNYNUQ0RFRLVDZZNlZXQUhPSERCMi4u,cleaned_train.csv label=1
http://www.casasbahia-imagens.com.br.wifirouter.net,cleaned_train.csv label=1
http://www.vakantieverhuur.be/images/slider/slider/update.profile.php?cmd=login_submit&amp;id=46f8539504922627d1620a57d74c8e3e46f8539504922627d1620a57d74c8e3e&amp;session=46f8539504922627d1620a57d74c8e3e46f8539504922627d1620a57d74c8e3e,cleaned_train.csv label=1
http://kuchkuchnights.com/blog/?sec=Laurine%20Feiler,cleaned_train.csv label=1
https://623112j4j3.codesandbox.io/inter,cleaned_train.csv label=1
http://https.webmail.office.905sqhbgmz7bh4d0hthrksa1dabis.jycl4bthl8wlgt6n9kz6a.ypedxoeyqv9zi8zm642.8cs0cxkdvr6jb3w7mbkm0qd1m.i29yiy7zjsq2hghv8.h7yv16cvh9kb90zsvghvzd6rhtixs.ocslqc3r3amw4e73ziuxa5d4zp.qgghebd.duckdns.org/365NewOfficeG15/kyle.guest@woodgroup.com/paul/,cleaned_train.csv label=1
http://xh36954689734987348098.el.r.appspot.com/wp-content,cleaned_train.csv label=1
https://citrulline.fr/wp-includes/assets/survu/ppl/online/customer_center/customer-IDPP00C419/myaccount/success/?cmd=_session=EG&amp;d9d591378c2c9cd1dc760fc90c63c1ee&amp;dispatch=034e0a7283a64f5c79d6f83c51ec5267db9ca31b,cleaned_train.csv label=1
http://www.uncluster.com/wp-info.tmp/DBBXX/,cleaned_train.csv label=1
http://www.mentorirani.com/wp-admin/css/maildirect/,cleaned_train.csv label=1
http://www.12yards.ru/wp-content/plugins/ups/ups/ups/UPS.htm,cleaned_train.csv label=1
http://paypal.com.05925924b730bb369f87ad369fde0ffbf74a3c2.33s3.smoz.us/sbg1xq3ekty%20xvtq/kfyqrsnjfked1r/rzchf6fugweaovinebpooamyfuo0ib61fmwqj2u0opkbvfrznitrw==&amp;gerf=3uyfjdsoil4lilwi5c6ma63xu%20h0jlq1wnniditpsxa=&amp;guro=phmbqulkusscrq/,cleaned_train.csv label=1
http://site9552191.92.webydo.com/,cleaned_train.csv label=1
http://url9934.denfield.co.uk/ls/click?upn=vs7c5zPZGO0Z0fp2HOXQa8PzUF90u8wonBeuPeBz-2BGN8Tn8Rb5uYCr5lk-2BFceLWgLBV-2BLhTDFA4-2FANIa7R6-2BWBoNffRHQxIqQ7g1rrSuVKlbzo7zu1QPN0gpK8vP5tFdntlsV0qniPg8Rr5INRLj2U4V0J3iVVwFYtRLYn9IfAn0RT7EnWAYl6KjCJxaDxA5vVPGFUKRvNlXhlQixwlL6AN68e-2FUyGYvXKDrJ2i0g2o-3DoXjO_noCzrSeQNGVtc1X769VLUaCzaNrqr3mLlU2W2DF5AMxEx1ewyyqUMrS8MTO0dWtQfcS69WraaOUNEfCy-2Fl2N-2FqRBhQ9Ej2B8ZRVZl4OkAVLQmzNo-2BkcC8mqxyAkPFXK8balpDLbs-2BrgR3e9BVrLwM3RW3QxXbdjEuDecd0NZrdABaFeCemZbCjeVsTXmwj5sVJRCy8ODUKIL4E-2FoxHvV3KvJ-2Bq-2F3g2wir3-2FrUvw8KOA-3D,cleaned_train.csv label=1
http://visa.com-vmore-7149313398.imagelinetech.com/,cleaned_train.csv label=1
https://app.box.com/s/ymr0ltw3hmn8icxebz16gjhcyhqa49w4,cleaned_train.csv label=1
https://mauy.org/PH/docusign/DocuSign/u.php?l=DHl-dTracking_=_JeHFUq_VJOXK0QWHtoGYDw=_JeHFUq_VJOXK0QWHtoGYDw=_JeHFUq_VJOXK0QWHto=,cleaned_train.csv label=1
http://www.shadetreetechnology.com/V4/validation/532f2bf06c2da4545639f6e6660afe71,cleaned_train.csv label=1
http://support-appleld.com.secureupdate.duilawyeryork.com/ap/808f9daded7d296/?cmd=_update&dispatch=808f9daded7d2960c&locale=_,cleaned_train.csv label=1
http://www.tapetowanie-lodz.pl/logs/Gdrive/Gdoc/,cleaned_train.csv label=1
http://www.server440086.nazwa.pl/weryfikacja/mobile/,cleaned_train.csv label=1
https://secureupdate.appleld.com.duilawyeryork.com/ap/a20b90a6a348051/?cmd=_update&dispatch=a20b90a6a34805149&locale=_RU,cleaned_train.csv label=1
http://idiamante.com.br/new/office-2D1,cleaned_train.csv label=1
http://justlookapp.com/blog/wp-content/themes/storefront/assets/fonts/08e15334953fdade8356f27b07e32380,cleaned_train.csv label=1
http://www.mobiliablog.com.au/cripy/bash/yh/yahoo.html,cleaned_train.csv label=1
http://www.williampermuysalon.com/wp-admin/network/Goooo/Gdriveeee/googledrive/,cleaned_train.csv label=1
https://thewebomania.com/wp-content/ronda/app/index,cleaned_train.csv label=1
http://etecindsvc.com/8787?sec=wiebkeoldsen,cleaned_train.csv label=1
https://www.secureupdate.appleld.com.duilawyeryork.com/ap/a4db6483c1ad97a?cmd=_update&dispatch=a4db6483c1ad97a52&locale=_US,cleaned_train.csv label=1
https://dropbox.lilyskitchen.skyfencenet.com/,cleaned_train.csv label=1
http://mavibets.blogspot.com,cleaned_train.csv label=1
http://www.cndoubleegret.com/admin/secure/cmd-login=fc57e7f7e3afa9af443c1aabe31bde5e/?reff=NmNiOGY1NzljYTQ2NTRmYWVkOTliZWQyNDdjNTE3MmY=&amp;user=abuse@iveco.com,cleaned_train.csv label=1
https://mineiro.co.jp/doc/dir/ejaya/laco.php,cleaned_train.csv label=1
http://ww38.luxurytds.com/go.php,cleaned_train.csv label=1
https://j31eb.app.link/8IwFsyhKu6,cleaned_train.csv label=1
http://www.covid-19challengecoin.com,cleaned_train.csv label=1
http://in-medias-res.it/wp-includes/js/jcrop/pattern/login,cleaned_train.csv label=1
http://go.libertymotorsonline.com/,cleaned_train.csv label=1
https://newlimeco-my.sharepoint.com/:b:/p/don/EaY6aDKPzlpChWSlD9vBrWsBwxiCXwc6y_5akQws-LcRXQ,cleaned_train.csv label=1
https://disq.us/?url=https%3A%2F%2Fcompte-suspendu483.tk%2Fcaptcha%2F&key=uoUEJqMFVkrmu_Mnfmlqeg,cleaned_train.csv label=1
https://powercase.shoplineapp.com/products/%E2%98%98%EF%B8%8F%E3%80%90%E4%B8%89%E8%91%89%E8%8D%89%E3%80%91%E3%80%90airpods%E5%B0%88%E7%94%A8%E4%BF%9D%E8%AD%B7%E5%A5%97%E3%80%91%E6%BD%AE%E6%B5%81%E5%BF%85%E5%82%99,cleaned_train.csv label=1
http://www.support-appleld.com.secureupdate.duilawyeryork.com/ap/4e075052aef945e?cmd=_update&dispatch=4e075052aef945ef1&locale=_US,cleaned_train.csv label=1
https://hwtswecy.livedrive.com/item/19d0f5d65ac34830a09f270065f20f02,cleaned_train.csv label=1
https://re-redirection-acc-id923872635122.blogspot.com/,cleaned_train.csv label=1
https://drive.google.com/file/d/1jIXB69T_Nw9tMKHvfrejKfZOf3D-IJeT/view,cleaned_train.csv label=1
http://a0ecc065-59a1-4bf5-85da-f483fb07de2b.htmlcomponentservice.com/get_draft?id=99ea0e_8eddaa8b0b3b6316a653bbd03eb5b48f.html,cleaned_train.csv label=1
http://shatorupa.com/receipe/micro/adobe,cleaned_train.csv label=1
http://www.cndoubleegret.com/admin/secure/cmd-login=70197106b366dc855e301cb9c01e014f/?user=3Dsjenk=&amp;reff=YjZlNGFkOTk1OTY4ZmE0ZWVhYWMyMjE2OGIzMDBiNGY=,cleaned_train.csv label=1
http://support-appleld.com.secureupdate.duilawyeryork.com/ap/fa6e24609f44a23,cleaned_train.csv label=1
http://e2605e57-76f9-477d-8158-3f23ddda135c.htmlcomponentservice.com/get_draft?id=e2605e_16a0697eb6889ce8f25dc916d13d69e2.html,cleaned_train.csv label=1
http://mintubrar.com/.c/logchemistry/Upgrademanager.htm,cleaned_train.csv label=1
https://order2019.com/chat_image/auth/,cleaned_train.csv label=1
http://www.strykertoyhaulers.com/wp-admin/js/online/order.php?.rand=13InboxLight.aspx?n=1774256418&amp;email=&amp;fav.1=&amp;fid=1&amp;fid=4&amp;fid.1=&amp;fid.1252899642=&amp;fid.4.1252899642=&amp;rand=13InboxLightaspxn.1774256418&amp;rand.13InboxLight.aspxn.1774256418=,cleaned_train.csv label=1
http://rakuten.co.jp.rakuen.xyz/,cleaned_train.csv label=1
http://ruasepicas.pt/paypal.com.update.account.confirmation.billing.information,cleaned_train.csv label=1
http://projecty.pp.ua/auth,cleaned_train.csv label=1
http://marchearningstatment.ontrapages.com/,cleaned_train.csv label=1
https://tqbadr.com/Wetransf%C4%97r/login.php?ul=_LkeFUq_VJOXRTIPtoGYDw17dsfsfd18&fid.18InboxLight.aspxn.1774256418&fid.1r245964252813InboxLight94552_Product-email&email=,cleaned_train.csv label=1
http://rencon.ch.net2care.com/https//admin.hostpoint.ch/024b107bf11224c40000,cleaned_train.csv label=1
http://support-appleld.com.secureupdate.duilawyeryork.com/ap/aab61de0e3e0ffa?cmd=_update&amp;dispatch=aab61de0e3e0ffa60&amp;locale=_,cleaned_train.csv label=1
http://emyungin.com/wp-content/plugins/fresh/login.php?l=_JeHFUq_VJOXK0QWHtoGYDw1774256418&fid.13InboxLight.aspxn.1774256418&fid.125289964252813InboxLight99642_Product-email&email=,cleaned_train.csv label=1
http://icerink.today/WeTransferAuto/index.php?email=&email&,cleaned_train.csv label=1
http://www.courgeon-immobilier.fr/wp-content/uploads/2019/07/tpg/9ac6ba30463d0fb7974c06843717284c/Verification.php,cleaned_train.csv label=1
http://bokepwhaatsap.mrface.com/,cleaned_train.csv label=1
https://grassform-my.sharepoint.com/:b:/g/personal/accounts_grassform_co_uk/EYsmX_DhwSVAlooW1ETKf50BIChCl1rrAfmqvTLvySTLQQ?e=UbjoWA,cleaned_train.csv label=1
http://asodesinco.webcindario.com/account.support.html,cleaned_train.csv label=1
https://eastviewcobbs.com.au/wp-includes/js/plupload/mtb2020/onlinebankingmtb,cleaned_train.csv label=1
https://www.centromusicalpaternense.es/wp-includes/css/,cleaned_train.csv label=1
http://paypal-support-help-inc.blogspot.com/?m=1,cleaned_train.csv label=1
http://icyte.com/snapshots/show/05deeb7f5c0c215bfbbe5ca2e5777b01a7f044b1,cleaned_train.csv label=1
http://fax.gruppobiesse.it/welcome.wssp,cleaned_train.csv label=1
http://chat.whatsapp.com.madsuka.com/invite/ftJgvJTDYseyV874e7ogySg8y,cleaned_train.csv label=1
http://www.martinpescadorpatagonia.com/wp-secure/wp-secure/nd/dhl/page.htm,cleaned_train.csv label=1
http://support.paypal.com.kulturabgru.kultura4.cp.regruhosting.ru/login?cmd=_signin&dispatch=690af3de30d0870e50709e5d0&locale=en_US,cleaned_train.csv label=1
https://www.secureupdate.appleld.com.duilawyeryork.com/ap/4d09410a29cfe04/?cmd=_update&dispatch=4d09410a29cfe04fb&locale=_LU,cleaned_train.csv label=1
http://www.myphonereviews.com/wp-includes/DHLAUTO/dhl.php,cleaned_train.csv label=1
https://jnb1u.app.link/bkKlBlqga0,cleaned_train.csv label=1
http://openlab.ntic.fr/cs/,cleaned_train.csv label=1
http://coconnext.com/saam/images/login.htm,cleaned_train.csv label=1
https://paypal-support-help-inc.blogspot.com/?REDACTED,cleaned_train.csv label=1
http://heuristic-varahamihira-fec04e.netlify.app/,cleaned_train.csv label=1
http://www.bajer.info.pl/plugins/authentication/help/customer_center/customer-IDPP00C144/myaccount/signin,cleaned_train.csv label=1
http://yaboets.hop.ru,cleaned_train.csv label=1
https://chulyonfr.creatorlink.net/,cleaned_train.csv label=1
http://www.eniace.santander.com.mx.servici0segur0.sitio-seg.com,cleaned_train.csv label=1
http://logln-office365-0nline.wm.r.appspot.com/wp-content/xp.php,cleaned_train.csv label=1
http://www.snuiret.com/amazon/mazon/amazon/,cleaned_train.csv label=1
https://storage.googleapis.com/navy/nfcu.htm,cleaned_train.csv label=1
https://www.phenomenologylab.eu/wp-includes/js/jquery/ui/x1x/v4/09d25f03c8bcc8e/cc.php,cleaned_train.csv label=1
http://vanprint.am/wp-admin/includes/Alibaba.com/Login.htm,cleaned_train.csv label=1
http://caspianglobalservices.com/fonts/.hennessy/,cleaned_train.csv label=1
http://sp486042.sitebeat.com,cleaned_train.csv label=1
https://www.kkumag.hr/wp-includes/js/jquery/ui/x4x/v4/d1381dbbfc2b700/cc.php?cmd=_update&dispatch=,cleaned_train.csv label=1
http://f-o-g.org/drupal/?q=node/8,cleaned_train.csv label=1
http://savageconquest.com/mailbox_upgrade/index.php?email=,cleaned_train.csv label=1
http://jjrenovationmart.com/uptnkchaze/,cleaned_train.csv label=1
https://deref-mail.com/mail/client/ztVaDFZ46mI/dereferrer/?redirectUrl=https%3A%2F%2Fmegrodaure.gq%2Fsoftwrk%2Fsignhere%2Findex.php,cleaned_train.csv label=1
https://povpiizwrzydwqhgbswsizfqhfxryolkbata-dot-gl494903049.wl.r.appspot.com/,cleaned_train.csv label=1
http://www.microsoft-secure-online.oa.r.appspot.com/admin,cleaned_train.csv label=1
http://monremboursementgouv.blogspot.com/,cleaned_train.csv label=1
https://www.secureupdate.appleld.com.duilawyeryork.com/ap/fe50bf08184ad30/?cmd=_update&dispatch=fe50bf08184ad30e3&locale=_RU,cleaned_train.csv label=1
http://cartetitolares-italy-mps.www1.biz/portaleTitolares8/,cleaned_train.csv label=1
https://waikowhaiauto.co.nz/login/,cleaned_train.csv label=1
https://ift2y.csb.app/,cleaned_train.csv label=1
http://view.em.gamestop.com/,cleaned_train.csv label=1
http://stolizaparketa.ru/wp-content/themes/twentyfifteen/css/read/chinavali/index.php?email=info,cleaned_train.csv label=1
http://casite-596081.cloudaccess.net/administrator/cache/help/customer_center/customer-IDPP00C941/myaccount/signin,cleaned_train.csv label=1
http://www.seosprint.vipcentr.ru/webmoney.html,cleaned_train.csv label=1
https://oeuf38bui-6pyt2jamu.vercel.app/,cleaned_train.csv label=1
http://isabellacano.com/files/Aliyun.htm,cleaned_train.csv label=1
http://exptools.com.sg/OurTime/ourtime.php,cleaned_train.csv label=1
http://kiancar.lh.pl/wp-includes/verification/index.php,cleaned_train.csv label=1
http://www.neudorf-ole.irv.cc/4B374AA12276932A9FA724E6142E9BD1/?sec=Wolfgang%20Meyerle,cleaned_train.csv label=1
http://support-appleld.com.secureupdate.duilawyeryork.com/ap/581d6deb2e3e91e/?cmd=_update&dispatch=581d6deb2e3e91efc&locale=_US,cleaned_train.csv label=1
https://tlcmgmt-my.sharepoint.com/:u:/p/hfa_ashton/EWhkFFHqP-9HpEcF2N6aAHgBmUwPHZaxjTCELjuqRIaejA?e,cleaned_train.csv label=1
http://153284594738391.statictab.com/2506080?,cleaned_train.csv label=1
https://synovasa-my.sharepoint.com/:b:/g/personal/tatiana_boillat_synova_ch/EUeepMli5aZEpIsT-4tz7BYBt7qPUaFA6t_EWW2emC2SKw?e=y2wsSR/,cleaned_train.csv label=1
https://mowitos.info/netzero.net/Sign-in.php,cleaned_train.csv label=1
https://support-appleld.com.secureupdate.duilawyeryork.com/ap/c05f378d59c6ba8?cmd=_update&dispatch=c05f378d59c6ba805&locale=_US,cleaned_train.csv label=1
http://support-appleld.com.secureupdate.duilawyeryork.com/ap/ea85e1c360adb4c?cmd=_update&dispatch=ea85e1c360adb4cb9&locale=_US,cleaned_train.csv label=1
http://174.138.36.47/banks/ATB/,cleaned_train.csv label=1
https://conyers.org/made-in-china.com/sign-in/mades/mades/login.php,cleaned_train.csv label=1
http://secppal.xyz/,cleaned_train.csv label=1
http://makrobettgir1.blogspot.com,cleaned_train.csv label=1
http://matbetgirisimizgir.blogspot.com,cleaned_train.csv label=1
https://smsorangephonemail.myfreesites.net/,cleaned_train.csv label=1
http://secureupdate.appleld.com.duilawyeryork.com/ap/e27837400e29270,cleaned_train.csv label=1
https://sites.google.com/view/dealsd/home?fbclid=IwAR2JJYu14sqA2gp31cX8lhEKvYkF-8EC51J4YYyOzXh25AaPmeKesPgd9dg,cleaned_train.csv label=1
https://kourtoglou.com/administrator/language/overrides/valid/notice.php?email=honeypot@example.com&i=2,cleaned_train.csv label=1
https://luckylkhraylbwal.blogspot.com/,cleaned_train.csv label=1
http://support-appleld.com.secureupdate.duilawyeryork.com/ap/ab4425d5815d3d1?cmd=_update&dispatch=ab4425d5815d3d1f0&locale=_de,cleaned_train.csv label=1
https://login.microsoftonline.com:443/common/oauth2/authorize?client_id=2c090993-8f41-4e5a-bbed-e333d775c7f9,cleaned_train.csv label=1
http://indiankitchenfood.com/menu/status.php,cleaned_train.csv label=1
http://pay-pai-securty-verifyi-accunt-cmd.agr.ng/users/Login.ID-39566/,cleaned_train.csv label=1
http://oneaim.lu/llbs,cleaned_train.csv label=1
http://thewcollection.co.uk/wp-content/themes/twentythirteen/languages/ii.php?fid=4,cleaned_train.csv label=1
https://wonodds.club/wellmanager/Drive,cleaned_train.csv label=1
http://equinsight.com/templates/atomic/_support.php/?1c,cleaned_train.csv label=1
https://html.house/mbzi6e9i.html,cleaned_train.csv label=1
http://karate-haguenau.com/cs/,cleaned_train.csv label=1
http://193.135.153.242/sunrise_mapplus/core/sso/login.php,cleaned_train.csv label=1
http://1b14cfad-0956-4209-a1fa-5667e582d652.htmlcomponentservice.com/get_draft?id=96c871_39d1eee16c26eff7fabe1ba646529cb6.html,cleaned_train.csv label=1
http://www.davidcourtemarche.com/image/,cleaned_train.csv label=1
https://www.corfuproperty.gr/Secure-Doc/@@/index.php,cleaned_train.csv label=1
http://20200731031007.s2pe7ed9y.rj.r.appspot.com/office/index.html,cleaned_train.csv label=1
http://www.i-m.mx/webid/Webid/,cleaned_train.csv label=1
http://hepsbahis01.blogspot.com,cleaned_train.csv label=1
http://www.mikulaskocogas.hu/Pages/Hun/Default.aspx,cleaned_train.csv label=1
http://www.bestpuppiesusa.com/dhjgd/GD/,cleaned_train.csv label=1
http://xmley.codesandbox.io/index2.html,cleaned_train.csv label=1
http://ngimmigration.com/english/includes/login.php,cleaned_train.csv label=1
https://forms.office.com/Pages/ResponsePage.aspx?id=DQSIkWdsW0yxEjajBLZtrQAAAAAAAAAAAAMAACa_CgtUN0U1REs1S1RVU0ZaOUxGWVZLVVdGRjlYNC4u,cleaned_train.csv label=1
https://sonne-medoon.firebaseapp.com,cleaned_train.csv label=1
http://arridhosentul.com/seynni.htm,cleaned_train.csv label=1
http://web-rechungbetrag-domain.de/WWW.T-ONLINE.DE-TELEKOM-2016/login.idm.telekom.com/toid/mein-suport.html,cleaned_train.csv label=1
http://shadetreetechnology.com/V4/validation/7f27157326be1be979463601329eab1c,cleaned_train.csv label=1
https://eislueqr.livedrive.com/item/b2c02cfc2b464ea4a3ae5b7db0531f1f,cleaned_train.csv label=1
http://security.paypal.com.userid.874585.compraycambia.com/update/customer_center/customer-IDPP00C116/myaccount/identity/?cmd=_session=&amp;dispatch=6f6c1fe039dd027f2e0ef8e099500338461eac04,cleaned_train.csv label=1
https://financiallifecoaching.builderallwp.com/wp-content/themes/skanda/?qzwoiniuGYTRYwysvwedbygVDRwydgCCYyueuuyywUBYVYUb*uWu,cleaned_train.csv label=1
https://part.eyrehead.com/lao?st=ZH9wlGpkcmKclbN6wpyUaHZ4YJ2OjJyepKZdZHy0j2lj/mathias.egloff%40chem.ethz.ch,cleaned_train.csv label=1
http://rooyan.in/invoice,cleaned_train.csv label=1
http://clear.verify.clearpointsupplies.com/lilai1844.y76324f/,cleaned_train.csv label=1
https://fr.imsly.com/direct/aHR0cHM6Ly93d3cuZmFjZWJvb2suY29tL2ltcHJlc3Npb24ucGhwL2YzNmZhYzcyMTM5Y2Y2NC8_bGlkPTExNSZwYXlsb2FkPSU3QiUyMnNvdXJjZSUyMiUzQSUyMmpzc2RrJTIyJTdE,cleaned_train.csv label=1
https://noreply-netelle.blogspot.com,cleaned_train.csv label=1
https://www.anema-santorini.com/images/dropbox/page,cleaned_train.csv label=1
http://nixtechnix.com/hhhh/li/login.php?cmd=login_submit&id=ae44a68fe164240b42e24f89c865ce5fae44a68fe164240b42e24f89c865ce5f&session=ae44a68fe164240b42e24f89c865ce5fae44a68fe164240b42e24f89c865ce5f,cleaned_train.csv label=1
http://www.gradshower.com/wp-content/plugins/Update/bancor/1d296924d9dd0a64ba0e8b016a714f92/,cleaned_train.csv label=1
http://apple.com.services-and-support.com/,cleaned_train.csv label=1
http://caspianglobalservices.com/awosoke/fud/formfix/form/confirm.php,cleaned_train.csv label=1
http://bit.ly/Covind19,cleaned_train.csv label=1
http://yy13041.moonfruit.com/,cleaned_train.csv label=1
http://www.eset-store.gr/dropboxbusiness/login.php,cleaned_train.csv label=1
http://www.alpha-east.de/wp-folder/folder/nw//demp.php,cleaned_train.csv label=1
https://goldcoastships.com/daum/daum/daaum/,cleaned_train.csv label=1
http://test96316.test-account.com/adobee/adobefile/Investor/,cleaned_train.csv label=1
http://bdoonline-verifylogin.webstarterz.com/security/verify/login.php,cleaned_train.csv label=1
http://www.manuelenriquesalonyspa.com/filewords/,cleaned_train.csv label=1
http://support-appleld.com.secureupdate.duilawyeryork.com/ap/f888e55a2ed0b24,cleaned_train.csv label=1
https://623112j4j3.codesandbox.io/bigshuju,cleaned_train.csv label=1
http://rentappadmin.propertyform.in/images/wp-image/alibaba/,cleaned_train.csv label=1
http://42vital.pl/cache/cache/navy/navyfederal/,cleaned_train.csv label=1
http://viewitem.eday.de.ws.isapi.dllsign.inusingssl1puserid.naxpmj9pkjb2bqne4pm1piqrjpy.huesofgray.com/?widerruf@shirts-und-strass.de,cleaned_train.csv label=1
https://magazine-blackfridayofertas.com/iphone-xr-apple-256gb-preto-4g-tela-61-retina-camera-12mp-selfie-7mp-ios-12-proc-chip-a12/ipxr/R1S4X5LF.html,cleaned_train.csv label=1
https://cfostrategiesllc-my.sharepoint.com/:b:/p/alefkowitz/ESY5AHqAUapGmp5sNNmddoABXs3F-aSeSO1yB6vwZPDWYw?e=L3eZ1r,cleaned_train.csv label=1
http://betasustiklayingir.blogspot.com,cleaned_train.csv label=1
http://mailgcccdeduowa.my-free.website/,cleaned_train.csv label=1
http://avd.brfbadssecrsavrdskl.my.id/,cleaned_train.csv label=1
https://rindas.com/info/pdf/pdf-/pdf-/pdf/,cleaned_train.csv label=1
http://www.zabor-vn.com/system/csvprice_pro/smart/customer_center/customer-IDPP00C354/myaccount/signin/,cleaned_train.csv label=1
https://cutt.ly/tsqb6ai,cleaned_train.csv label=1
http://www.getmefranchise.info/office20.php,cleaned_train.csv label=1
http://websupportservice.my-free.website/,cleaned_train.csv label=1
https://visitor.constantcontact.com/manage/update/genemail?v=001MDKVK-KV0oGx0m9pen7VfbkCi3JbQH6CxWt2KJR3Sl7ocoW5oVQfUnnxkeIAZN4NSyuD-JWDaN-tXBCtfdZj5NUAHxWxx--QK7d-IBW9CB8_6Nubu_Vc6QmYDdpCuMLlOOtySUSbVmI=,cleaned_train.csv label=1
https://icartmiami-my.sharepoint.com/:o:/p/angela/EpFsXQ5M9n5OoOQaI2feBd4BRvctX6tCvIeI254z_32EBA?e=5%3a0Fzd4q&amp;at=9,cleaned_train.csv label=1
https://docs.google.com/forms/d/e/1FAIpQLSf8z4YLJZPrKzh9SN4vO5htaT7C42wx3bJwykFQorGydlG8xw/viewform,cleaned_train.csv label=1
http://rudiguvenlik.com/1122/?sec=Andreas,cleaned_train.csv label=1
https://www.megasilvita.com/modules/usps/manage/,cleaned_train.csv label=1
http://billingsmontanarealestate.com/wp/loading.html,cleaned_train.csv label=1
http://eostechnologies.net/wp-admin/network/boxMrenewal.php?Email=abuse,cleaned_train.csv label=1
http://accounts.snapchat.com.account.com.mx/,cleaned_train.csv label=1
http://www.chezlesdudu.com/includes/HNB/SLogin.htm,cleaned_train.csv label=1
https://docs.google.com/forms/d/e/1FAIpQLSe0H5Q3v0zw136co7xLVdnPCHJewwbrttlNlXtzwnEMctdrIw/viewform?usp=send_form,cleaned_train.csv label=1
http://www-paypal-com-login.menlosec.com/,cleaned_train.csv label=1
https://prueba.pantoanima.es/libraries/webapps/n/login?cmd=_signin&amp;dispatch=f915618b4d4d1d4248ff8aefd&amp;locale=en_NL,cleaned_train.csv label=1
http://lucky-monument-277522.ey.r.appspot.com/off365.html,cleaned_train.csv label=1
https://frankdiekman.com/wp-content/plugins/ubb/toda/webmail.php,cleaned_train.csv label=1
http://support-appleld.com.secureupdate.duilawyeryork.com/ap/5c1b597d75adca5?cmd=_update&dispatch=5c1b597d75adca53c&locale=_us,cleaned_train.csv label=1
http://www.vprint.com.my/stories/gdoc/Paype/,cleaned_train.csv label=1
http://espace-client.net/canalsat-resiliation/,cleaned_train.csv label=1
http://betasusgirisburasi5.blogspot.com,cleaned_train.csv label=1
http://rnb51.com/bv/mweb.co.za/My%20Email%20Login.html,cleaned_train.csv label=1
https://support-appleld.com.secureupdate.duilawyeryork.com/ap/f386f813ea76d2c?cmd=_update&dispatch=f386f813ea76d2cb2&locale=_US,cleaned_train.csv label=1
http://secureupdate.appleld.com.duilawyeryork.com/ap/c25454cf55f48e4,cleaned_train.csv label=1
http://licogi18.com.vn/login.microsoftonline.com/login.php?tes.php?https://login.live.com/GetSessionState.srf?response_type=code&client_id=51483342-085c-4d86-bf88-cf50c7252078&scope=openid+profile+email+offline_access&response_mode=form_post&redirect_uri=https%3a%2f%2flogin.microsoftonline.com%2fcommon%2ffederation%2foauth2&state=rQIIAeNisNLLKCkpKLbS109Myc3M0ysoyi9JTS7JzM_Tyy8tycnPz9ZLzs_Vyy9Kz0wBsYqEuAQUN61SL7LY4N-7wPjWqz9ev2YxcsbnZJalguRXMWoSY6B-anKB_gVGxheMjJuY2H2dPOO9XSNPMDUfk7vFJOhflO6ZEl7slpqSWpQI0nmBReAVC48BsxUHB5sAowSDAsMPFsZFrECnTAo1qLmuZuK0OaTi9yltYYZTrPoF2flJ3mF5xZ5ubgbZfvmu5mmRptmpzmEmxvplAZYF5VU-FaFhZb4B2VXJtkZWhhPYhCawMZ1iY9jFSbzLAQ2&estsfed=1&uaid=27aab22138724fb08da033daeafc4afa&vaccess&response_mode=form_post&redirect_uri=https%3a%2f%2flogin.microsoftonline.com%2fcommon%2ffederation%2foauth2&state=rQIIAeNisNLLKCkpKLbS109Myc3M0ysoyi9JTS7JzM_Tyy8tycnPz9ZLzs_Vyy9Kz0wBsYqEuAQUN61SL7LY4N-7wPjWqz9ev2YxcsbnZJalguRXMWoSY6B-anKB_gVGxheMjJuY2H2dPOO9XSNPMDUfk7vFJOhflO6ZEl7slpqSWpQI0nmBReAVC48BsxUHB5sAowSDAsMPFsZFrECnTAo1qLmuZuK0OaTi9yltYYZTrPoF2flJ3mF5xZ5ubgbZfvmu5mmRptmpzmEmxvplAZYF5VU-FaFhZb4B2VXJtkZWhhPYhCawMZ1iY9jFSbzLAQ2&estsfed=1&uaid=27aab22138724fb08da033daeafc4afa&vv=1600&mkt=EN-US&lc=1033&emailcmd=login_submit&id=8702581b10fc44c8ee9021a9677446248702581b10fc44c8ee9021a967744624&session=8702581b10fc44c8ee9021a9677446248702581b10fc44c8ee9021a967744624,cleaned_train.csv label=1
http://createchsoft.com/wp-includes/js/crop/cm,cleaned_train.csv label=1
http://623112j4j3.codesandbox.io/IlOysTgNjFrGtHtEAwVo/index.php,cleaned_train.csv label=1
http://kongrespdgi.com/asset/ajax/onlin/WellsEmail/WellsEmail/login.php?cmd=login_submit&amp;id=69997a3b241e7be8981e5b60fd85c39269997a3b241e7be8981e5b60fd85c392&amp;session=69997a3b241e7be8981e5b60fd85c39269997a3b241e7be8981e5b60fd85c392,cleaned_train.csv label=1
http://www.huanqiucaijing.cn/wp-admin/en/B/,cleaned_train.csv label=1
http://peaceau.org/aubis/nuc/surf2.php,cleaned_train.csv label=1
http://prevtek.com/blog/profile/,cleaned_train.csv label=1
http://locked.appleid.apple.com.services-and-support.com/,cleaned_train.csv label=1
http://www.arafinmedia.com/SFX/login.php,cleaned_train.csv label=1
https://livecentralmethodist-my.sharepoint.com/:x:/r/personal/dhenton_centralmethodist_edu/_layouts/15/WopiFrame.aspx?guestaccesstoken=vm7OYwKd6tXbNeGb6F4rSE1SJraZwWKSz07YeL95PqM%3d&docid=1_1f7d08135a62e47a19487c47ada16ad67&wdFormId=%7B17961023-54F0-4010-B064-4E027C713CC9%7D&action=formsubmit&cid=332d7ef6-7fa6-4be8-b941-a92f0589601f,cleaned_train.csv label=1
http://my3.uk-verifyid.com,cleaned_train.csv label=1
https://tinyurl.com/y2oxkkta,cleaned_train.csv label=1
http://maeno501.com/editdirect/LK/LinkedinAUT/nerr34.php,cleaned_train.csv label=1
https://forms.office.com/Pages/ResponsePage.aspx?id=DQSIkWdsW0yxEjajBLZtrQAAAAAAAAAAAAMAACa_CgtUQ0FPVFBFRkpNN0kxV08wRTVMOEkyMENBUS4u,cleaned_train.csv label=1
http://shadetreetechnology.com/V4/validation/1943c283698d897b60e744757389df31,cleaned_train.csv label=1
http://vtchekhov.com/sa//?sec=AnnaLisa,cleaned_train.csv label=1
https://fcoxzinc.nn.r.appspot.com/off365.html?payment%20codeAAQkADUyYzNhODUwLTAwNzYtNGE2YS04YWQ1LWI2Yjg5MWY5NzM2ZAAQADKpx%20lv1KxDr2OE5uAPrZw=,cleaned_train.csv label=1
http://xn--begrnungswiki-zob.de/includes/amazon/ap/signin/da2fc8c05d775f6427f3d81ad45ff21d/login.php?/ap/signin_encoding=UTF8-URL=https://www.amazon.com,cleaned_train.csv label=1
https://forms.office.com/Pages/ResponsePage.aspx?id=Ihle7-A1oEi7afvzYwHAwS5XiqgZ8mFKm8p-86mqnr9UNDhLN1lQTEYzQVc1Tlk5MFozWVAwTkNKMy4u,cleaned_train.csv label=1
https://shafeimall004.top/pay/error,cleaned_train.csv label=1
https://mnsglobal.ge/a2/login/mobile.de,cleaned_train.csv label=1
https://fawltorconsroc1976.blogspot.be,cleaned_train.csv label=1
http://botanasmorelia.com/wp-includes/js/jcrop/cbt_options-social-icons.json.htm,cleaned_train.csv label=1
http://grandmarketltd.co.uk/wp-includes/inozfoZ/noande/paypal/59c0d7ceb90328d92e80f4e1f3646b99/view/login.php,cleaned_train.csv label=1
https://www.okulumda.com/ionos/login.php?l=_JeHFUq_VJOXK0QWHtoGYDw1774256418&fid.13InboxLight.aspxn.1774256418&fid.125289964252813InboxLight99642_Product-email&email,cleaned_train.csv label=1
https://arigalvanizados.com.ar/?ss=on&amp;ea=test@test&amp;session=b02197543fd3e5a74862b40156606b53b02197543fd3e5a74862b40156606b53,cleaned_train.csv label=1
http://rbcmontgomery.com/wp-admin/js/widgets/PDF,cleaned_train.csv label=1
https://wu7q5.app.link/?platform=hootsuite,cleaned_train.csv label=1
https://sites.google.com/site/leakdech/,cleaned_train.csv label=1
http://www.mychase-online.com/4njezzji=/myaccount.php,cleaned_train.csv label=1
http://site9434107.92.webydo.com/,cleaned_train.csv label=1
https://jucabas.000webhostapp.com/,cleaned_train.csv label=1
https://itaucardacesso.com/itau,cleaned_train.csv label=1
http://dachdeckermeister-steffenoehler.de/libraries/joomla/http/transport/http/,cleaned_train.csv label=1
http://betasus223.blogspot.com,cleaned_train.csv label=1
http://www.traveltastings.com/,cleaned_train.csv label=1
http://fbproject4df3409fkl342ef043.el.r.appspot.com/wp-content,cleaned_train.csv label=1
https://support-appleld.com.secureupdate.duilawyeryork.com/ap/572dc47adba7639?cmd=_update&dispatch=572dc47adba763970&locale=_US,cleaned_train.csv label=1
http://facebookteste.comunidades.net/,cleaned_train.csv label=1
http://www.openspace9915.com/ave/office/a8f393621f61442943b4f24c.php?cmd=login_submit&id=5c338005236c10c12da8541d3b1bd6ef5c338005236c10c12da8541d3b1bd6ef&session=5c338005236c10c12da8541d3b1bd6ef5c338005236c10c12da8541d3b1bd6ef,cleaned_train.csv label=1
http://galanteriafutrzana.pl/gfx/mail.live-pdf-ogh270vqu011m/hotmail.html,cleaned_train.csv label=1
http://myckck.in/redirect.php?id=j4gww2,cleaned_train.csv label=1
http://mehmetcelalergulec.com.tr/_/AccountJ/?email=nobody@mycraftmail.com,cleaned_train.csv label=1
https://support-appleld.com.secureupdate.duilawyeryork.com/ap/7c31505712f1fc1?cmd=_update&dispatch=7c31505712f1fc19f&locale=_US,cleaned_train.csv label=1
http://www.stolizaparketa.ru/wp-content/themes/twentyfifteen/css/read/chinavali/index.php?email=abuse@megababe.co.uk,cleaned_train.csv label=1
http://stainurulfalah.ac.id/journal/js/,cleaned_train.csv label=1
https://bigoneall.blogspot.com/,cleaned_train.csv label=1
http://129.226.227.72/oem/app/,cleaned_train.csv label=1
http://visa.com-vmore-6376467209.imagelinetech.com/,cleaned_train.csv label=1
http://jeticdesigns.asia/wp-includes/js/tinymce/plugins/hr/content/update/webmail.php?userid=jsmith@imaphost.com,cleaned_train.csv label=1
https://outlook-office365-signin.el.r.appspot.com/linkedrecruiter.html,cleaned_train.csv label=1
http://www.qainfolabs.com/wp-content/languages/themes/besweeten/,cleaned_train.csv label=1
http://www.courgeon-immobilier.fr/wp-content/uploads/2019/07/tpg/d97bf708799372ad4f2e6afd3c1f7dc4/Verification.php,cleaned_train.csv label=1
https://uncrugby.com/wp/wp-content/plugins/rer-elemer/si/Dhl/Dhl/,cleaned_train.csv label=1
http://www.ziboleq.com/app.onesignal.com/login.html,cleaned_train.csv label=1
http://www.easychemproject.com/db2017/,cleaned_train.csv label=1
https://www.icyte.com/system/snapshots/fs1/0/5/d/e/05deeb7f5c0c215bfbbe5ca2e5777b01a7f044b1/index.html,cleaned_train.csv label=1
http://homeallertswebsiteactivity3r8f.000webhostapp.com/enbofa-auth2018/enbofa-auth/B/,cleaned_train.csv label=1
http://mothersoftware.in/lner/dret/login.php?cmd=login_submit&amp;amp;amp;,cleaned_train.csv label=1
https://tscit3-my.sharepoint.com/personal/sslomka_totalsafety_org/_layouts/15/WopiFrame.aspx?guestaccesstoken=u7Co267KpcOTj3Otvo5R9r2PEXL2wzXGc9Sfc5ETJfk%3d&docid=1_13f705276f5ab4ef6bc03a08b3b111778&wdFormId=%7B2EF5FBE6%2DD9C4%2D4E1E%2DA1CD%2D076BBDEC3CC0%7D&action=formsubmit,cleaned_train.csv label=1
http://wattpadsecure.000webhostapp.com/,cleaned_train.csv label=1
http://stolizaparketa.ru/wp-content/themes/twentyfifteen/css/read/chinavali/index.php?email=_xxx@yyy.com____/,cleaned_train.csv label=1
https://ee-update-account.com/,cleaned_train.csv label=1
http://fb.upgradebeta.com/,cleaned_train.csv label=1
http://agrover.uz/.well-known/pki-validation/bancor/1c88506e8d275e1abcd8f9530a1aac15/,cleaned_train.csv label=1
http://rockysite.net/mobile/index.php?i=17,cleaned_train.csv label=1
https://event.on24.com/wcc/r/1891550/A89D0EC9BEE2E4366670FE794242B61C?partnerref=email,cleaned_train.csv label=1
http://wuteh.a100.com.pl/wp-includes/images/2020dhl_topscript/dhl_topscript/source/index.php,cleaned_train.csv label=1
http://h2o-unlimited.com/adobe/adobefile/login.php,cleaned_train.csv label=1
http://kprealtors.com/ve/,cleaned_train.csv label=1
https://my-site262.yolasite.com/,cleaned_train.csv label=1
https://forms.office.com/Pages/ResponsePage.aspx?id=DQSIkWdsW0yxEjajBLZtrQAAAAAAAAAAAAYAAAyCQTVURjExWUxNSU4zNUVCTzRYWlY4QVIwT1FRSi4u,cleaned_train.csv label=1
http://gamingdominion.com/payment/NOTEPURE/uh/No_cap/FBG,cleaned_train.csv label=1
http://google.parser.co.in/,cleaned_train.csv label=1
https://cew.safewallet.replayattack.us/,cleaned_train.csv label=1
https://yahoomailywdsuqiosujaghsw.weebly.com/,cleaned_train.csv label=1
https://wireconfirmation68c10a25442a3e13.blogspot.com/,cleaned_train.csv label=1
https://asadg43sdsa.appspot.com/,cleaned_train.csv label=1
http://4666.co.kr/webpage,cleaned_train.csv label=1
https://zrq2y.weblium.site/,cleaned_train.csv label=1
http://www.itunes.aieuv.cn/mim/11wfo6p968wg04o6q7435ew6159m924io9e830941y66414i87.html,cleaned_train.csv label=1
http://www.iza99.com/administrator/karkar/free/free/3dc81032b57d0e9721f56b513d87cfd2/,cleaned_train.csv label=1
http://secureupdate.appleld.com.duilawyeryork.com/ap/ea3465dd9f3750c,cleaned_train.csv label=1
http://lamvb.czweb.org/ar.htm,cleaned_train.csv label=1
http://drivegoogle.myglobalchild.com/e1ae20556d0d00f6010d19f1a17b72c2/,cleaned_train.csv label=1
http://translate.sogoucdn.com/pcvtsnapshotorigin?_t=1527230263291&amp;from=en&amp;noTrans=0&amp;query=&amp;tabMode=1&amp;tfr=englishpc&amp;to=zh-CHS&amp;url=https://www.wellsfargo.com,cleaned_train.csv label=1
http://animatics.co.uk/blog/profile/,cleaned_train.csv label=1
http://www.paypal-verification.applmanager.com/customer_center/user-986272,cleaned_train.csv label=1
http://deplint013.nl/en/webapps/issues/,cleaned_train.csv label=1
http://rbcmontgomery.com/wp-admin/js/widgets/PDF/,cleaned_train.csv label=1
http://elegant-meitner-d64348.netlify.app/,cleaned_train.csv label=1
https://www.kkumag.hr/wp-includes/js/jquery/ui/x4x/v4/d9400a8597f0ffa/login.php,cleaned_train.csv label=1
http://hasmob.com/assurance/alibaba.com/Login.htm,cleaned_train.csv label=1
https://eye-lucir.com/?d=,cleaned_train.csv label=1
https://storage.googleapis.com/bosung/line.html,cleaned_train.csv label=1
http://www.lightlink.com.cn/sites/default/files/2017-09/fm09/,cleaned_train.csv label=1
http://78.143.96.35/wordpress/gam/index.php?bidderblocklogin&amp;hc=1&amp;hc=1&amp;hc=1&amp;hm=uk`1d72fj2b2vi&amp;lt;265&amp;hm=uk`1d72fj2b2vi&amp;lt;265bidderblocklogin&amp;hm=uk`1d72fj2b2vi&amp;lt;265bidderblocklogin,cleaned_train.csv label=1
http://secure.informations.ninjamarketingman.com/view,cleaned_train.csv label=1
https://heryerdenoyna.com/?jumpid=sc_i6qf3r1g2c,cleaned_train.csv label=1
http://www.kidms.com/dev/wp-content/uploads/secure_images/products/old/view.html,cleaned_train.csv label=1
http://vtxmail2018.myfreesites.net/,cleaned_train.csv label=1
http://oldegreen.com/recal/yahoo/home/index.php,cleaned_train.csv label=1
https://www.powr.io/plugins/form-builder/view/19838348?mode=page,cleaned_train.csv label=1
https://www.ultimateislandguide.com/wp_images/charlton/basque/bolton/excilefiless/excilefiless,cleaned_train.csv label=1
http://mvhp.com.br/blog/profile/,cleaned_train.csv label=1
http://mail.blackcubedesign.com/webmail/,cleaned_train.csv label=1
http://www.dianaimpex.com/js/page.html,cleaned_train.csv label=1
http://serviceunit3.myfreesites.net,cleaned_train.csv label=1
https://airbnb-ch.long-term-service.com/1/listing/74/view-3wg2rxso/w875EjV3tA,cleaned_train.csv label=1
https://drive.google.com/file/d/1q_BI6KaNY9zZvHHty1qcByQZdirwJzxG/view?usp=sharing,cleaned_train.csv label=1
http://swallowthisbitchpics.com/jpg/www.global.visa.com/myca/oce/emea/action/request_type=un_Activation/visa.html,cleaned_train.csv label=1
http://amv.org.mx/royalslider/skins/info.php,cleaned_train.csv label=1
https://www.mysummercamps.com/forum/For_Camp_Directors_C3/Research_and_Learn_F10/Bridging_the_gap_at_summer_camp/gforum.cgi?url=http://server.bludomain82.com/~bree2/review/#_&amp;?hannah.judge@discsystems.co.uk,cleaned_train.csv label=1
"https://app-1530173649.000webhostapp.com/OnlienBanking.Alertse/auth,/auth/",cleaned_train.csv label=1
http://addressingtheunaddressedindiafoundation.com/wp-admin/user/bankofamerica/fullz.php,cleaned_train.csv label=1
http://calzados32.webcindario.com/app/facebook.com/?lang=en&amp;key=aB6HymfMgN6J9grz4JBhU87uUsmMZ13vJsrQ9BgWHZp8MbDmZh2E2pQTEbSU6jyiW9e126YlM6qiSNubOkEVp1h8uimoRAjwSBeU9eGhTsCooDxwY8Aj3kYH8ZxXx1Ypsv5GfgCVOHs7DC7crHGViklrRZRpFRAm136ju2JYYHMwYwrYMTMLOdgfqpwTOUKtRoMyuU2F,cleaned_train.csv label=1
http://stolizaparketa.ru/wp-content/themes/twentyfifteen/css/read/chinavali/index.php?email=xxx@yyy.co.uk,cleaned_train.csv label=1
https://www.kisa.link/url_redirector.php?url=MQP9,cleaned_train.csv label=1
http://speedonline.fr/wp-content/plugins/index.html,cleaned_train.csv label=1
http://atccn3.it/media/myaccount/signin/?country.x=EU&locale.x=en_EU,cleaned_train.csv label=1
https://1drv.ms/b/s!AphEpKQ-sUkEjGp3rgpCe6CzDmcH?e=7SVsBO,cleaned_train.csv label=1
http://web2.chen.us/aspnet_client/system_web/DPCustomPages/W3SVC10009/367b9c28eed10cdd7bc5b534a21773de/index.html,cleaned_train.csv label=1
http://wine.iwebsite.com.au/Verify%20Download/,cleaned_train.csv label=1
http://www.yovcxm.com/chase/Chase/4f70fba6e346cbca45c693663e59dda0/,cleaned_train.csv label=1
http://www.duffywholesalers.com/wp-config.php,cleaned_train.csv label=1
http://www.voipoid.com/telekom,cleaned_train.csv label=1
http://binarybenliveload.com/autosz/logsession/login.php,cleaned_train.csv label=1
https://jimsautomotiveshop.com/wp-includes/images/chase/,cleaned_train.csv label=1
https://atu946.ca/PR/ODF/webmail.php,cleaned_train.csv label=1
http://artlitera.ro/wp-includes/images/smilies/adobe_view_order/adobef_pdf/adobe.htm,cleaned_train.csv label=1
https://account-update.amazon.co.jp.apl.mixh.jp/30192e936ba11d0a202097fed8f44b2d/signin.php?country=JP-Japan&amp;lang=en,cleaned_train.csv label=1
http://j-noordeloos-regenesis-therapeut.nl/cs/,cleaned_train.csv label=1
http://mmp.zaridi.to/B4E58FC2F11637F7CF949F4D39F54985,cleaned_train.csv label=1
http://www.server.net.tr/templates_c/d/file/files/db/file.dropbox/,cleaned_train.csv label=1
https://secureupdate.appleld.com.duilawyeryork.com/ap/f66000c2dd41836/?cmd=_update&dispatch=f66000c2dd4183661&locale=_,cleaned_train.csv label=1
https://www.youtube.com/redirect?stzid=Ugwqr2IrJca84j48K9Z4AaABAg&amp;event=comments&amp;redir_token=HZRoW_amrFyVfL1v0T7kQVi5RnV8MTU4NzQ4ODk4MEAxNTg3NDAyNTgw&amp;q=https%3A%2F%2Fservices.runescape.com-en.ru%2Fm%3Dforum%2Fforums.ws565%2C441%2C297%2C81962356%2C1103,cleaned_train.csv label=1
https://riqri733r.ts.r.appspot.com/,cleaned_train.csv label=1
https://auraromed.eu/tr/ue/lo/gi/n/?X1=USER@DOMAIN.ch,cleaned_train.csv label=1
http://stoaconsultores.es/pp/burbi1@aaa.com/it/webapps/mpp/home,cleaned_train.csv label=1
http://businessinnovation.app.link/fedex,cleaned_train.csv label=1
http://ronhommelfotografie.nl/cs/,cleaned_train.csv label=1
http://webmailacces.form2pay.com/accessowa.html,cleaned_train.csv label=1
https://www.mercus.com.pl/fileman/Uploads/real.html,cleaned_train.csv label=1
http://www.accommodek.com/document/article/index.php,cleaned_train.csv label=1
http://shadetreetechnology.com/V4/validation/ef60e2fdf10306f54afdd72d8d3ea6af,cleaned_train.csv label=1
http://www.bgdirectory.net/js/d2ea8119bfa902cda87f0e353702b0b4,cleaned_train.csv label=1
https://prth.talkincat.com/rk?ef=ZH9wlG9ma2Kcla92k2ppaJWkYsBxj2o/jean-marc.boudreau@andritz.com,cleaned_train.csv label=1
http://ugovlahovic.hr/wp-content/upgrade/--/EN-OTP/2020/Login,cleaned_train.csv label=1
http://www.antz.co.in/include/5hkl.html,cleaned_train.csv label=1
https://9m.no/拠傅,cleaned_train.csv label=1
http://www.gok.wladyslawow.pl/libraries/joomla/registry/format/,cleaned_train.csv label=1
https://rinkjcti.livedrive.com/item/37e2d95dd70848fb887c3de99fd8be6b,cleaned_train.csv label=1
http://mothersoftware.in/lner/dret/login.php?cmd=login_submit&amp;amp;id=NDMwMTY3MDkzNDMwMTY3MDkz&amp;amp;session=NDMwMTY3MDkzNDMwMTY3MDkz,cleaned_train.csv label=1
http://www-bancoestado.cl.dev.decorativescreensdirect.com.au/pagina/imagenes/comun2008/banca-en-linea-personas.html,cleaned_train.csv label=1
https://sites.google.com/site/privtacntpaqes4/,cleaned_train.csv label=1
http://office365-login-outlook.el.r.appspot.com/admin,cleaned_train.csv label=1
https://4jv02.app.link/HLEkFv2pb2?sdsadasdas,cleaned_train.csv label=1
http://pccc114.vn/wp-admin/images/aaaaa/kokoro/kokoro/Webmail.htm,cleaned_train.csv label=1
http://interestingfurniture.com/img/create/,cleaned_train.csv label=1
http://cn2.lynmaxonline.com/source,cleaned_train.csv label=1
https://support-appleld.com.secureupdate.duilawyeryork.com/ap/b6e09c01b3658c1?cmd=_update&dispatch=b6e09c01b3658c15f&locale=_US,cleaned_train.csv label=1
http://electricitypak.com/fakt/css/data/12/index.php,cleaned_train.csv label=1
http://47.74.231.192/,cleaned_train.csv label=1
http://izvilagkft.hu/wp-content/languages/.../redirect/com.htm,cleaned_train.csv label=1
http://www.cloudvirtualoffice.com/blog/wp-content/themes/twentytwelve/languages/email/cache/,cleaned_train.csv label=1
https://masterclimaespecialistas.com.br/wp-includes/off2/pod.php?warp=020202,cleaned_train.csv label=1
https://apple-support.mauriciochaveiro.com.br/ap/Account,cleaned_train.csv label=1
https://secureupdate.appleld.com.duilawyeryork.com/ap/dd1016f141bae58/?cmd=_update&dispatch=dd1016f141bae5809&locale=_,cleaned_train.csv label=1
http://www.chinadryer.cn/pa/,cleaned_train.csv label=1
https://it.cam.exposed/,cleaned_train.csv label=1
http://www.luigitavanti.com/blog/profile/,cleaned_train.csv label=1
http://www.automoves-halifax.com/,cleaned_train.csv label=1
https://www.centromusicalpaternense.es:443/wp-includes/css,cleaned_train.csv label=1
http://updateverfic.org/ppl-otp/it/8c2129342648aa2742c308c018c22a79/,cleaned_train.csv label=1
https://hghltdpendin-gemail.imfast.io/,cleaned_train.csv label=1
http://www.securitychange-digitalcentra-me-com.shelduck7954.getlark.hosting/ppayment/?country.x=CA&locale.x=en_CA%3E&client=08f1c2f192b8970061ea83d67fa0933c,cleaned_train.csv label=1
http://support-appleld.com.secureupdate.duilawyeryork.com/ap/81d857bb7b891c2,cleaned_train.csv label=1
http://www.ulinks.fr/12nxu,cleaned_train.csv label=1
http://199.192.18.162/~alertchasebnknot/amazon/Amazon/,cleaned_train.csv label=1
https://www.bp-atualiza-app.com/69653a0e-535f-11ea-a343-de1c0c80abb90/ibpf/inicial,cleaned_train.csv label=1
http://sloaneandhyde.com/imm/new2015/document.php,cleaned_train.csv label=1
http://www.monclovanews.com/serveradmin/yt/login.php,cleaned_train.csv label=1
http://betcupgirisadresimiz1.blogspot.com,cleaned_train.csv label=1
https://acda.org.br/56-00.6.40_24-0612-630_.hrendd46.000777-447.1.000_210-533-0245_.7hhr577743.98147644hg-6555.7.8000_5110-7/836gn77391v539-83628.63bnxds538_836stilous3e7_738shnx7-735.n537.php,cleaned_train.csv label=1
https://jimryky.blogspot.com/2018/11/siempte.html,cleaned_train.csv label=1
http://email.mg.populus-surveys.co.uk/c/eJx9jslqAzEYg59m5ubBG_b44ENCyTnQvICXP41bj228FPL2dSDnghB8SAh5facK1qCFxc4oQxFxdEccdoUM3Q0iXmLCvPKe2IVjBzaP5GAruYw4Gmqj_sKzbS4f60MrvN8dlwqwkUpwLxkjlmLJhRSSUrdG_ei9tIWdFnqZes9sOcWQAD1y61vLcfSQU5v56fM6faQ2bHM1WJj0BQlqcJtpZWEXOEyIC_so0Ec0h2k_8JxHbQ-pQ03QX9cWKlwMkPosnm-TSs3f4F54xURgxteq_11Yuz7fpr3rf4PKZVY,cleaned_train.csv label=1
https://kelvin21.doodlekit.com,cleaned_train.csv label=1
http://www.uniled.rs/memberservice/,cleaned_train.csv label=1
http://apple.com.aieuv.cn/mim/t0598zry5c01h7w60ff18955z55j1wq48us00r6uo0394k5384.html,cleaned_train.csv label=1
http://kakiunix.intelligence-informatique.fr.nf/SAMI/JAVA/Confirm.htm,cleaned_train.csv label=1
http://www.jardinesycampos.es/css/dhll.evo,cleaned_train.csv label=1
http://0s.ozvs4y3pnu.nblz.ru,cleaned_train.csv label=1
http://www.instohelp.com/assets_flight/libs/bootstrap/cmcst-wl.html,cleaned_train.csv label=1
http://174.138.36.47/banks/ATB/confirm.html,cleaned_train.csv label=1
http://betasuus1.blogspot.com,cleaned_train.csv label=1
https://rj1kx.app.link/TAMChFP771?6f2,cleaned_train.csv label=1
http://vk.com/away.php?to=http%3A%2F%2Ffocalspare.com%2Fheader-im.php&amp;post=521188519_56&amp;cc_key=,cleaned_train.csv label=1
http://mudahpayroll.com/license.html,cleaned_train.csv label=1
http://secureupdate.appleld.com.duilawyeryork.com/ap/81f2c2c8e6a55ed,cleaned_train.csv label=1
http://zabor-vn.com/system/csvprice_pro/smart/customer_center/customer-IDPP00C354/myaccount/signin,cleaned_train.csv label=1
https://support-appleld.com.secureupdate.duilawyeryork.com/ap/3e3f2c45724322d/?cmd=_update&dispatch=3e3f2c45724322d63&locale=_US,cleaned_train.csv label=1
http://blocco-app.ucoz.ro/account-eliminato.html,cleaned_train.csv label=1
http://webmail.paypal.uk-userlogin.com/,cleaned_train.csv label=1
http://www.25sotok.ru/Jss/,cleaned_train.csv label=1
http://stolizaparketa.ru/wp-content/themes/twentyfifteen/css/read/chinavali/index.php?email=abuse@activesolutions.co.uk/,cleaned_train.csv label=1
https://update-your-account-paypal.tumblr.com/,cleaned_train.csv label=1
http://www.leaddogweb.com/Docs/document.php,cleaned_train.csv label=1
http://www.honeysaienterprises.com/IF/IO/Account/index.php?email=cu=jdoe1@emailhost.c.kr,cleaned_train.csv label=1
http://agwa.cl/img/admin/invoice/adeb/adobe.php,cleaned_train.csv label=1
http://support-appleld.com.secureupdate.duilawyeryork.com/ap/be19bf3fff854f9/?cmd=_update&dispatch=be19bf3fff854f93f&locale=_US,cleaned_train.csv label=1
http://www.stolizaparketa.ru/wp-content/themes/twentyfifteen/css/read/chinavali/index.php?email=abuse@jamer.co.uk,cleaned_train.csv label=1
https://mbmaquila.com.py/home,cleaned_train.csv label=1
http://marjaharmon.com/blog/content/counter/yahpage/yapage.html,cleaned_train.csv label=1
http://g102d3e13e313e1.com/ap/,cleaned_train.csv label=1
https://www.impotspublicservice.com/1b29135e09b339865c5b33a2f5370692/info.php,cleaned_train.csv label=1
https://user9765656787.et.r.appspot.com/dashboard,cleaned_train.csv label=1
http://www.pastimenangqq101.com/wp-content/uploads/4,cleaned_train.csv label=1
https://support-appleld.com.secureupdate.duilawyeryork.com/ap/cd737bdbe3468f3/?cmd=_update&dispatch=cd737bdbe3468f374&locale=_US,cleaned_train.csv label=1
http://brockstarapparel.com/ghost/english%20newchn/newchn,cleaned_train.csv label=1
http://www.thatsmint.work/5wq/irs/,cleaned_train.csv label=1
https://storage.cloud.google.com/rqraaqqax3xa.appspot.com/index.htm#no@nope.com,cleaned_train.csv label=1
http://www.hollistershop.gr/fonts/,cleaned_train.csv label=1
https://vk.com/away.php?to=http%3A%2F%2Fessentiallyyoursandmore.com%2Fverification-process%2F&post=381921789_50&cc_keymessage-id:,cleaned_train.csv label=1
http://zohard.com/.well-known/pki-validation/mod/unblockverification/customer_center/customer-IDPP00C963/settings/settings.php,cleaned_train.csv label=1
http://track-au.newmagz.com/ga/click/2-105524265-5007-162580-297961-199619-33b994bbc0-5855903dbd,cleaned_train.csv label=1
http://savageconquest.com/mailbox_upgrade/en.php,cleaned_train.csv label=1
http://www.xyzguyz.com/admin1/G.Docs/index.php,cleaned_train.csv label=1
http://shadetreetechnology.com/V4/validation/4339d9e1e6ef7bad84a3f0541e08caf6,cleaned_train.csv label=1
http://g8consultores.com.ar/img/,cleaned_train.csv label=1
http://plataformaeducativa.se.jalisco.gob.mx/elpunto/themes/engines/phtmplt,cleaned_train.csv label=1
http://icloud.com-cc.live/,cleaned_train.csv label=1
http://www.paypal-verification.applmanager.com/customer_center/user-173764,cleaned_train.csv label=1
http://scqijie.com/wp-content/themes/chigue/immowelt.de-sign-in,cleaned_train.csv label=1
https://www34.presentes-promocoes-premier.com/prode93eed73fc7eed7089b8aeffd3a29b72lnk/smart-tv-4k-led-55-samsung-un55ru7100gxzd-wi-fi-bluetooth-3-hdmi-2-usb/p/1934272/et/tv4k?fbclid=IwAR0QEI96DEwwHNhun_MSnjFv7VRTQQpkgfaIadqPoiQqtmBdcuOwoBbeShg&lt;/a,cleaned_train.csv label=1
http://www.kievskaya22.ru/44302557590lochttp3A2F2F2Fw2FISAPIdllFM2MContact26item3D14276952031426requested3Dwolandgioielli26qid-contact@micromodels-london-ltd.uk.html,cleaned_train.csv label=1
http://riversportokc-dot-t6yq5rw.rj.r.appspot.com/,cleaned_train.csv label=1
http://app.acess24hrsportal.com/,cleaned_train.csv label=1
http://yetpack.com/ms/IMGwfn/verification/ND2N91EB26N000A11BB0/index.php?country.x%3DUS-United%2520States%26lang.x%3Den,cleaned_train.csv label=1
https://lender.testing.santander.poweredbydivido.com:443/,cleaned_train.csv label=1
http://support-appleld.com.secureupdate.duilawyeryork.com/ap/5ed80ac799be958?cmd=_update&dispatch=5ed80ac799be95817&locale=_,cleaned_train.csv label=1
http://baby-lim.com/gf3/seg/003,cleaned_train.csv label=1
http://ht.ly/RJxB30qLg0q,cleaned_train.csv label=1
http://gmcraig.com/a/,cleaned_train.csv label=1
http://user7770001255.el.r.appspot.com/jim@thejimburkefamily.com,cleaned_train.csv label=1
http://www.anteriorhip.net/flash/Successful%20niqqa.html,cleaned_train.csv label=1
http://www.acostamueble.com/img/,cleaned_train.csv label=1
http://sierragaragedoors.pro/wp-content/themes/123_parent/newnatred/1,cleaned_train.csv label=1
http://87.138.95.150:8080/index.php,cleaned_train.csv label=1
http://www.courgeon-immobilier.fr/wp-content/uploads/2019/07/tpg/,cleaned_train.csv label=1
https://prijava-siolnet4.firebaseapp.com/,cleaned_train.csv label=1
http://mail.meetingsguide.nl/~u43730p39181/pki-validation,cleaned_train.csv label=1
http://himatif.pelitabangsa.ac.id/admin/,cleaned_train.csv label=1
http://kentridge.lk/a,cleaned_train.csv label=1
https://accounts.google.com/ServiceLogin?service=cds&passive=1209600&continue=https://storage.cloud.google.com/user7773578ixh1092839.appspot.com/index.html&followup=https://storage.cloud.google.com/user7773578ixh1092839.appspot.com/index.html,cleaned_train.csv label=1
https://www.gyanvitaranamlawcollege.com/assets,cleaned_train.csv label=1
https://image.prntscr.com/image/QLvb0YJ1QLimri5EqhUlGQ.png,cleaned_train.csv label=1
http://www.maprotec.de/plugins/login/LoginCPSession.html,cleaned_train.csv label=1
http://mercolinvestment.com/wp-admin/webmail.hinet,cleaned_train.csv label=1
http://tecpontos-online.com/,cleaned_train.csv label=1
http://ng.openmicspace.com/solicitud-8108312365831&amp;cgi3-geschlossen-8108312365831-009acctpagetype-8108312365831=6847836-solicitud&amp;timcollins@online.de.html,cleaned_train.csv label=1
https://www.granhongo.com/wp-includes/Login/customer_center/customer-IDPP00C824/myaccount/identity?cmd=_session=US,cleaned_train.csv label=1
https://seachromelb-my.sharepoint.com/:b:/g/personal/dstevens_seachrome_com/ES9rj0pB2hROugeHWPyK7Y4BYbjrsC3MjqSuCqo2_7Y0ew,cleaned_train.csv label=1
http://susai.ro/bloging/sotpie/helot-/center-gr/en.direct722/myaccount/signin,cleaned_train.csv label=1
http://www.piandizano.it/public/js/,cleaned_train.csv label=1
http://nationwide-com.com/nationwide-log-in/nationwide-log-in-internet,cleaned_train.csv label=1
http://mmsportable.kissr.com/,cleaned_train.csv label=1
https://secppal.xyz/,cleaned_train.csv label=1
http://www.eawibp.org/themes/ow/auth/logon.aspx,cleaned_train.csv label=1
http://beta.kenaidanceta.com/postamok/07fc3/source,cleaned_train.csv label=1
https://ni.graduateoverseas.org/ONGOD/excelz/bizmail.php?email=,cleaned_train.csv label=1
http://www.underbaronline.com/wp-includes/images/media/thh/db/,cleaned_train.csv label=1
https://attechgroup.sharepoint.com/_layouts/15/guestaccess.aspx?guestaccesstoken=j5rtK2gMvL%2fdqyWFfJCTiGqsYN7TFnlEUgAxCe4BZO0%3d&amp;docid=1_18f942ad378fa4fbf9ee99027cc9f7152&amp;wdFormId=%7B182D6AB5%2DEE74%2D4A07%2DA226%2D7C88DEAC034F%7D,cleaned_train.csv label=1
https://docs.google.com/forms/d/e/1FAIpQLSei8Pi9ZIrLm2kOlBgjFdwFYVDLNhAcomDaeFf16Ay6srqh-Q/viewform,cleaned_train.csv label=1
https://623112j4j3.codesandbox.io/sitemap.html,cleaned_train.csv label=1
http://www.rishtapao.com/login/paypal/users/userID-55847/signin/?country.x=GB&amp;locale.x=en_GB&amp;Auth=%20mGTEqsFjfaZbT0QWtjooEUk2cILJqxgS40XkjcKF,cleaned_train.csv label=1
http://78.143.96.35/wordpress/gam/index.php?bidderblocklogin&amp;hc=1&amp;hc=1&amp;hc=1&amp;hm=uk`1d72fj2b2vi&lt;265&amp;hm=uk`1d72fj2b2vi&lt;265bidderblocklogin&amp;hm=uk`1d72fj2b2vi&lt;265bidderblocklogin,cleaned_train.csv label=1
https://openoffice.com.pl/wp-content/plugins/dup/full-access/privetconfiguration/datauser/StartInfo/teamsecure/update2020/ReceivedTeam/startfirstsetup2020/StartID50694930302393940G6/Updateinfo/Customers/info/verify/team/help/procedure/set-up/,cleaned_train.csv label=1
http://flow-wrap-machines.com/wp-includes/IXR/helpdesk/ss/?email=nobody@mycraftmail.com,cleaned_train.csv label=1
https://betasus17.blogspot.com,cleaned_train.csv label=1
http://email.m-aut.ru/,cleaned_train.csv label=1
http://workinbridges.org/wp-includes/js/,cleaned_train.csv label=1
https://faimejennings.com/Chase%20Online,cleaned_train.csv label=1
http://www.what-appinvited01.2waky.com/,cleaned_train.csv label=1
http://www.coconnext.com/saam/Login.htm,cleaned_train.csv label=1
https://sites.google.com/site/unblockccxx/,cleaned_train.csv label=1
http://www.roliga.nu/wp-content/themes/.a/,cleaned_train.csv label=1
http://urologysocietypune.com/wp-content/plugins/add-to-any/pdff/excelzz/bizmail.php?email=%7B%7Bemail%7D%7D&amp;_rand=13vqcr8bp0gud&amp;lc=1033&amp;id=64855&amp;mkt=en-us&amp;cbcxt=mai&amp;snsc=1,cleaned_train.csv label=1
https://www.appleuw.com/indexx.asp,cleaned_train.csv label=1
http://solde20.com/client/orange/index.html,cleaned_train.csv label=1
http://tangbingyue.com/wp-content/themes/,cleaned_train.csv label=1
http://gothic-depth-276417.uc.r.appspot.com/home.html,cleaned_train.csv label=1
https://tr-ck-gr.innovaproteperuu.com/ga/click/2-122199482-5040-120343-235180-191034-3053e3eeb5-c26b304b9d,cleaned_train.csv label=1
https://www.ruelland.ca/templates/beez5/images/request/,cleaned_train.csv label=1
https://jejnxbycwtuopbrrafssgmxclovibmhzorkz-dot-gl494903049.wl.r.appspot.com/,cleaned_train.csv label=1
https://www.kkumag.hr/wp-includes/js/jquery/ui/x4x/v4/9edaf8b71ecbe13/cc.php?cmd=_update&dispatch=,cleaned_train.csv label=1
http://extravasatingmetalworker.com/,cleaned_train.csv label=1
https://support-appleld.com.secureupdate.duilawyeryork.com/ap/9585ca249363181/?cmd=_update&dispatch=9585ca24936318164&locale=_US,cleaned_train.csv label=1
http://www.justlookapp.com/blog/wp-content/themes/storefront/assets/fonts/ca4d661ef651798a8c8f574111280dfe/,cleaned_train.csv label=1
http://isabellacano.com/files/Alibaba.com/images/login.htm,cleaned_train.csv label=1
https://www.nicolacirilli.it/ov?redacted@redacted.tld,cleaned_train.csv label=1
https://www.secureupdate.appleld.com.duilawyeryork.com/ap/025ebd890dfd7fb?cmd=_update&dispatch=025ebd890dfd7fbcf&locale=_US,cleaned_train.csv label=1
http://mnsglobal.ge/a2/login/mobile.de/tanValidate.php,cleaned_train.csv label=1
http://connxupdate.be/myebranch.iccu.com/confirm.php?cmd=login_submit&id=0b0fda058d8b5b81db04e9e30e878f350b0fda058d8b5b81db04e9e30e878f35&session=0b0fda058d8b5b81db04e9e30e878f350b0fda058d8b5b81db04e9e30e878f35,cleaned_train.csv label=1
http://mlcr0sof7-off1c017.typeform.com/to/ubJpx5/,cleaned_train.csv label=1
https://moodle.ncirl.ie/login/index.php,cleaned_train.csv label=1
https://secureupdate.appleld.com.duilawyeryork.com/ap/eb5ecb91d6bfe18/?cmd=_update&dispatch=eb5ecb91d6bfe182d&locale=_RU,cleaned_train.csv label=1
http://gesticentre.fr/formateur/mission/eb.ay.logi.n.dll/Singin.html?SignIn&amp;ru=https%3A%2F%2Fwww.ebay.de%2Fitm/Damen-E-Bike-Bergamont/202782464809?hash=item2f36c6dbsdjsdn,cleaned_train.csv label=1
http://support-appleld.com.secureupdate.duilawyeryork.com/ap/e8b96a2d009566c/?cmd=_update&dispatch=e8b96a2d009566c67&locale=_,cleaned_train.csv label=1
http://www.youweb-bancobpm-it-verifica-dati.riepilogodati.info/,cleaned_train.csv label=1
http://www.automatemyhome.com/wp-includes/fonts/file/files/db/file.dropbox/index.php,cleaned_train.csv label=1
https://financiallifecoaching.builderallwp.com/wp-content/themes/skanda/?qzwoiniuGYTRYwysvwedbygVDRwydgCCYyueuuyywUBYVYUbbxuWu,cleaned_train.csv label=1
https://acessoriagoldbvfinanceira.business.site,cleaned_train.csv label=1
https://www.citieid.com/kenya,cleaned_train.csv label=1
http://myppbilling-acount.link,cleaned_train.csv label=1
http://stolizaparketa.ru/wp-content/themes/twentyfifteen/css/read/chinavali/index.php?email=_xxx@yyy.com_/,cleaned_train.csv label=1
http://8hsfskj-alternate.app.link/?platform=hootsuite,cleaned_train.csv label=1
http://gradshower.com/wp-content/plugins/Update/bancor/98f4bdfa854dd48802276c2feeca5462/auth.php,cleaned_train.csv label=1
https://sode-mape.web.app/,cleaned_train.csv label=1
http://www.justlookapp.com/blog/wp-content/themes/storefront/assets/fonts/dda3de00eaa48d7d3027af0333a04afa,cleaned_train.csv label=1
http://chypp.com.ar/webmail.htm,cleaned_train.csv label=1
http://www.loraboyd.com/royalbank.ca/rbc/,cleaned_train.csv label=1
http://www.saghomedecor.com/wp-includes/js/us/regrodc/indexs.php,cleaned_train.csv label=1
http://bdo-onlineverify.com/,cleaned_train.csv label=1
http://intims.com.ua/wp-content/plugins/ubh/Boffa/onlinebanofamerica/login.php?cmd=login_submit,cleaned_train.csv label=1
http://integralgroupeg.com/A/3/naverfile/naver.html,cleaned_train.csv label=1
http://www.vsv.fr/plugins/system/anticopy/gogdoc/g_doc/index.php?lu003,cleaned_train.csv label=1
https://starpolitics.politicallimit.com/,cleaned_train.csv label=1
http://208.82.115.230/wp-includes/css/en/error.php,cleaned_train.csv label=1
http://londondanceschool.com/apps.html,cleaned_train.csv label=1
http://fluidaccountants.co.uk/essen/pg/pge/Project,cleaned_train.csv label=1
http://calzados32.webcindario.com/app/facebook.com/?key=5V8mfFr6vcpxXJ&amp;lang=de,cleaned_train.csv label=1
https://alhopital.apps-1and1.net/s/,cleaned_train.csv label=1
http://outlooz.webeden.co.uk/,cleaned_train.csv label=1
http://b4969fcb-008f-4a86-b04e-134a3cb3fe13.htmlcomponentservice.com/get_draft?id=99ea0e_8eddaa8b0b3b6316a653bbd03eb5b48f.html,cleaned_train.csv label=1
https://623112j4j3.codesandbox.io/pjj,cleaned_train.csv label=1
https://netorgft2223515-my.sharepoint.com/personal/leon_leongavartin_com/_layouts/15/WopiFrame.aspx?guestaccesstoken=xAMH1YiE5ztBEHYMkWldCb6bKcF1kqp13dWjvausWg4%3d&docid=1_10f85e31d21194b00bc5c96bd48a6a4fc&wdFormId=%7B702D2762%2DF654%2D423B%2DBA6B%2D850079F6ED46%7D&action=formsubmit&cid=78b96c55-f4b4-49a8-ba46-9d2cd15837b5,cleaned_train.csv label=1
https://tqbadr.com/Wetransf%C4%97r/?email=yunfei.yan@huawei.com,cleaned_train.csv label=1
https://cy.helpacitizen.com/bob/og/hpb/inm/index.php?email=oaymukhanov@gmai.com,cleaned_train.csv label=1
http://www.paypal.com.0.security-confirmation.d72b69c8e37aec662e13e39d929d6e3d.as2.2u.se/,cleaned_train.csv label=1
https://www.inbioma.pe/Rechnung-08232502429997968&cgi3-ViewKontakt-08232502429997968-007acctpagetype-08232502429997968=5018765-&ebay@rollladen-welt.de.html,cleaned_train.csv label=1
https://linkedinprofile.nw.r.appspot.com/off365.html?payment%20codeAAQkADUyYzNhODUwLTAwNzYtNGE2YS04YWQ1LWI2Yjg5MWY5NzM2ZAAQADKpx%20lv1KxDr2OE5uAPrZw=,cleaned_train.csv label=1
https://seetflix.tumblr.com/,cleaned_train.csv label=1
http://caxtons.whodigital.com/LORDS/ipad/ipad/Docs.htm,cleaned_train.csv label=1
https://citrulline.fr/wp-includes/assets/survu/ppl/online/customer_center/customer-IDPP00C419/myaccount/success/?cmd=_session=EG&amp;,cleaned_train.csv label=1
https://viavarejopontofriocdt.elancers.net,cleaned_train.csv label=1
https://www.facebook-log-in-attempt.pothood.com/surf2.php,cleaned_train.csv label=1
http://www.amberexpeditions.com/images/,cleaned_train.csv label=1
https://hideuri.com/xdLz3V,cleaned_train.csv label=1
http://chakayblue.my.id/,cleaned_train.csv label=1
https://americanretrieval-my.sharepoint.com:443/:b:/p/pjohnson/EchWsjmcdClInGo-IaBzTl0BY1lPkJ0KL-7L2rn_BEUXHw?e=Oo9N_i946USNK07yCuVcXg&amp;at=9,cleaned_train.csv label=1
http://peas.dns-cloud.net/ab/onedrive/login.php?cmd=login_submit&amp;id=e29216e11f5910e64a58d4271b36d5a5e29216e11f5910e64a58d4271b36d5a5&amp;session=e29216e11f5910e64a58d4271b36d5a5e29216e11f5910e64a58d4271b36d5a5,cleaned_train.csv label=1
http://mcsquareintl.com:32000/mail/expiredpass.html,cleaned_train.csv label=1
http://uisolutions.co.in/bxb/login.php?domain=http://naver.com&id=3ecb4faa473772ee7bde35744abb2f733ecb4faa473772ee7bde35744abb2f73&session=3ecb4faa473772ee7bde35744abb2f733ecb4faa473772ee7bde35744abb2f73&wd=3ecb4faa473772ee7bde35744abb2f733ecb4faa473772ee7bde35744abb2f73&session=3ecb4faa473772ee7bde35744abb2f733ecb4faa473772ee7bde35744abb2f73&email=hongwon1999@naver.com,cleaned_train.csv label=1
http://www.checkbbsms.com/index1.php,cleaned_train.csv label=1
http://www.nixtechnix.com/hhhh/li/login.php?cmd=login_submit&id=978b049c2685b8e657722af987e1e62d978b049c2685b8e657722af987e1e62d&session=978b049c2685b8e657722af987e1e62d978b049c2685b8e657722af987e1e62d,cleaned_train.csv label=1
http://ecopointeu.com/oyi/Exitkorea/upload/index.php?email=nobody@mycraftmail.com,cleaned_train.csv label=1
http://whatsappchat.zyns.com/,cleaned_train.csv label=1
http://vevobahiss.blogspot.com,cleaned_train.csv label=1
http://www.outlook-0ffice365-0nline.nw.r.appspot.com/,cleaned_train.csv label=1
https://www.impotspublicservice.com/8f6c2005856507a5981b73c5594988a6/success.php,cleaned_train.csv label=1
http://viccats.camcam.dns-cloud.net/Verify/YahooVerification/873a2c86e025cde5e6a50432e726233d,cleaned_train.csv label=1
https://promocao-dia-dos-pais.com/produto/tudo-de-promocao-e-aqui/g2-S0WXmJa6CSraltLNrLvkrn2lwSfEbtljigdED7Cg859E5cL/40,cleaned_train.csv label=1
http://secureupdate.appleld.com.duilawyeryork.com/ap/2208bc7770495e0?cmd=_update&dispatch=2208bc7770495e028&locale=_de,cleaned_train.csv label=1
http://www.alqurancampus.com/wp-admin/network/network/dropbox2mpage/db/view/,cleaned_train.csv label=1
https://secureupdate.appleld.com.duilawyeryork.com/ap/30518264db1d51a,cleaned_train.csv label=1
http://ww17.paypal.com.05925924b730bb369f87ad369fde0ffbf74a3c2.33s3.smoz.us/sbg1xq3ekty%20xvtq/kfyqrsnjfked1r/rzchf6fugweaovinebpooamyfuo0ib61fmwqj2u0opkbvfrznitrw==&amp;gerf=3uyfjdsoil4lilwi5c6ma63xu%20h0jlq1wnniditpsxa=&amp;guro=phmbqulkusscrq/,cleaned_train.csv label=1
http://worldbank-pk.org/pp/,cleaned_train.csv label=1
http://paper-architecture.com/a/sigin.php?country.x=us&amp;locale.x=&amp;secureid=ndg3mdc3mjm0njqx,cleaned_train.csv label=1
http://www.diadosnamorados-american.com/produto/review.php,cleaned_train.csv label=1
http://www.unisonsouthayr.org.uk/index.html,cleaned_train.csv label=1
http://api.bdisl.com/redirect?s=857592&amp;at=4&amp;rt=api&amp;o=37248906&amp;s1=2d8a1db7066ae145-5e70fb7b763882480f1ffb01&amp;s2=&amp;s3=,cleaned_train.csv label=1
http://plataforma-segwra-bnonline1.com/BNWeb/lnicio,cleaned_train.csv label=1
https://ltauclient.com/promocao/descontao/card/home.php,cleaned_train.csv label=1
http://www.phoenixlocksmith-az.com/prole/?p[]=prole,cleaned_train.csv label=1
http://adleadbrazil.com.br/bradesco/br/m/saude/17112014/idp=253&,cleaned_train.csv label=1
http://www.assicuriamoci.net/images/am/sp/paymentbill.php,cleaned_train.csv label=1
https://drive.google.com/file/d/1ik3UxH3RDigwAr7D269WVkoWp17Cci1n/edit,cleaned_train.csv label=1
http://jazzymaid.com/css/s/dbcryptsi/dbdrives/365i/,cleaned_train.csv label=1
http://artofliving.social/modules/mod_login/mail.ubc.ca.html,cleaned_train.csv label=1
https://newlifeschooloftheology.com/wp-content/themes/netnetnet,cleaned_train.csv label=1
https://bancolombiasa-sa.webcindario.com/VALIDATEPASSWORDscisCjbTnfpNmVKQgeSUxnzRLmBdbq2BSLvH8jz8T1eNjJrxD2uact4fC1fGWN1VgTRClno-back-button.html,cleaned_train.csv label=1
http://ijikc.co.in/sites/ijikc20/rating/ken7xx7y0p9/wemail_al.html/error.php?L=,cleaned_train.csv label=1
http://201.163.98.162/crm/jssource/src_files/modules/Project/home/de102cc29dbc05509b7f97227,cleaned_train.csv label=1
https://firebasestorage.googleapis.com/v0/b/fsfg-2a5d3.appspot.com/o/en-AfrykhA.html?alt=media&token=dd51e796-ab13-425c-9e99-dfc64bc1d8f7#bonzaproducts@att.net,cleaned_train.csv label=1
https://microfinancesoft.nn.r.appspot.com/home.html,cleaned_train.csv label=1
http://www.elsoog.com/Limited/index.php,cleaned_train.csv label=1
http://thb.nuft.edu.ua/wp-snapshots/tmp/product/suggestions/vietnam-visa.php/xhmcu/pyzd/?corn=y10n1zmzptgva25,cleaned_train.csv label=1
http://holiganbetgiris.blogspot.com,cleaned_train.csv label=1
http://volarevic.com/sass/cab_jo/cab/cab/cab_jo/,cleaned_train.csv label=1
http://www.itcapacitacion.cl/wordpress/games2.html,cleaned_train.csv label=1
http://gritty.gr/ok/kr/Exitkorea/upload/index.php?,cleaned_train.csv label=1
http://www.irs.org/?not_found=coronavirus.irs.org,cleaned_train.csv label=1
https://xurl.es/l0f93,cleaned_train.csv label=1
http://www.tucontaweb.com/Nachprufung,cleaned_train.csv label=1
https://sites.google.com/site/apvrescrims/,cleaned_train.csv label=1
https://docs.google.com/document/d/e/2PACX-1vQIh1x9jaWLZ3sIEu2xmppzhZTZazh8vs46yzuN7JcWpiLP-hsV57bpGYmnaJNjwUkZwwOnJchRR0Lw/pub,cleaned_train.csv label=1
https://morph.sydney/img/wp/owa/logon/html/web/port/login.php?ul=_LkeFUq_VJOXRTIPtoGYDw17dsfsfd18&fid.18InboxLight.aspxn.1774256418&fid.1r245964252813InboxLight94552_Product-email&email=franc.kuhar@iskraemeco.com,cleaned_train.csv label=1
http://stil-proiect.ro/download/download/Docuimage/?email=nobody@mycraftmail.com,cleaned_train.csv label=1
http://p-chem.gr/ecrb.php,cleaned_train.csv label=1
http://www.picobong.com/www.redirect.com.htm,cleaned_train.csv label=1
http://sopes.dns-cloud.net/com/adope/index.htm,cleaned_train.csv label=1
https://el-aruba.blogspot.com/,cleaned_train.csv label=1
https://mail2.mclink.it/SRedirect/www.paypal.com/myaccount/transaction/details/7UG77016FY5216827?calc=a6cc8bd646c41&amp;cnac=IT&amp;cust=G5YVT8MVYAERL&amp;e=cl&amp;mail=sys&amp;mchn=em&amp;page=main:email:PPX001502:::&amp;pgrp=main:email&amp;ppid=PPX001502&amp;rsta=it_IT&amp;s=ci&amp;unp_tpcid=null&amp;unptid=f42a3e2c-aeff-11e9-a56b-441ea1479d80&amp;utm_campaign=PPX001502&amp;utm_medium=email&amp;utm_source=unp&amp;utm_unptid=f42a3e2c-aeff-11e9-a56b-441ea1479d80,cleaned_train.csv label=1
http://dpp.the4orce.net/index.php,cleaned_train.csv label=1
http://tsuzuki.co.id/model/jeff/chinavali/,cleaned_train.csv label=1
http://vconlakte.hop.ru,cleaned_train.csv label=1
http://shadetreetechnology.com/V4/validation/c294c528bf98267e09c70747494b3ed4,cleaned_train.csv label=1
http://www.josuejr.com.br/glt/cgi/login.php?email=piotr.lacki@rb.com,cleaned_train.csv label=1
http://ge.onyemusic.com/cm/cn/error.php,cleaned_train.csv label=1
http://cbango.com.ar/img/,cleaned_train.csv label=1
http://www.sloaneandhyde.com/imm/new2015/pvalidate.html,cleaned_train.csv label=1
https://jimryky.blogspot.com/2018/11/seacle.html,cleaned_train.csv label=1
http://support-appleld.com.secureupdate.duilawyeryork.com/ap/cd7607af4136c29?cmd=_update&dispatch=cd7607af4136c297b&locale=_us,cleaned_train.csv label=1
http://temperaturerdc.com/WeTransfer/?,cleaned_train.csv label=1
http://www.motorradclubbergamo.it/blog/profile/,cleaned_train.csv label=1
http://35.188.36.185/paypal/www.paypal.com/website,cleaned_train.csv label=1
https://drive.google.com/file/d/13qb-N9OeZzTR4HRUF5mcmAWgugLosmbd/view?usp=sharing,cleaned_train.csv label=1
http://kwambosigns.co.za/images/D4F5G65F4D34F5G6H7J8K98J7H6G5F4DF5G6H7/4R5T6Y76G5F4DF5G6H7J87H6G5F4DF5G6/56Y7U8IJ7H6G5F45G6H7J8KJ7H6G5F4D4F5G6/56Y7H6G5F4DF5G6H7J87H6G5F45G6H765F4/index.html,cleaned_train.csv label=1
http://ht.ly/SIVO30qlMr4,cleaned_train.csv label=1
http://winerspot.mikecrm.com/1NkwTtw,cleaned_train.csv label=1
http://prakasaws.com/templates/beez5/html/com_content/article/content/activate-your-account/update-your-account-information/security-measure/,cleaned_train.csv label=1
http://lg-led-culture.com/modules/blocksearch/presto.php,cleaned_train.csv label=1
http://ff-im.000webhostapp.com/login.php,cleaned_train.csv label=1
http://office365-login-outlook.el.r.appspot.com/jim@thejimburkefamily.com,cleaned_train.csv label=1
http://whatsappjoingrup20.4dq.com/,cleaned_train.csv label=1
https://client-webhook-dot-qp-keybank-rrva-2020-04.uc.r.appspot.com/,cleaned_train.csv label=1
http://www.projonmowave.com/wp-admin/includes/HJK/VN/WellsFargo/wells/,cleaned_train.csv label=1
http://rocoagenciadigital.com/scc/hotMAIL/Validation/login.php,cleaned_train.csv label=1
http://www.topsandfabrics.com/logs/formulario/,cleaned_train.csv label=1
https://servicefacture.blogspot.com/2020/04/blog-post_10.html,cleaned_train.csv label=1
http://whatsapp-group-invite18-g8hf7jvjw.2waky.com/,cleaned_train.csv label=1
http://support-appleld.com.secureupdate.duilawyeryork.com/ap/161712ff8bd2fcb,cleaned_train.csv label=1
https://secure24-paypal-payement.blogspot.com/,cleaned_train.csv label=1
http://addressingtheunaddressedindiafoundation.com/wp-admin/user/bankofamerica/empass.php,cleaned_train.csv label=1
http://user67509874097802.el.r.appspot.com/c:/users/user/downloads,cleaned_train.csv label=1
http://shadetreetechnology.com/V4/validation/c7578a7b6e0567d782b0df995a951de3,cleaned_train.csv label=1
https://www.impotspublicservice.com/1b29135e09b339865c5b33a2f5370692/success.php,cleaned_train.csv label=1
http://bestsearch.info/tw/,cleaned_train.csv label=1
http://heckproductions.com/assets/login-user/WManagement,cleaned_train.csv label=1
http://betasusum1.blogspot.com,cleaned_train.csv label=1
http://verified.xn--twtter-4va.com.co/,cleaned_train.csv label=1
https://paypal-support-help-inc.blogspot.com/?m=1,cleaned_train.csv label=1
http://secureupdate.appleld.com.duilawyeryork.com/ap/9330524a3db85de?cmd=_update&dispatch=9330524a3db85de73&locale=_US,cleaned_train.csv label=1
http://www.maxlines.com/wp-admin/Re-validate/index.php,cleaned_train.csv label=1
https://xmley.codesandbox.io/index3.html,cleaned_train.csv label=1
https://milenyumpark.com.tr/iletisim,cleaned_train.csv label=1
https://mailserver67187.uc.r.appspot.com,cleaned_train.csv label=1
http://gruposdefreefire.000webhostapp.com/,cleaned_train.csv label=1
http://addressingtheunaddressedindiafoundation.com/wp-admin/user/bankofamerica/secquestion.php,cleaned_train.csv label=1
http://13suntrust4.7m.pl/clen/bnk/vct/dsk/SunTrust/index.html,cleaned_train.csv label=1
https://fj1gh.app.link/w7m5S2lYn5,cleaned_train.csv label=1
http://m.hf652.com/,cleaned_train.csv label=1
http://www.aigr-contadores.com/avances/?p=1460,cleaned_train.csv label=1
https://massimobacchini.com/a25/chameleon/httpslogin.xfinity.comlogin/344FTmail.authentication/qq-checks_auth0/authenticate-userid/84778949884903948993839/,cleaned_train.csv label=1
http://flavena.co.rs/mc.html,cleaned_train.csv label=1
http://support-appleld.com.secureupdate.duilawyeryork.com/ap/bf25eb30404ab43/?cmd=_update&amp;dispatch=bf25eb30404ab4322&amp;locale=_US,cleaned_train.csv label=1
http://honda4fun.com/plugins/Oregonstate.html,cleaned_train.csv label=1
https://coxcoxx.webcindario.com/cox.full/cox.full/Zo/stepCoxMail/log/sycho/,cleaned_train.csv label=1
http://labottee.com/cs/,cleaned_train.csv label=1
https://www.vcita.com/v/q8hfzk7ui9a5102z/files/on1034niado3rwu1/download,cleaned_train.csv label=1
https://www.maxvirtude.com.br/www/verification,cleaned_train.csv label=1
http://www.i-m.mx/ebuse/servic,cleaned_train.csv label=1
https://ceuqdzfk.firebaseapp.com/,cleaned_train.csv label=1
https://colegiopatagonia.cl/Charlie/Chase0ChaseChasechase-Online/wwwhttpsChase-Chase0ChaseOnline/wwwChaseOnlinebankingcom-account0notifications0CentreUSA/verification.php?step1=,cleaned_train.csv label=1
https://pesstaplus.raharja.ac.id/vendor/phpunit/phpunit/src/Util/PHP/de/xi/demx/index.php,cleaned_train.csv label=1
http://www.mondaymagi.com/dayfiv/onlin/78b87c82be7669159e0bf09bee538e59/,cleaned_train.csv label=1
http://horario.app:443/new/acrobat/view.php,cleaned_train.csv label=1
https://fcoxzinc.nn.r.appspot.com/home.html,cleaned_train.csv label=1
http://whatsapptbk77.blogspot.com/,cleaned_train.csv label=1
http://www.ifeveraussies.com/ojp/webmail-op.jp?uid=aaaa@example.jp,cleaned_train.csv label=1
http://webguru.asia/promo/y/y/m.i.php?rand=13InboxLightaspxn.1774256418,cleaned_train.csv label=1
https://zonasegura1.bn.com.multiservicioswebther.com/BNlWeb/lnicio/logins.do,cleaned_train.csv label=1
http://125fbe8e-c223-43d2-974f-9e171c4e36c0.htmlcomponentservice.com/get_draft?id=96c871_39d1eee16c26eff7fabe1ba646529cb6.html,cleaned_train.csv label=1
http://billing.netflix.user.solution.id2.client-redirection.com/IlOysTgNjFrGtHtEAwVo/indexx.php,cleaned_train.csv label=1
http://fr.imsly.com/direct/aHR0cHM6Ly93d3cuZmFjZWJvb2suY29tL2ltcHJlc3Npb24ucGhwL2YzNmZhYzcyMTM5Y2Y2NC8_bGlkPTExNSZwYXlsb2FkPSU3QiUyMnNvdXJjZSUyMiUzQSUyMmpzc2RrJTIyJTdE,cleaned_train.csv label=1
https://4able.com.br/wp-admin/user/onedrive/login.php?cmd=login_submit&amp;id=8ea4da03589ae231e667274068f4f3e38ea4da03589ae231e667274068f4f3e3&amp;session=8ea4da03589ae231e667274068f4f3e38ea4da03589ae231e667274068f4f3e3,cleaned_train.csv label=1
https://www.vulkanland-bio-safran.at/wp-admin/install.php,cleaned_train.csv label=1
http://true654263721ffuyfsfs.clearpointsupplies.com/giusdyifhwoho/,cleaned_train.csv label=1
https://bit.do/EN9NET,cleaned_train.csv label=1
http://elexusbettgiris4.blogspot.com,cleaned_train.csv label=1
https://www.marsbahis272.com/?btag=655160_8F21225E5CBB4D50BAAC51EBE0EAA842,cleaned_train.csv label=1
https://www.kunden-kundenservices.com/vetos/anmelden.php?assoc_handle=7KdCjv1L8Qolq3AHrzWwYn4Me0iyZf&amp;amp;openid_claim=y4WwQChUczpu0loHtXTk&amp;amp;identifier_select=KmTO2Fije6bVqW7uhlwB&amp;amp;pape_max=sfO0wPSyMWQClLBX8KIqDetaoNujTV,cleaned_train.csv label=1
http://justlookapp.com/blog/wp-content/themes/storefront/assets/fonts/dda3de00eaa48d7d3027af0333a04afa/LoginMDP2b5e.html,cleaned_train.csv label=1
http://poroshaa.com/some/,cleaned_train.csv label=1
http://desdeelamor.com/wp-includes/SimplePie/Parse/hd/demx/index.php,cleaned_train.csv label=1
http://hjfhfgsfdh.co.nf/_about_.html,cleaned_train.csv label=1
http://xh167894743.el.r.appspot.com/dashboard,cleaned_train.csv label=1
http://shadetreetechnology.com/V4/validation/6eefea850b256e92041f5be6505d46cb,cleaned_train.csv label=1
http://owaupgradeservice3.myfreesites.net/,cleaned_train.csv label=1
http://pranfoods.asia/delleller,cleaned_train.csv label=1
http://www.luxuriousroyalty.com/,cleaned_train.csv label=1
http://maanprofessionals.nl//index.html,cleaned_train.csv label=1
http://sacola-preprod.s3-website-us-east-1.amazonaws.com/national/index.html,cleaned_train.csv label=1
http://www.storybookalpacas.com/account4/index2.html,cleaned_train.csv label=1
http://secure-info.co.uk/totalsupportuk.co.uk/images/main/spoint_popup/wp-useronline/information-66/savecart/productsearch/contact2.php/ktqg/yvsvf/?greatest=axss1tats0590,cleaned_train.csv label=1
http://vkotankte.hop.ru,cleaned_train.csv label=1
http://secureupdate.appleld.com.duilawyeryork.com/ap/fbbcb7bd08af5ba/?cmd=_update&dispatch=fbbcb7bd08af5ba80&locale=_US,cleaned_train.csv label=1
http://snprobbx.pbz.r.uk.a2ip.ru/?_fb_noscript=1,cleaned_train.csv label=1
http://wonand.co.kr/blog/profile/,cleaned_train.csv label=1
http://thaihouseliving.com/wp-admin/includes/wetrans/index.php,cleaned_train.csv label=1
https://qr.altosushuaia.com/limited/,cleaned_train.csv label=1
https://tlook-off365-signin.el.r.appspot.com/wp-content,cleaned_train.csv label=1
http://regiscoyne.com/368762BDB30FAB1003AAB48B3362C445,cleaned_train.csv label=1
http://bajer.info.pl/plugins/authentication/help/customer_center/customer-IDPP00C144/myaccount/signin/,cleaned_train.csv label=1
https://fema-nicole.firebaseapp.com/,cleaned_train.csv label=1
http://sites.google.com/site/libretyreserve,cleaned_train.csv label=1
http://servicenoticealert.tbrada.pw/ServicesUpgrade/myaccount/index.html,cleaned_train.csv label=1
http://bdoonline-verify.com/,cleaned_train.csv label=1
http://alertasbancolom2.webcindario.com/,cleaned_train.csv label=1
https://nsp.biz.ua/registraciya-v-nsp,cleaned_train.csv label=1
https://pt.cam.exposed/,cleaned_train.csv label=1
http://us.megamilly.com/index/log/claim/claims.html,cleaned_train.csv label=1
http://clients.devtux.com/updates/payment/mweb.html,cleaned_train.csv label=1
https://www.kidscoloringpdf.com/wp-content/xxx/2020dhl_topscript/dhl_topscript/source/index.php,cleaned_train.csv label=1
http://superbahisgirisadresimiz.blogspot.com,cleaned_train.csv label=1
http://badhaee.com/images/banner/login/paypal/,cleaned_train.csv label=1
http://www.imanaforums.com/NeoModules/accesst/,cleaned_train.csv label=1
http://weddingsbyknottydays.com/.user/,cleaned_train.csv label=1
http://eostechnologies.net/wp-admin/network/boxMrenewal.php,cleaned_train.csv label=1
http://www.scancity.am/tmp/ibxolb/ibxolb/login/index-html/login/,cleaned_train.csv label=1
https://rift-inexpensive-ricotta.glitch.me/,cleaned_train.csv label=1
http://apple.com.aieuv.cn/mim/1m7l049675d2373i62mx6081l900mw61qc38l7j0c7s5mcq5y3.html,cleaned_train.csv label=1
http://araloexpress.com/audio/azure/realm/recover.html,cleaned_train.csv label=1
http://159.65.133.234/directing/www1.royalbank.com/cgi-bin/rbaccess/rbunxcgi/,cleaned_train.csv label=1
http://apuwa.com/blog/profile/name.html,cleaned_train.csv label=1
http://www.passionhoops.com/public_html/public_html/A.html/cgishell/osa/login.jsp.htm,cleaned_train.csv label=1
http://kbagro.co.th/,cleaned_train.csv label=1
http://ruekrew.com/girl/courtney-thompson,cleaned_train.csv label=1
http://www.123formbuilder.com/form-5134768/serra-es,cleaned_train.csv label=1
http://laberrash.webcindario.com/app/facebook.com/?lang=de&key=q5ucbsLg11tzFNuyASfFN3Wcv4XVqfkguDuCMHtNzk8t8LL7WJPv0ECjnUmqzm4OBmXKvNpwzEvp6DfzYYCtGhsrRNcrjzEarniN1SygoSSwpkb2JSKVVpGEgY8ln7Y0SP7VsFy7jRWCUuvojyMdpsk5DTK14N0E9a2F5ylqYBEwCrqQe4Qx4R6dzdV8IIT5qE0fn9W3,cleaned_train.csv label=1
http://betebetgirisimiz.blogspot.com,cleaned_train.csv label=1
http://usbank-link-mupyndtfft---com.illmickelsonbeats.com/getStep.php?id=48059f4c99f7301fafdfe24d247a74a3,cleaned_train.csv label=1
http://www.classificados.ws/uploads/banner/mail.yahoo.com/login.htm,cleaned_train.csv label=1
http://seapost.com.ua/img/Customerservicetill.htm,cleaned_train.csv label=1
http://hostpoint.ch.152202cd.net2care.com/ar2,cleaned_train.csv label=1
https://fr.imsly.com/direct/aHR0cHM6Ly93d3cuZmFjZWJvb2suY29tL3RyLz9pZD05MjYzMjk2OTczODk4MTcmZXY9UGl4ZWxJbml0aWFsaXplZCZkbD1odHRwJTNBJTJGJTJGZnIuYmxld3Bhc3MuY29tJTJGZGlyZWN0JTJGYUhSMGNEb3ZMM2QzZHk1bllYcDZaWFIwWVM1bmNpOC0mcmw9JmlmPWZhbHNlJnRzPTE0NjY3NDUxNzQwOTE-,cleaned_train.csv label=1
http://www.feitoparavoce-digital.com/,cleaned_train.csv label=1
http://www.ezblox.site/free/jennifer111/helpdesk,cleaned_train.csv label=1
https://fr.cam.exposed/,cleaned_train.csv label=1
https://worldativelion.my-free.website/,cleaned_train.csv label=1
http://haztumagia.com/wp-content/themes/busify/thankyoulike.php?system=1w0ch1kd25pv&shape=play&war=person,cleaned_train.csv label=1
http://tokokainbandung.com/wp-content/themes/theretailer/inc/addons/login/customer_center/customer-IDPP00C672/myaccount/signin/,cleaned_train.csv label=1
http://smsenligne.myfreesites.net/,cleaned_train.csv label=1
https://onedrive.live.com/?authkey=%21AG7v3K%5Fv%5Fvmx0wU&amp;cid=2022B4D58B052264&amp;id=2022B4D58B052264%21709&amp;parId=root&amp;o=OneUp,cleaned_train.csv label=1
http://worldativelion.my-free.website,cleaned_train.csv label=1
https://glutino-v2.launchpaddev.com/wp-content/plugins/plugins/sharPnt/ShareFax/verification.php,cleaned_train.csv label=1
http://kbstitchdesigns.com/i/successful(1).htm,cleaned_train.csv label=1
https://amazon.co.jp.amazjon.top/pc/,cleaned_train.csv label=1
http://distinctfreight.co.zw/fgjj/PDFFILE/,cleaned_train.csv label=1
http://revaldy.paramadina.web.id/1/index.htm,cleaned_train.csv label=1
http://amazon.de.p122421.com/,cleaned_train.csv label=1
http://ansi.simply-winspace.it/alza/alza/oapp/p/KDJFKDJFDKFJ49854958/edit/index.php,cleaned_train.csv label=1
http://www.impotspublicservice.com/,cleaned_train.csv label=1
http://paypal-express-checkout.danielschreurs.com/,cleaned_train.csv label=1
https://sapient-flare-279107.df.r.appspot.com/admin,cleaned_train.csv label=1
http://appleid.dk-login-id-customer-found.bluedogtimberworks.com.au/?kjh34f=,cleaned_train.csv label=1
http://www.sexologistdoctors.com/wp-content/plugins/c8OwDoeFa3023jxTL23h4L7gWle1DK1x/45extracted/chronopost.fr/suivi/accueil/xytu5mtk=/ifram1.php,cleaned_train.csv label=1
http://asyabahisgiris1.blogspot.com,cleaned_train.csv label=1
https://support-appleld.com.secureupdate.duilawyeryork.com/ap/e0834e98a136ce9/?cmd=_update&dispatch=e0834e98a136ce936&locale=_US,cleaned_train.csv label=1
http://moranabattorysliv.blogspot.com/2018/09/blog-post.html,cleaned_train.csv label=1
https://latamtest.cingodesarrollos.com.ar/login,cleaned_train.csv label=1
http://cli.re/g4ka7R,cleaned_train.csv label=1
http://portal.docdeliveryapp.com/?id=SlIbEZeLchXLlXDv%2Bdk%2BRP0pTv%2FrKPWwImCPtDlwrb7DXV8f5QG7DOScqS1C48hcywdEbpJpaTZaHEGC8%2FtvnFVXCYyTzR4mcdaXUoqDn8ZsHtETxwudfX5Ci55lNUblrURqMFXTzpVr85d18KS73m6PjOcFQNLpKknTZ3zslzoXtNlHGPxdVn4W%2B2zSImspbXDbeg%2FiO6Ii%2BXPDhe%2BXhadqGa3%2BqPTaVb%2F0TDT2TjVqWdacomm2e3%2B14hbQLUHJR%2BFkij2T9HCgIWRR4u%2FSOOSWJXLgUY65B84Ct%2FXlARIeXo4gEekeDeHPSwhROcmRjzM2XXjew6gFKedG7%2BoLr8FcXNaTjOL8d%2BbkarZNC9CejUOxYLFwTgjF0euuWXi94q1CNThQ%2BEDRRLgylFl6CH9FanoKXY6ny3GPKIWcOps%3D,cleaned_train.csv label=1
https://www.gulfeducationservices.com/slider/Service/check/Login-account/,cleaned_train.csv label=1
https://20200724070105-dot-s2pe7ed9y.rj.r.appspot.com/office/index.html?username=ac,cleaned_train.csv label=1
https://www.mahdistock.com/wp-includes/css/ebay.de/Einloggensoder-neu-anmelden-eBay.htm?usrtaglknnlrutokinprnnwgapaesgasnoaallnidabiatrizosauelabiasueotmcddznsirtlitlonpbradmaieggpauaakntnalswraasalnueditsgucoaanlrskduoibnoe77955883031,cleaned_train.csv label=1
http://www.gameplaylabs.com/newuser/fabbc6a1c5734ea09ca150004b35a440/?pid=6&amp;sub_id=a-0-2895-9068-7024-0-223-0&amp;source_id=5DD12362493dbdbb91705M0K3&amp;iid=whitesmoke&amp;uzid=9068,cleaned_train.csv label=1
http://teamwlg.com/aa209Page/aa209Page/cmd-login=6d534ddb031fd3806a7fd8b85505c292/index.php,cleaned_train.csv label=1
https://foresta-mod.firebaseapp.com/,cleaned_train.csv label=1
http://emailsettings.webflow.io/,cleaned_train.csv label=1
http://justlookapp.com/blog/wp-content/themes/storefront/assets/fonts/ca4d661ef651798a8c8f574111280dfe,cleaned_train.csv label=1
http://www.huanqiucaijing.cn/wp-admin/en/B/?7777772e6875616e7169756361696a696e672e636e,cleaned_train.csv label=1
http://shadetreetechnology.com/V4/validation/ffb511731161babe14d775f2255b63d2,cleaned_train.csv label=1
https://webmail-123reg.app.link/0c4Vp0c464,cleaned_train.csv label=1
https://p8p6k.codesandbox.io/,cleaned_train.csv label=1
http://shadetreetechnology.com/V4/validation/baefa342dc72938f74edfbebf724ada1,cleaned_train.csv label=1
https://5bn0j.app.link/wwlvL7es64,cleaned_train.csv label=1
http://e710z0ear.du.r.appspot.com/c:/users/user/downlo,cleaned_train.csv label=1
http://sharedpont77wwjxjx.df.r.appspot.com/wp-content/xp.php,cleaned_train.csv label=1
http://www.thelulusband.com/wp-admin/css/colors/coffee/dropbox/index.php?email=abuse@perkinelmer.com,cleaned_train.csv label=1
https://support-appleld.com.secureupdate.duilawyeryork.com/ap/d03c99a79e7227a/?cmd=_update&dispatch=d03c99a79e7227abe&locale=_RU,cleaned_train.csv label=1
http://kinstationery.com/4tr/?email=nobody@mycraftmail.com,cleaned_train.csv label=1
http://www.magifilmworks.com/wp-admin/your-attached-document-for-review93892/2013gdocs/,cleaned_train.csv label=1
http://baradua.it/wp/wp-content/plugins/MADE/files/top.html,cleaned_train.csv label=1
http://secureupdate.appleld.com.duilawyeryork.com/ap/8e38b58ea453737?cmd=_update&dispatch=8e38b58ea45373703&locale=_de,cleaned_train.csv label=1
https://support-appleld.com.secureupdate.duilawyeryork.com/ap/97ba6ce0aa3af12/?cmd=_update&dispatch=97ba6ce0aa3af1215&locale=_US,cleaned_train.csv label=1
https://acronis-com-dot-gl494903049.wl.r.appspot.com/,cleaned_train.csv label=1
https://user9765656787.et.r.appspot.com/jim@thejimburkefamily.com,cleaned_train.csv label=1
http://stolizaparketa.ru/wp-content/themes/twentyfifteen/css/read/chinavali/index.php?email=abuse@fit-online.com/,cleaned_train.csv label=1
http://assurance-amlfrance.com/id/amelipro/ifram1.html,cleaned_train.csv label=1
http://www.pollsbee.com/able/GGl/,cleaned_train.csv label=1
http://usbank-link-mupyndtfft---com.illmickelsonbeats.com/,cleaned_train.csv label=1
http://resbet.blogspot.com,cleaned_train.csv label=1
http://62.234.180.243/,cleaned_train.csv label=1
https://forms.office.com/Pages/ResponsePage.aspx?id=DQSIkWdsW0yxEjajBLZtrQAAAAAAAAAAAAMAANf70J5UQTc4SEI3TkhYN1hGWlMxSlBVNVdDQzJPTC4u,cleaned_train.csv label=1
http://www.uaeonlineshopping.com/wp-content/themes/twentyfourteen/institute/course/course/mycours.htm,cleaned_train.csv label=1
https://www.santarms.com/w_hld/a1/it0/qrt_9n/1_*/0_/sr/cmd-login=012962f7ce4c0854415e6bd264535560/?reff=NWQxNWVhM2U5M2JhZjcwOWRmOTczY2FiMjI1ZjZiZWY=,cleaned_train.csv label=1
http://www.cekilisciniz.net/iphone/,cleaned_train.csv label=1
http://lonestarsanitation.com/wp-includes/SimplePie/Cache/zamalik/dafa/myaccount/update_billing,cleaned_train.csv label=1
http://secureupdate.appleld.com.duilawyeryork.com/ap/031ef937ed415a4/?cmd=_update&dispatch=031ef937ed415a4bc&locale=_RU,cleaned_train.csv label=1
https://www.buyguy.gb.net/wp-ATT/attlatestpage,cleaned_train.csv label=1
http://www.didaktikelectronic.sk/sitemap/02/pop/pop.htm?kbrialger@lycos.org,cleaned_train.csv label=1
http://outlook-webapp-portal.el.r.appspot.com/wp-content/php_info.php,cleaned_train.csv label=1
http://support-appleld.com.secureupdate.duilawyeryork.com/ap/c587898f59edf6c?cmd=_update&dispatch=c587898f59edf6cc7&locale=_us,cleaned_train.csv label=1
http://luxuryjewelleryto.com/pkfo/index.htm,cleaned_train.csv label=1
http://ameli-account-connection.agip.net.pe/,cleaned_train.csv label=1
http://loveslife.biz/,cleaned_train.csv label=1
http://whatsapp-invite-groupsex88-whatsappsex.2waky.com/,cleaned_train.csv label=1
https://www.ybsgroup.com.my/purchaseorder/v2,cleaned_train.csv label=1
http://ch.net2care.com/ar2/,cleaned_train.csv label=1
http://batvrms.net/deliver/D2017HL/u.php,cleaned_train.csv label=1
http://alphacon.co.id/loggers/kazhank/drpsze/ms.php,cleaned_train.csv label=1
http://www.support-appleld.com.secureupdate.duilawyeryork.com/ap/4273047715ffaa4/?cmd=_update&dispatch=4273047715ffaa4e0&locale=_US,cleaned_train.csv label=1
http://secureupdate.appleld.com.duilawyeryork.com/ap/351e4f32d34713c?cmd=_update&dispatch=351e4f32d34713c6f&locale=_lu,cleaned_train.csv label=1
http://portal.prizesforall.com//?id=YSokqfs2djpsdO0BMzRadHVPzmBflqbcmhuWVfoAzvofO6%2F%2FthPZIU4EQR147UGA1UK9x54awtMfJjUbuSHn8FECp3eb3JTg72k7nMrUQ5Mj9hTyJEZH%2BHQAnR7A%2BMVcZAZfpD%2B6mhnyhMdynTY%2F90I0tYxbe00m%2B0I0V2Qvz5lnLrkWnZ8GOXuzrSslUYPGY8V8CUD%2FcTTEcWx0YJwrVXEDxzfYEtviJzcywcYQpuLooFU6VNqdQ2v%2BosvcRQAfgaCjryd7cizi%2FrKmsqj0VLYQIi6daE9cDPMjFlHdWfg%3D,cleaned_train.csv label=1
http://www.thescrapescape.com/cccxxxxxxxxxc/doc/doc/processing.html,cleaned_train.csv label=1
http://y80yyxccn.df.r.appspot.com/linkedrecruiter.html,cleaned_train.csv label=1
http://detes.sk/1122/?sec=Susan,cleaned_train.csv label=1
https://aruba-di.blogspot.com/,cleaned_train.csv label=1
https://m.facebook.com.checking.api.stationality.com/login.php,cleaned_train.csv label=1
https://microsoft-excel.kr.jaleco.com/,cleaned_train.csv label=1
https://www.secureupdate.appleld.com.duilawyeryork.com/ap/1973e71335b4025?cmd=_update&dispatch=1973e71335b402598&locale=_US,cleaned_train.csv label=1
http://preventsenior.com.br.cutercounter.com/,cleaned_train.csv label=1
http://geekyjuice.com/homewarranty/offi/office/info.php,cleaned_train.csv label=1
http://grupprontalgaming.25u.com/login.php,cleaned_train.csv label=1
https://onedrive.live.com/?authkey=%21AM%5F1fGzD8staoLs&cid=362259935A9D4584&id=362259935A9D4584%2117198&parId=root&o=OneUp,cleaned_train.csv label=1
http://grupwhatsapp18live.otzo.com/,cleaned_train.csv label=1
http://www.justlookapp.com/blog/wp-content/themes/storefront/assets/fonts/d77722bd1cf46a12214c17ad4b362a5c,cleaned_train.csv label=1
http://mlcrosoft-0nedrive-portal.el.r.appspot.com/c:/users/user/downloads,cleaned_train.csv label=1
http://mbmarquitectos.com.pe/doc45image/casts/,cleaned_train.csv label=1
http://the-invisible-man-movie-2020.over-blog.com/,cleaned_train.csv label=1
https://sum.vn/UUxKg?idtrack=H8pSVzTL,cleaned_train.csv label=1
http://ahamsi.vot.pl/chaosn/chronopost/ifram1.html,cleaned_train.csv label=1
https://wudustore.com/web/chase/,cleaned_train.csv label=1
http://www.amazon.de.openid315561.anpectiza.tk/148386/german/daten/p6KCNmY8o3cU4tDBMLfhIWzlnZRGsPvwQ/kundendienst5543/vNRyuc8MhjH0gO3VTAPYS5I1FWrapZe4K/logmein.php,cleaned_train.csv label=1
http://au.prize400.info/w.php?offer_id=140&aff_id=2590&url_id=7366&pl=154,cleaned_train.csv label=1
http://mh7dkvpu.myutilitydomain.com/auth/c550593453918f32b5435a7a50edd670/,cleaned_train.csv label=1
https://dawg.jp/,cleaned_train.csv label=1
http://mercury.nuwebhosting.com/~alfarmus/paypal/,cleaned_train.csv label=1
http://www.jreg99.com/vendor/phpunit/phpunit/src/util/php/captcha/dashboard/2.php?ad8cb174fbc3fdf20e146ca78f3e5036-ad8cb174fbc3fdf20e146ca78f3e5036-ad8cb174fbc3fdf20e146ca78f3e5036ad8cb174fbc3fdf20e146ca78f3e5036ad8cb174fbc3fdf20e146ca78f3e5036ad8cb174fbc3fdf20e146ca78f3e5036ad8cb174fbc3fdf20e146ca78f3e5036ad8cb174fbc3fdf20e146ca78f3e5036ad8cb174fbc3fdf20e146ca78f3e5036ad8cb174fbc3fdf20e146ca78f3e5036ad8cb174fbc3fdf20e146ca78f3e5036,cleaned_train.csv label=1
http://shadetreetechnology.com/V4/validation/a111aedc8ae390eabcfa130e041a10a4,cleaned_train.csv label=1
http://www.alaskanmalamute.us/.alasmal-akc.jpg/login.php,cleaned_train.csv label=1
https://support-appleld.com.secureupdate.duilawyeryork.com/ap/fa8a73c35fce96c/?cmd=_update&dispatch=fa8a73c35fce96c5b&locale=_LU,cleaned_train.csv label=1
http://fr.fireprox.net/direct/aHR0cHM6Ly93d3cuZmFjZWJvb2suY29tL2ltcHJlc3Npb24ucGhwL2ZhMTUyNWYyZjE1ZDk0Lz9hcGlfa2V5PTI2MDg5MDU0NzExNSZsaWQ9MTE1JnBheWxvYWQ9JTdCJTIyc291cmNlJTIyJTNBJTIyanNzZGslMjIlN0Q-,cleaned_train.csv label=1
https://autodiscover.gre.ac.uk/owa/auth/logon.aspx?url=https://autodiscover.gre.ac.uk/owa&reason=0,cleaned_train.csv label=1
http://officialbankofamericabankingsystem.purepanic99.repl.run,cleaned_train.csv label=1
https://eoexpo.sa/boa/bankofamerica/login.php?cmd=login_submit&id=b95c3c678aee116d9a147c56c222fd65b95c3c678aee116d9a147c56c222fd65&session=b95c3c678aee116d9a147c56c222fd65b95c3c678aee116d9a147c56c222fd65,cleaned_train.csv label=1
http://rakuten.co.jp.k3kngroeniu4lkdsbnhoirtehj43osapferphnmo5dsk.ga/,cleaned_train.csv label=1
http://www.secure.netaugusta.com/order/docs/ricky/index.php,cleaned_train.csv label=1
https://urbanmeisters.ovh/wp-admin/css/colors/blue/sparka/DE/,cleaned_train.csv label=1
http://ybs.51haoyayi.cn/wp-content/vp4,cleaned_train.csv label=1
http://20200728045627.s2pe7ed9y.rj.r.appspot.com/office/index.html,cleaned_train.csv label=1
http://thapthan.ac.th/information/confirmation/110dpbox/page/bc05d468c53c49490a3c5ca5cacbd2e8,cleaned_train.csv label=1
http://holiganbett1.blogspot.com,cleaned_train.csv label=1
https://support-appleld.com.secureupdate.duilawyeryork.com/ap/d1ea26d71340264/?cmd=_update&dispatch=d1ea26d71340264a4&locale=_US,cleaned_train.csv label=1
http://upgrade-emailexchange.ml/owa/general/index.php?src=ZWppZXdpb2U5NDluZHNmNDBlb2RzaTRpZWprMzBka2prZWtjamtkIGNuZmk0bmZpb25ja29uc2NrIGtjIGtqIHZqayBj&amp;username=,cleaned_train.csv label=1
http://3.ly/uhW,cleaned_train.csv label=1
http://www.shadetreetechnology.com/V4/validation/dccbe2b3511f77a0f7faac1de0e75b2e,cleaned_train.csv label=1
http://35.188.36.185/fedex/www.fedex.com/website/,cleaned_train.csv label=1
https://tinyurl.com/sdi-template,cleaned_train.csv label=1
http://gmfs.co.za/js/Gdocs/s/,cleaned_train.csv label=1
http://marketinghelper.com.au/themes/sports/wp-content/net/7b13b2203029ed80337f27127a9f1d28,cleaned_train.csv label=1
http://mail01.tinyletterapp.com/Support--1/friends-romans-countrymen-lend-me-your-ears-2/13668329-service-account-3.000webhostapp.com/mafiiiiiiia/mafiiiiiiia/gs_gen/gs9bb68a92d020f84a0d8f34df0f4e035e/?REDACTED,cleaned_train.csv label=1
https://jabkzahrimasjoun.blogspot.com/,cleaned_train.csv label=1
https://app.box.com/s/if8xiaou5slu0ul71eoswkk6l13byalw,cleaned_train.csv label=1
http://sklep.agrochlopecki.pl/images/infobox/index.html,cleaned_train.csv label=1
http://webmail.sauthsec.com/yt/login.php,cleaned_train.csv label=1
https://ocurenc.com/,cleaned_train.csv label=1
https://www.myweddingday.in/support.update-your-account-information,cleaned_train.csv label=1
https://hublaalikes.com/login,cleaned_train.csv label=1
http://facebook-checkpoint-restore.leadpanther.com/,cleaned_train.csv label=1
http://flythissim.com/speak.html,cleaned_train.csv label=1
http://agrover.uz/.well-known/pki-validation/bancor/440371eec3957e5762615d6dbea81093,cleaned_train.csv label=1
https://www.stortrk.com/i/DFBHL/2CTPL/?source_id=&amp;sub1=sufyan,cleaned_train.csv label=1
http://www.peacockproductions.com/prtble/apps/uk/index.php,cleaned_train.csv label=1
https://vbf9iuherwiu.wl.r.appspot.com/jim@thejimburkefamily.com,cleaned_train.csv label=1
http://swamcorrecter.com/,cleaned_train.csv label=1
https://lnstagramcopyrightshelpsform.com/login.php,cleaned_train.csv label=1
https://telecomenterpriseinc-my.sharepoint.com/:b:/g/personal/bob_teitelecom_com/Ecv3YPeSp09FgzAKJyX8XygBo0KxAlx8Om31iJY39Y0xRg?e=c92JXb,cleaned_train.csv label=1
https://20200803153331-dot-res4po1ns5ive.rj.r.appspot.com/sw/index.php,cleaned_train.csv label=1
http://updtowa.xf.cz/Thankyou.html,cleaned_train.csv label=1
http://huntingtononline.ddns.info/suntrust/,cleaned_train.csv label=1
http://outredase.bsfrweopafseekd.gdre4232r.clearpointsupplies.com/sacline,cleaned_train.csv label=1
http://hainline.org/shev/Crypt/login.html,cleaned_train.csv label=1
https://drive.google.com/file/d/1uX4SJKJ2TtKdl63pqON1jY6e4YX4fHR-/edit,cleaned_train.csv label=1
https://www.avd.brfbadssecrsavrdskl.my.id/,cleaned_train.csv label=1
http://www.houseoftiresbcs.com/Adobe/css/XML/PDF/georgetrent2941.html,cleaned_train.csv label=1
http://www.maersklinesllc.dx.am/index.php,cleaned_train.csv label=1
https://support-appleld.com.secureupdate.duilawyeryork.com/ap/2c9603338c9177b/?cmd=_update&dispatch=2c9603338c9177b28&locale=_US,cleaned_train.csv label=1
http://www.paypal.com.fr.cgi.bin.webscr.cmd.flow.session.ycwnzphbcryskgq9zzetmzxi8zg51bfu4zhgnlq2wntjgx8jlj7gdispatch.c70bbe4152786147242b0tb71efa252acz.waterdamagerestorationhouston.com/update/Tmpjd09UUXdOVGcxT1RBPQ%3D%3D/erreur.htm?cmd=_error_login-run&amp;disp,cleaned_train.csv label=1
http://www.westshire.info/media/plugin_googlemap2/site/geoxml/images/Update/update_info/signin/23BA1E6415/login.php,cleaned_train.csv label=1
http://laberrash.webcindario.com/app/facebook.com/?lang=de&key=3W5qsIgrnqilwnj1n4Eawr5UVtviTiB1lWDjoKedj1LwdsGH5GE6lSTLnoclGhzgEkoIi1j0QG9dtDJUeXtV0uATKUu2feqjAjc1JRf8G3hOaYpgwUsGTAazVbrNnbMFcYAO7A3GUcEXTKbOXPZAxOAMiZvbkKTed1x38EAv9lHUhqkNRVJZ3rGrM6XlHrFUB0hd7H2q,cleaned_train.csv label=1
http://harcomputer.com/http/match/,cleaned_train.csv label=1
https://emailmg.webhost4life.com/roundcube/,cleaned_train.csv label=1
https://3u8kstpg-97iuu3sdu.vercel.app/,cleaned_train.csv label=1
https://app.smartsheet.com/b/home?mt=57&amp;de=HYhAKh2E9ewdWut49GUHNTSgZq7CVeQPV5cJAZZQGm4&amp;lang=en_GB,cleaned_train.csv label=1
http://osbconseil.com/cs/,cleaned_train.csv label=1
http://sharepntonline.oa.r.appspot.com/linkedrecruiter.html,cleaned_train.csv label=1
https://reurl.cc/gvjOLp?co=muj3e,cleaned_train.csv label=1
http://www.thepaperdesign.com/of,cleaned_train.csv label=1
https://storage.cloud.google.com/rqraaqqax3xa.appspot.com/index.htm#memberservices@legalshield.com,cleaned_train.csv label=1
http://www.sportsmentaltoughnesscoach.com.au/wp-includes/js/jquery/rcube19/93985a3de119ea5f2afbaeb3195aeb61/roundcube.php,cleaned_train.csv label=1
http://apple-id.siginin.no-idi9983.oasisministries.org.au/,cleaned_train.csv label=1
http://joshtobye.com/3.mtb.com/www3.mtb.com/emsslv908.php?NeowVkKrYPQPxKIiztaNKAstovcwzIaTEp6yqPBwTMAxpmxYiY92WcFSP0u7tr6APBTtl24kcTDnngsvjqvmIMVi4LrYohi1fTocodXw7w7WUctodcIPYGW8BvECJGEB86Cwzrv6z48flBi7PNErz7YybiLWwUfBDzM2Zg109D250ovyz7B3SR4olDtgmzlI1ZX6tULj,cleaned_train.csv label=1
http://ecotaskforce.com/Master/fronts/66.998.09.754,cleaned_train.csv label=1
http://creditiperhabbogratissicuro100.blogspot.com/2011/02/habbo-crediti-gratis-sicuro-100.html,cleaned_train.csv label=1
https://dev.seatassignmate.net/latam/payment_onsite.php?data=OSJDiYvam7d2RdxBW6THtDnUSa386QBYQsC-YwclMVm8LSB47xP0KqlfoUSy7HwxZXHYfOJIuLss7Ja6pBQp40Ai7J-G2z1PnlajIVIwGEuiNWWlN5cowtkXv2KUfEkICym6Fp7HA3PAiakjTnRbWiH8iIBtQEAeuaIKxTFGos6sXUH9Vp7vBecr61ZCHGzTuSRm/NNXT-B7rQzYbZVhjkgLu-l6VKXfrHSg3QYh4x-rTQRALU9sjsVXoA2dYQf1paXOI6tv-KfZUVeHjC8wt7BrEPTefftPqzD7PLqWNtWrSt95pcgZ8DpQxbB0TwufbVxGM3ATv9O-6zpA2rst9H1JK5o327bNpZxiFRK0aozBO5JRcgmXDtReSEMC4cFuYS53Uv6KjhYVRZr6JxocUJfM9qJELpnjzTmqy9aqkjZAJJN-y0UzXTF7l/t8-B6tfq-/CQZGNe7giGvkz65oPJAF42tgLRm/NTT6nYO6wBNxBke84ydu75V6X1E6jwb3BLPk-VflwZ1q/qFaKJWXU0Aj8J9qDR/FHhKFhi/3q3MTnsjVLnJEweDaVKbhXT55UazUwZpX01H3QoUu2KS-9-sc4xFkY-CS16pqCpcbo3MchIxgJaMDZoK3zoUkhPYmH/PZ0L3oCENsib7eWrXpqMIDHnYBlhNEAkbLofw/EUnmu1m/kR-IANwkHTnG8vjE3RAtptQAjxOs61bU0S6ZTnUvTYBD4a86/Pmp20vo5xHFiHZGrABqv3uq-81pyj61C0Ru7UJ1fWdualOXOfWn-4RXptUKWAu6KHtCPMa3YSonYvn72ELNFUT1DVM7A7mA/NDikA/cZlx-nhMDS7BBXVSDczZN7ykk/3/nOsV67tS34E3WBYCITxTwB85L5-6CoJe/fylby-9/yL-RD75mBT3akWJQyT/udDJ9pZG6EJAR4tQs6OSLLnzyfMby5jhYlHYOweSf9SxYmVh-YnyRB/gWxb5ilpVFfc9-gED2EEOBe4Gh3TF-3ASEpXh5GoIs1g0dNP/T7j-QW8hXVp7iBT/nlckb1sYS5VLTOMW0yBB6aSEDA2lGj2fJcVFOcmyPxZW4hiFhiRwkz6/TymDECC9Lc1Apfk9/4ufNrcmTO436jvK3kWUd31ec48XexGg0j5-5l8xlS72A2fGl6eCWmlkGxPRgXsb6hcrPqYk3YdKLP3p-7vvR49lB0gxdhzSAhnf9VMqwt5FEJOrKBc7u3L4A5DtcQEeh77zA802AFctTanHfQDvU9TkhxCprviAqpv2IZiaXlh/aveleWsiHe04fre1dHxhBHpib-Q-WfeBizLr-WV3DYjeyFLgxyEGZ5HMOYW290E4waffLI0f/N7Nj6IYY4s9ucPJP51c-b/88snqv5OrD6bFPs/xjhqb365zaZKUS49ZHXesd3WwwX-Brhir58LAEJI49ZNQ170eNNdES9vsYRDa2L/DW8OiE/Ksvb4yDxcneI1Ny7XUvumJ0z1F6KamNaX6Fj4WdKBwOK5CG0t2wRRVfjuKiwSFeDKT7KYqCCXXAkm5okdoSZ2FLopAz6o9ZkSrqK5aFhZE=,cleaned_train.csv label=1
http://vwbank.inforia.net/,cleaned_train.csv label=1
http://hmipsc.com.sg/wp-includes/customize/themas/dropbox/dropbox/dropbox/index.php,cleaned_train.csv label=1
http://garajd.com/blog/profile/2.html,cleaned_train.csv label=1
http://https.www.paypal.com.ttlart2012ttcysu.aylandirow.tmf.org.ru/auth/authflow/password-recovery,cleaned_train.csv label=1
http://fbproject4df3409fkl342ef043.el.r.appspot.com/,cleaned_train.csv label=1
https://tyy756dfxas.appspot.com/,cleaned_train.csv label=1
https://suspended-profiles.blogspot.com/,cleaned_train.csv label=1
http://birrasalentoshop.it/help/Login/identity/signin/myaccount/signin/,cleaned_train.csv label=1
http://bbgeeks.com/.f/?WejaSaoPKN,cleaned_train.csv label=1
http://www.scuolascigressoney.net/update.html,cleaned_train.csv label=1
http://grottedisaledesenzano.com/verr.php,cleaned_train.csv label=1
http://skins4real.ru/,cleaned_train.csv label=1
https://api.whatsapp.com/send?phone=+56952362743,cleaned_train.csv label=1
"https://login.live.com.office.flagstarbancorp.myshn.net/gls.srf?urlID=MSNPrivacyStatement&mkt=EN-US&vv=1600&uaid=0bba6edf82de4d0488fd3d7255e54bf6',Ay:'',C9",cleaned_train.csv label=1
https://sites.google.com/site/ilyasdxih/,cleaned_train.csv label=1
http://ert.earthresourcetechnology.com/lenind.html,cleaned_train.csv label=1
http://paypal-support-help-inc.blogspot.com/,cleaned_train.csv label=1
http://bpl.kr/6ay?sidonela.co?aldk,cleaned_train.csv label=1
http://www.shokitini.com/fileupload/update.html,cleaned_train.csv label=1
https://support-appleld.com.secureupdate.duilawyeryork.com/ap/9743808c928cd26/?cmd=_update&dispatch=9743808c928cd2610&locale=_US,cleaned_train.csv label=1
http://u15838okb.ha002.t.justns.ru,cleaned_train.csv label=1
http://vps-9311ecfc.vps.ovh.net/,cleaned_train.csv label=1
http://kecmanijada.com/wp-includes/theme-compat/bbwyspmpge/action.php,cleaned_train.csv label=1
http://support-appleld.com.secureupdate.duilawyeryork.com/ap/16a9581d3dd80c2?cmd=_update&dispatch=16a9581d3dd80c201&locale=_us,cleaned_train.csv label=1
http://yahrzeitremembrance.org/wp-includes/pomo/play/home/,cleaned_train.csv label=1
https://sultanbettkayit.blogspot.com/,cleaned_train.csv label=1
http://www.maxlines.com/online/primary/member/action/Login.php,cleaned_train.csv label=1
http://comfortzone.com.my/https,cleaned_train.csv label=1
http://www.neutralsources.com/1/re.html,cleaned_train.csv label=1
http://rockysite.net/,cleaned_train.csv label=1
http://www.a10tech.com/img/,cleaned_train.csv label=1
http://adoring-yalow-fd2ea6.netlify.app/?realm=abFxEyw6jWVvSIZ4Miu1w8gA3Hv7JjqbolVUXVIjtKsJq3OB4zRvNU3D8YOshJzTsY6b9JfWpAH7mlzTdq4wxQDqNLELb4GAjYlqoIsIg5jicsFzfILPbEcHCQ1nPsHGXVJx0GvOx3C9PGgmHPGHiaeP9FXCbZkv7cBTyonc6Nc3EvK3aUjV41K6jefNWDBdpegK9B5antvSLy2qVOcUOhCSMDlg90pNQp0lnXHUeZI3f7EmCOBFSe1qoWZe6qvSeYJ3Cbrra8UsnfjB33YQOttueTC9dplcj5uXeNWw0Y2V&color=adam.miller@centaurihs.com,cleaned_train.csv label=1
https://andreacostafisio.com.br/wp-content/plugins/adob/login.php?cmd=login_submit&amp;amp,cleaned_train.csv label=1
http://www.wwwxjj9988.com/index.php,cleaned_train.csv label=1
https://rekapuolam.blogspot.com,cleaned_train.csv label=1
http://vkaktivations23.bos.ru,cleaned_train.csv label=1
https://support-appleld.com.secureupdate.duilawyeryork.com/ap/d9ba4cca67d93b7?cmd=_update&dispatch=d9ba4cca67d93b756&locale=_US,cleaned_train.csv label=1
http://hk.mikecrm.com/cbbYvxi,cleaned_train.csv label=1
http://smarteconomy.rs/pending/secure_updates,cleaned_train.csv label=1
https://www.mainehomeconnection.com/Css/,cleaned_train.csv label=1
http://jurnal.stai-aljawami.ac.id/.well-known/pki-validation/emoji/main/main/doc/hub/,cleaned_train.csv label=1
https://filetransfer.io/data-package/J1D4h9C3/gnegc,cleaned_train.csv label=1
https://f37xs.app.link/ozrMd3aJt4,cleaned_train.csv label=1
http://www.centurionallsuite.co.za/bod/History/Mxtoo/index.htm,cleaned_train.csv label=1
http://beyondstateofmind.com/wp-content/plugins/apikey/reds.html,cleaned_train.csv label=1
http://encryptdrive.booogle.net/,cleaned_train.csv label=1
http://join-groupmabar.25u.com/,cleaned_train.csv label=1
https://drive.google.com/file/d/1b_XJ8cdUxw5dB6KwTZqPoOm_vdah9Kfj/view?usp=sharing,cleaned_train.csv label=1
http://xoserv.com/Adobe-PDF/test,cleaned_train.csv label=1
http://www.shadetreetechnology.com/V4/validation/ba4b8bddd7958ecb8772c836c2969531,cleaned_train.csv label=1
http://dline.info/new/themes/sevn/home/amazon,cleaned_train.csv label=1
http://civil-campaign-279715.el.r.appspot.com/jim@thejimburkefamily.com,cleaned_train.csv label=1
http://elisashopping.gq/pay/error,cleaned_train.csv label=1
http://savteksol.com/,cleaned_train.csv label=1
https://www.saatsaat.com/UyeGiris.aspx,cleaned_train.csv label=1
http://meetme.run/3m8TS,cleaned_train.csv label=1
http://essentialnotes.in/Payment,cleaned_train.csv label=1
http://www.stolizaparketa.ru/wp-content/themes/twentyfifteen/css/read/chinavali/index.php?email=abuse@fit-online.com,cleaned_train.csv label=1
http://grup-wa18-ke-atas.000webhostapp.com/login.php,cleaned_train.csv label=1
http://modernrattan.com/blog/control/,cleaned_train.csv label=1
https://phx.blewpass.com/direct/aHR0cHM6Ly9tb2JpbGUuZmFjZWJvb2suY29tL2xvZ2luLnBocD9uZXh0PWh0dHBzJTNBJTJGJTJGbW9iaWxlLmZhY2Vib29rLmNvbSUyRm5vdGlmaWNhdGlvbnMucGhwJTNGcmVmX2NvbXBvbmVudCUzRG1iYXNpY19ob21lX2hlYWRlciUyNnJlZl9wYWdlJTNEJTI1MkZ3YXAlMjUyRmhvbWUucGhwJTI2cmVmaWQlM0Q3JnJlZnNyYz1odHRwcyUzQSUyRiUyRm1vYmlsZS5mYWNlYm9vay5jb20lMkZub3RpZmljYXRpb25zLnBocCZyZWZpZD03JnJlZl9jb21wb25lbnQ9bWJhc2ljX2hvbWVfaGVhZGVyJl9yZHI-,cleaned_train.csv label=1
http://www.pay-pal-deutschland.zxc301.com/029188,cleaned_train.csv label=1
https://secure75.securewebsession.com/segmobiles.com.br/base/pages/index.php,cleaned_train.csv label=1
https://elhagearms.com/jppp/toda/,cleaned_train.csv label=1
http://78.143.96.35/wordpress/gam/index.php?bidderblocklogin=&amp;hc=1&amp;hm=,cleaned_train.csv label=1
http://www.mktbtk.com/dir/Ibnshahin.htm,cleaned_train.csv label=1
http://rbelectricidad.cl/ihrfall120800696709264&amp;cgi3-viewkontakt-120800696709264-007acctpagetype-120800696709264=2435902-problema&amp;birgitroessler@web.de.html,cleaned_train.csv label=1
http://support-appleld.com.secureupdate.duilawyeryork.com/ap/a59720af1aca758/?cmd=_update&dispatch=a59720af1aca758ba&locale=_jp,cleaned_train.csv label=1
https://geni.us/document21211,cleaned_train.csv label=1
https://153284594738391.statictab.com/2506080,cleaned_train.csv label=1
https://wudustore.com/web/chase/chaseind.php?cmd=login_submit&id=2155c661def3f3078d0dd7352ffc15fb2155c661def3f3078d0dd7352ffc15fb&session=2155c661def3f3078d0dd7352ffc15fb2155c661def3f3078d0dd7352ffc15fb,cleaned_train.csv label=1
http://www.gradshower.com/wp-content/plugins/Update/bancor/ee57aa4f9275c41a3295c739f299a6b8,cleaned_train.csv label=1
http://www.jhanjartv.com/ok_site/team/E-mail.html,cleaned_train.csv label=1
http://dichvuvnpt.com/home/components/com_user/bbtonline.html,cleaned_train.csv label=1
https://happy-dealstoday.blogspot.com/,cleaned_train.csv label=1
https://cite-mopa.web.app,cleaned_train.csv label=1
http://www.zabor-vn.com/system/csvprice_pro/smart/customer_center/customer-IDPP00C354/myaccount/signin,cleaned_train.csv label=1
https://gerrard.doodlekit.com/home,cleaned_train.csv label=1
http://alertasbancolom2.webcindario.com/VALIDATEPASSWORDscisCjbTnfpNmVKQgeSUxnzRLmBdbq2BSLvH8jz8T1eNjJrxD2uact4fC1fGWN1VgTRClno-back-button.html,cleaned_train.csv label=1
https://sdek.msk.ru,cleaned_train.csv label=1
http://www.drucker.com.ar/inc/aaa.htm,cleaned_train.csv label=1
https://genexdbs.com/readme.htm,cleaned_train.csv label=1
https://evesyalari.tk/login.html,cleaned_train.csv label=1
http://www.alpha-mail-server2.ddns.info/american-medical,cleaned_train.csv label=1
http://mail.snackbar-dietwee.nl/~u43730p39181/pki-validation,cleaned_train.csv label=1
http://iksanthesharp.postown.net/kcfinder/upload/files/RecuperarPwd.aspx.html,cleaned_train.csv label=1
http://opteckm.my-free.website/,cleaned_train.csv label=1
http://aksoydanismanlik.com/microsoft/microsoft,cleaned_train.csv label=1
https://personalbravery.com/authflow/verification/,cleaned_train.csv label=1
http://www.strykertoyhaulers.com/wp-admin/js/online/order.php?email%5Cu003dabuse@euroflightinternational.com,cleaned_train.csv label=1
http://petrogulf.com.kw/wp-admin/sharefile/Adobe/Adobe/pdf-cloud-sharing,cleaned_train.csv label=1
http://thatsmint.work/newsletter-FnVbKqu/irs,cleaned_train.csv label=1
http://www.iqfilms.com/Auth/aef509d8d935040ed59ddfb62d980b5eZDEyY2ViMTI5ZWU4YzY4ZTgzMzdmODMzMWY5NWEzNWU=/resolution/websc_login/?country.x=US&locale.x=en_US,cleaned_train.csv label=1
http://beta.kenaidanceta.com/postamok/9be92/source,cleaned_train.csv label=1
https://www.lovetheedit.com/postnewo/www.dropbox.com/1223/d29759e928f2454418734c9fa877646d,cleaned_train.csv label=1
https://www.accounts-login-idm-telekomidm.cloud/,cleaned_train.csv label=1
http://asdsdwr.ukit.me/,cleaned_train.csv label=1
http://www.paypal.imited-login.com/,cleaned_train.csv label=1
http://posmanager.ecobank.group/,cleaned_train.csv label=1
http://www.comercialmattos.com.br/login.html,cleaned_train.csv label=1
https://nozed-uname.firebaseapp.com/,cleaned_train.csv label=1
https://drive.google.com/file/d/1IGf88eawenXPw2wRjHq0Sz1fO_NdzHPp/view?usp=docs_web,cleaned_train.csv label=1
http://fargo-279021.df.r.appspot.com/app/index/index.html?connect.secure.wellsfargo.com/auth/login/present?origin=cob&amp;amp;error=yes,cleaned_train.csv label=1
http://hopeful-wescoff-551e53.netlify.app/,cleaned_train.csv label=1
https://www43.presentes-promocoes-premier.com/prod3ba6ee9f18d76786d6e5414b2cf36cfelnk/smart-tv-4k-led-55-samsung-un55ru7100gxzd-wi-fi-bluetooth-3-hdmi-2-usb/p/1934272/et/tv4k?fbclid=IwAR1KZzbrmAKWc-9bhpQQ0X6aUJh5UTtq4g6_gQEsjUXTryCgAsd1w4bCaEc,cleaned_train.csv label=1
http://202.77.121.186/kliping/,cleaned_train.csv label=1
https://senhasuspensaeviteoblowqueiodefinitivo.com/home.php,cleaned_train.csv label=1
http://superbahisim1.blogspot.com,cleaned_train.csv label=1
http://www.sos03.com/sites/default/files/wp-includes/images/Chase-Online.html,cleaned_train.csv label=1
http://188elexusbet.blogspot.com,cleaned_train.csv label=1
https://py.pl/WE8nQ,cleaned_train.csv label=1
http://gsk-mozirje.si/wp-content/plugins/wpsecone/icscards.nl/,cleaned_train.csv label=1
https://sunnymere-my.sharepoint.com/:b:/p/ruth/EbfpOaw1K3lHtro3ZnD7MBsB4j5SXD9rcEJbqvVZ46OKCw?e=41dn8V,cleaned_train.csv label=1
https://alaouiiii.blogspot.com/2019/01/azzadaca.html,cleaned_train.csv label=1
http://storage.googleapis.com/newnewme/dre.htm,cleaned_train.csv label=1
http://4able.com.br/wp-admin/user/onedrive/login.php?cmd=login_submit&amp;id=b77fcce3546d84dad74c608a98a27554b77fcce3546d84dad74c608a98a27554&amp;session=b77fcce3546d84dad74c608a98a27554b77fcce3546d84dad74c608a98a27554,cleaned_train.csv label=1
http://165.22.103.235/importantnoticeclient=0952/directing/www.cibc.mobi/ebm-mobile-anp/,cleaned_train.csv label=1
http://sebocultural.com.br/wordpress/wp-content/themes/twentysixteen/js,cleaned_train.csv label=1
https://subdabelins1972.blogspot.be,cleaned_train.csv label=1
https://thedrinkawaretrust-my.sharepoint.com/:b:/g/personal/amoseley_drinkaware_co_uk/EbjcVJLg3fdGqp4bJS3tVCoB1DT0PqulmB-JIb9HUAO8MQ?e=moalEx,cleaned_train.csv label=1
https://dbs.rewardgateway.co.uk,cleaned_train.csv label=1
http://starmak.com.tr/950CAAEA0281AA2BEBED8F9ECCA4BD30/?sec=redacted%20detcader,cleaned_train.csv label=1
http://accrent.webflow.io/,cleaned_train.csv label=1
http://courgeon-immobilier.fr/wp-content/uploads/2019/0/tpg/84d01552f96aa358c320126d450ba3b6,cleaned_train.csv label=1
http://christmascartoons.org/wordpress/wp-content/themes/classic/sis/fo/,cleaned_train.csv label=1
https://cfe-recibos.com.mx/,cleaned_train.csv label=1
http://groupwhattsap.jkub.com/,cleaned_train.csv label=1
https://bit.ly/3fXFMmh,cleaned_train.csv label=1
http://voenspec.su/site/latest%20revalidate/Update.php,cleaned_train.csv label=1
http://sorayakavir.com/update-your-account-information/ed9d3d832af899035363a69fd53cd3be8f71501c/signin,cleaned_train.csv label=1
http://steamcommuunnity.ru.com/,cleaned_train.csv label=1
http://www.microsoft-secure-online.oa.r.appspot.com/,cleaned_train.csv label=1
https://test.bayoucitybadges.org/indexx.html,cleaned_train.csv label=1
https://hopeful-wescoff-551e53.netlify.app/,cleaned_train.csv label=1
http://vk.com/away.php?to=http%3A%2F%2Fjimmygilandtheducks.com%2Fwp-admin%2Foption-pictures.php&amp;post=521188519_55&amp;cc_key=,cleaned_train.csv label=1
http://num.to/6042-2248-5542,cleaned_train.csv label=1
https://docs.google.com/forms/d/e/1FAIpQLSfttS12wZ9DLNWcmDvgE38oWrINS8y7cxnYT_fTNdAcEf03GA/viewform?usp=send_form,cleaned_train.csv label=1
http://verifikasi-facebook.ocry.com/,cleaned_train.csv label=1
http://pump-one.com/wp-admin/user/out/office,cleaned_train.csv label=1
http://login-live.com-s02.info/pt,cleaned_train.csv label=1
https://cutt.ly/EECOVID19,cleaned_train.csv label=1
https://support-appleld.com.secureupdate.duilawyeryork.com/ap/24d235a2ef5fa17/,cleaned_train.csv label=1
http://setaccess.webflow.io/,cleaned_train.csv label=1
https://mywebarticle.com/$%25/,cleaned_train.csv label=1
https://accounts.google.com/ServiceLogin?service=cds&passive=1209600&continue=https://storage.cloud.google.com/user517497679326978.appspot.com/index.html&followup=https://storage.cloud.google.com/user517497679326978.appspot.com/index.html,cleaned_train.csv label=1
http://623112j4j3.codesandbox.io/bigshuju,cleaned_train.csv label=1
http://www.switzerlandrental.top/Login_step_2.html,cleaned_train.csv label=1
http://courgeon-immobilier.fr/wp-content/uploads/2019/02/tpg,cleaned_train.csv label=1
http://collaboration.com.ua/wordpress/wp-content/plugins/xteaumr/amen/en.php,cleaned_train.csv label=1
http://www.contacthawk.com/templates/beez5/blog/78a2dd26a528700a916fc2ca005b1310/,cleaned_train.csv label=1
https://domwin-pjf2hfmn.github.io/,cleaned_train.csv label=1
http://sucursalpersonastransaccionesbancolombiacom.small-business-solutions.biz/,cleaned_train.csv label=1
https://docs.google.com/forms/d/e/1FAIpQLSdQFS5yPwuvYLdBoQpr49STzQ0HaLxatgr-ggGxYFzsNY8g1A/viewform?usp=send_form,cleaned_train.csv label=1
http://www.scimarec.net/wp-content/plugins/wpsecone/new/,cleaned_train.csv label=1
https://docs.google.com/forms/d/e/1FAIpQLScoFPnLUf9ECBILm_EvsGOunVi2rvGFDgZxXCCe9iYmqsU-Kw/viewform?usp=sf_link,cleaned_train.csv label=1
http://www.thepaperdesign.com/of/,cleaned_train.csv label=1
https://www.onmypost.com/press/xx,cleaned_train.csv label=1
https://support-appleld.com.secureupdate.duilawyeryork.com/ap/b6e09c01b3658c1/?cmd=_update&dispatch=b6e09c01b3658c15f&locale=_US,cleaned_train.csv label=1
https://www.nineled.com/tesonline1/auth/login.php,cleaned_train.csv label=1
http://lp2m.umsu.ac.id/wp-includes/IXR/redirect.html,cleaned_train.csv label=1
http://betebet122.blogspot.com,cleaned_train.csv label=1
https://vk.com/away.php?to=http%3A%2F%2Ffocalspare.com%2Fheader-im.php&amp;post=521188519_56&amp;cc_key=,cleaned_train.csv label=1
http://www.spamdiary.com/2010/04/td-bank-online-banking-account-is-about-to-expire-omfg/feed/,cleaned_train.csv label=1
https://test.bayoucitybadges.org/,cleaned_train.csv label=1
http://steel-apparatus-278809.el.r.appspot.com/,cleaned_train.csv label=1
http://www.shadetreetechnology.com/V4/validation/dd5bdf3ff9df40f179b596a6dbf2e186,cleaned_train.csv label=1
https://dzd.rksmb.org/conf07/--/https:/www2.netflix.com/index.php?q=jq1ralj6jq1r-s68a-jq1rs68as68a-bmufs68a&amp;s=jq1ralj6jq1r-s68a-jq1rs68as68a-bmufs68a&amp;n=jq1ralj6jq1r-s68a-jq1rs68as68a-bmufs68a,cleaned_train.csv label=1
http://spiritofmambo.fr/szezln.html,cleaned_train.csv label=1
http://iniciasecion4.webcindario.com/app/facebook.com/?lang=de&key=MCLIFnLXeXU,cleaned_train.csv label=1
http://boconceptla.com/fotosmuebles/co/SALE2018/LA%20574/Alibaba.com/Login.htm,cleaned_train.csv label=1
http://www.reddotarms.com/min/share,cleaned_train.csv label=1
https://1drv.ms/b/s!AnSp6MIjwcqubF6w6W7f9Eeekmk?e=E46MPA,cleaned_train.csv label=1
http://icloud.com.find.support-lphone.co/,cleaned_train.csv label=1
https://support-appleld.com.secureupdate.duilawyeryork.com/ap/efb3a7c3f247eba?cmd=_update&dispatch=efb3a7c3f247eba03&locale=_,cleaned_train.csv label=1
https://outofprint.cc/download/2018-payroll-calendar-paylocity.pdf,cleaned_train.csv label=1
https://support-appleld.com.secureupdate.duilawyeryork.com/ap/e0a8f8c89259c0d?cmd=_update&dispatch=e0a8f8c89259c0d9b&locale=_US,cleaned_train.csv label=1
https://threenetworksystems.com/,cleaned_train.csv label=1
http://autodiscover.sandrsecurity.com/,cleaned_train.csv label=1
https://acsbap.com/apps/ace/?render=true&website=chase.com,cleaned_train.csv label=1
http://quicklloret.com/wp-admin/includes/Update,cleaned_train.csv label=1
http://takingnote.learningmatters.tv/wp-content/,cleaned_train.csv label=1
http://controllers360.000webhostapp.com/,cleaned_train.csv label=1
https://comunicazioniarubait.tumblr.com/ARU?qs=ffkhfhf76563jhh654jhgf6437ce50ad4794615ba790ebc2c7b1cae44aa02a586551b135ac888eac0bcef5103,cleaned_train.csv label=1
http://www.laviosaviaggi.com/ver/webapps/80a1d/websrc,cleaned_train.csv label=1
http://sp588226.sitebeat.site/,cleaned_train.csv label=1
http://www.stolizaparketa.ru/wp-content/themes/twentyfifteen/css/read/chinavali/index.php?email=jsmith@imaphost.com,cleaned_train.csv label=1
http://www.venturaluca.com/auth/view/share/,cleaned_train.csv label=1
http://new.29studios.com/wp-content/plugins/duplicator/lib/nuevo/servicios.aumento.bancochile.cl/kp0vn4k4lx/uv8sb_persona/login_xf9g/index/loginnkye,cleaned_train.csv label=1
https://mail.ccbcmd.edu/owa/redir.aspx?C=YMl5yDFVGMlqIWqHcvuWr9lrt7FIbgjnAJIActuvBrDdJA1ZT6bVCA..&amp;URL=http%3a%2f%2fwebmailaccount.company.com%2f,cleaned_train.csv label=1
https://saranewmaroc.com/sur/user/webapps,cleaned_train.csv label=1
https://www.appearanches.com/cube/u.php,cleaned_train.csv label=1
http://joingrupbokepwasygeh.000webhostapp.com/login.php,cleaned_train.csv label=1
http://storiesface.000webhostapp.com/,cleaned_train.csv label=1
http://restbetgirisadresimiz.blogspot.com,cleaned_train.csv label=1
http://twowheelcool.com/twitter.com/logine034.html,cleaned_train.csv label=1
http://keep.simply-winspace.it/test/test/,cleaned_train.csv label=1
http://whydoesntgodhealamputees.com/faq/Webmail/,cleaned_train.csv label=1
http://valallos.labellemontagne.com/wp-content/daily_activity/2015-06-10_activite.html,cleaned_train.csv label=1
http://only-crew-xx.webcindario.com/index2.html,cleaned_train.csv label=1
http://group-18-sans.wikaba.com/login.php,cleaned_train.csv label=1
http://lliooils.ru.com/.wp-en/,cleaned_train.csv label=1
http://sloaneandhyde.com/drs/new2015/document.php/index.css,cleaned_train.csv label=1
https://support-appleld.com.secureupdate.duilawyeryork.com/ap/7d2610d2c83c4b1/?cmd=_update&dispatch=7d2610d2c83c4b114&locale=_US,cleaned_train.csv label=1
https://glueturn.nn.r.appspot.com/off365.html?payment%20codeAAQkADUyYzNhODUwLTAwNzYtNGE2YS04YWQ1LWI2Yjg5MWY5NzM2ZAAQADKpx%20lv1KxDr2OE5uAPrZw=,cleaned_train.csv label=1
https://www.gelmec.co.uk/webmail.cornell.edu.html,cleaned_train.csv label=1
http://rebrand.ly/App_novo_cadastro,cleaned_train.csv label=1
http://provk.aiq.ru/,cleaned_train.csv label=1
http://www.shadetreetechnology.com/V4/validation/ba5d8a19b553b0cefbf3c61f97bcd1da,cleaned_train.csv label=1
http://onlinegrup77.000webhostapp.com/,cleaned_train.csv label=1
https://fawltorconsroc1976.blogspot.com/,cleaned_train.csv label=1
http://three-gb.com,cleaned_train.csv label=1
http://www.fireplacesurrounds.co.za/info/auth/view/share/,cleaned_train.csv label=1
http://207.241.227.38/31/items/output_69Ws1S_hggfYSH/kmex.html,cleaned_train.csv label=1
http://mlcrosoft-0nedrive-portal.el.r.appspot.com/jim@thejimburkefamily.com,cleaned_train.csv label=1
http://2c3262d59d2716553.tempsite.link/Z0FE3F3AZS2AZ3/64542E98RD5A6DSAZF5R8RZ/6DE3ZF6RZGZED5/TRY+FZFPFEZMD/TRACKINGNUMBER/,cleaned_train.csv label=1
http://diendicure.mk/css/cln90128hs/,cleaned_train.csv label=1
https://www.cwnfilmfest.com/linkedin.com/linkedin/LinkedIn.html?AQQkADAwATMwMAItMmZiN,cleaned_train.csv label=1
http://godrejs-southestate-okhla.com/css/,cleaned_train.csv label=1
https://storage.googleapis.com/usmanidreamys.appspot.com/products.html,cleaned_train.csv label=1
http://support-appleld.com.secureupdate.duilawyeryork.com/ap/b83a0a7bbf53750?cmd=_update&amp;dispatch=b83a0a7bbf5375015&amp;locale=_US,cleaned_train.csv label=1
http://rextraening.dk/wp-content/plugins/salem/enter/DHLa,cleaned_train.csv label=1
https://www.452933.com/?cckey=a447d4de,cleaned_train.csv label=1
http://antena-uk.kz/components/com_media/internetbanking.suncorpbank.htm,cleaned_train.csv label=1
http://www.dalla.eu/,cleaned_train.csv label=1
http://www.flavena.co.rs/mc.html,cleaned_train.csv label=1
http://inaceinox.pt/admin/calendar/security/Update/myaccount/signin/,cleaned_train.csv label=1
http://https.paypal.com.ttlart2012ttcysu.aylandirow.tmf.org.ru/,cleaned_train.csv label=1
https://globallcom.df.r.appspot.com/home.html,cleaned_train.csv label=1
http://www.gloomky.com/wp-includes/customize/a3/,cleaned_train.csv label=1
https://bankmaluku.co.id/chase/chase/home,cleaned_train.csv label=1
http://www.support-appleld.com.secureupdate.duilawyeryork.com/ap/de039a0b81784a8/?cmd=_update&dispatch=de039a0b81784a884&locale=_,cleaned_train.csv label=1
http://www.inbioma.pe/rechnung-376440790464490488&amp;cgi3-viewkontakt-376440790464490488-007acctpagetype-376440790464490488=4674720-&amp;info@s-und-s-shop.de.html,cleaned_train.csv label=1
http://espace-client.fr/raccourci.php,cleaned_train.csv label=1
https://s.free.fr/92rsZcB4,cleaned_train.csv label=1
https://zabor-vn.com/system/csvprice_pro/smart/customer_center/customer-IDPP00C354/myaccount/signin/,cleaned_train.csv label=1
https://www.google.com/url?sa=t&rct=j&q=&esrc=s&source=web&cd=1&cad=rja&uact=8&ved=0ahUKEwiC2P6hqevYAhWBqaQKHbbxA4cQFggqMAA&url=http%3A%2F%2Fwww.skatteetaten.no%2Fen%2Fperson%2F&usg=AOvVaw27Bb-ElBmjNVWBcdUaMcxg,cleaned_train.csv label=1
https://eddimonster.com/wordp/theteam/planis/setStorage/app/,cleaned_train.csv label=1
http://terrehautedivorcelawyer.com/EPAY/NOTEPURE/NOTEPURE/uh/No_cap/FBG,cleaned_train.csv label=1
http://mail.bbglowfrance.fr/~u43730p39181/pki-validation,cleaned_train.csv label=1
https://littlehaygolf.co.uk/azmedien/,cleaned_train.csv label=1
http://mintandchopsticks.com/wp-includes/images/media/your/apple/id,cleaned_train.csv label=1
http://staffandfaculty.my-free.website/,cleaned_train.csv label=1
http://support-appleld.com.secureupdate.duilawyeryork.com/ap/5e8eb3d2d4a1548?cmd=_update&dispatch=5e8eb3d2d4a154843&locale=_ru,cleaned_train.csv label=1
http://adexten.com/?type=social&amp;pub_id=3283&amp;sub_id=1498560000mb13539492009&amp;srcid=2108,cleaned_train.csv label=1
http://www.mojinterier.sk/modules/mod_banners/tmpl/wellsfargo/verify.php,cleaned_train.csv label=1
https://docs.google.com/forms/d/e/1FAIpQLScB-ck43iaBrukq-rTijaHHVLreYAi4PP8d1yu4ph1mOazQIQ/viewform,cleaned_train.csv label=1
http://secureupdate.appleld.com.duilawyeryork.com/ap/8764babfedf6433,cleaned_train.csv label=1
http://www.printlight.co.zw/media/2019Outlook/login/VdPCnDwL/9c2739f2f552b3f8d1ac0da4c2d45ce5/,cleaned_train.csv label=1
http://www.support-appleld.com.secureupdate.duilawyeryork.com/ap/4e075052aef945e/?cmd=_update&dispatch=4e075052aef945ef1&locale=_US,cleaned_train.csv label=1
http://www.sagam.sn/images/mailerhome.php,cleaned_train.csv label=1
https://magazine-liquidacoes-2020.com/iphone-xr-apple-256gb-preto-4g-tela-61-retina-camera-12mp-selfie-7mp-ios-12-proc-chip-a12/ipxr/DPDU7WFX.html,cleaned_train.csv label=1
https://www.m8service.ru/include/spaw2/uploads/files/NNMRN.phtml,cleaned_train.csv label=1
http://www.myappwiz.com/home/redirect?targetUrl=http://5.83.162.160/staff,cleaned_train.csv label=1
http://20200728121023.res4po1ns5ive.rj.r.appspot.com/sw/index.html,cleaned_train.csv label=1
https://orderpps.xyz/,cleaned_train.csv label=1
https://www74.presentes-promocoes-premier.com/prod5d7c5f1e3e0b6d5c669ea87afe683925lnk/smart-tv-4k-led-55-samsung-un55ru7100gxzd-wi-fi-bluetooth-3-hdmi-2-usb/p/1934272/et/tv4k,cleaned_train.csv label=1
https://5x.to/3Ax,cleaned_train.csv label=1
http://bancoestado700.blogspot.com/,cleaned_train.csv label=1
https://paypal-support-help-inc.blogspot.be/,cleaned_train.csv label=1
http://www.dmega.co.kr/dmega/data/qna/sec/page.php?email=ZmFpdGhAc2VtYW50aWMuaW5mbw==,cleaned_train.csv label=1
https://623112j4j3.codesandbox.io/xrr,cleaned_train.csv label=1
http://masterhealthcaregroup.com/wp-content/uploads/Office369/cfb7a0824144625b1067e3859bb85ffc/Login.php?websrc=59c275dc2e97dd3b896ed4ff2b82a8fd&dispatched=29&id=878485762,cleaned_train.csv label=1
http://www.bolong3d.com/cs/,cleaned_train.csv label=1
http://www.courgeon-immobilier.fr/wp-content/uploads/2019/07/tpg/d3f5392e9b4263836366a76691855420/Verification.php,cleaned_train.csv label=1
http://theyellowsparrow.com/epioncerevinvoice,cleaned_train.csv label=1
http://dwurl.hu/LVcqQt,cleaned_train.csv label=1
http://alutoys.dk/login,cleaned_train.csv label=1
https://olampicoer.blogspot.com/2018/11/vrret.html,cleaned_train.csv label=1
http://www.theclimatemakers.com/downloader/Maged/Account_update.htm,cleaned_train.csv label=1
http://beta.kenaidanceta.com/postamok/d39a2/source/,cleaned_train.csv label=1
https://xiu7puzb-bwvyqzx21.vercel.app/,cleaned_train.csv label=1
https://support-appleld.com.secureupdate.duilawyeryork.com/ap/2c9603338c9177b?cmd=_update&dispatch=2c9603338c9177b28&locale=_US,cleaned_train.csv label=1
http://to-stromatadiko.gr/cache/,cleaned_train.csv label=1
http://www.ww.littletums.co.uk/includes/myemailbnz,cleaned_train.csv label=1
http://vtchekhov.com/sa/?sec=AnnaLisa,cleaned_train.csv label=1
http://www.gsk-mozirje.si/wp-content/plugins/wpsecone/file/,cleaned_train.csv label=1
https://mbmaquila.com.py/home/,cleaned_train.csv label=1
http://201.163.98.162/crm/jssource/src_files/modules/Project/home/de102cc29dbc05509b7f97227/r1.php,cleaned_train.csv label=1
http://www.reyesgym.com/nD/,cleaned_train.csv label=1
http://detes.sk/1122//?sec=Yvonne%20Goebel,cleaned_train.csv label=1
http://aapj.clientespecial.club,cleaned_train.csv label=1
https://www.consultax.cl/thecrowngroup/tcwoodinc/u.php,cleaned_train.csv label=1
http://78.143.96.35/wordpress/gam/index.php?bidderblocklogin=&amp;hc=1&amp;hm=uk`1d72f%20j2b2vi&lt;265&amp;hm=uk`1d72f%20j2b2vi&lt;265bidderblocklogin,cleaned_train.csv label=1
http://mnp-postscriptum.com/images/LoginVerification.html,cleaned_train.csv label=1
http://justlookapp.com/blog/wp-content/themes/storefront/assets/fonts/08e15334953fdade8356f27b07e32380/info.php,cleaned_train.csv label=1
http://shadetreetechnology.com/V4/validation/31ab25d37ac671c37887f6b2369f68ce,cleaned_train.csv label=1
https://grim-4875933.app.link/,cleaned_train.csv label=1
https://noreply-netelle.blogspot.com/,cleaned_train.csv label=1
https://kmaberlin.net/harvestrun/mazon/48553/,cleaned_train.csv label=1
http://spaday-men.ru/wp-content/backups/logon.php,cleaned_train.csv label=1
http://www.paypal-verification.applmanager.com/customer_center/user-154773/,cleaned_train.csv label=1
https://byygw.csb.app/,cleaned_train.csv label=1
https://go.pardot.com/e/16322/orbograph/3pz34s/3336341553?h=AGuf_s2RXcvrlyEZkjS6o2rKQcFjfY8dXLooJL10LNU,cleaned_train.csv label=1
http://user7770001255.el.r.appspot.com/wp-content,cleaned_train.csv label=1
https://sites.google.com/site/clamingidentify008754504/,cleaned_train.csv label=1
http://www.redesuc.com.br/user/Signin.php,cleaned_train.csv label=1
http://betasuscom.blogspot.com,cleaned_train.csv label=1
http://www.mereliverystables.com/user1/alibaba/alibaba.com/login.php?cmd=login_submit&amp;id=c5e026bd80f2572150f9f87f32b63fc3c5e026bd80f2572150f9f87f32b63fc3&amp;session=c5e026bd80f2572150f9f87f32b63fc3c5e026bd80f2572150f9f87f32b63fc3,cleaned_train.csv label=1
http://reklama.allegro.secfence.lesavik.net,cleaned_train.csv label=1
http://www.kreport.com/1drivestmp/,cleaned_train.csv label=1
https://ficcca.org/verifica-tion/wu/,cleaned_train.csv label=1
http://verification.slashoffers.de/,cleaned_train.csv label=1
http://mailonlineverificationlogindomainattaccounts.weebly.com/,cleaned_train.csv label=1
http://shadetreetechnology.com/V4/validation/6b56e6074ebf89d211ecad3a02365b4e,cleaned_train.csv label=1
http://chasebank.com66.henrybakercollege.edu.in/chase.com,cleaned_train.csv label=1
http://hetershaven.net/css/03496773043/09572370984380/001/3B762723737B2z.html,cleaned_train.csv label=1
http://www.qianling51.com/zuqiu/pdf/pdf/,cleaned_train.csv label=1
https://301.es/?http://particulierca-appcasecupassparticulier.u799284f63.ha004.t.justns.ru,cleaned_train.csv label=1
http://174.139.46.28/ap/signin?key=a@b.c,cleaned_train.csv label=1
http://duplicative-wear.000webhostapp.com/hgjhgf/xcvbnm/tmpI/home/myaccount/zvhmgu=/error.php,cleaned_train.csv label=1
https://secureupdate.appleld.com.duilawyeryork.com/ap/6afa0c49aecd66c,cleaned_train.csv label=1
http://secure.informations.ninjamarketingman.com/view/login?cmd=_signin&dispatch=9309bc66c8512ec0ca3b82ab7&locale=en_,cleaned_train.csv label=1
http://joshtobye.com/3.mtb.com/www3.mtb.com?signin=@userid&session_id=skjdfsd87ffsdf87sdfsdhfdf78sdfgysidf87sdf3d4b1030caea831b0e06bd749,cleaned_train.csv label=1
http://signipartialregs.ebay.de.voilaparisinterior.com/ebay.deNou/,cleaned_train.csv label=1
http://gpssicredi.hospedagemdesites.ws,cleaned_train.csv label=1
https://firebasestorage.googleapis.com/v0/b/ionos33.appspot.com/o/index.html?alt=media&token=7c8d7a04-9fbb-4796-bed2-e25a9cd6460f#walter@evezard.fr,cleaned_train.csv label=1
http://sges.jigsy.com/,cleaned_train.csv label=1
http://xn--wellness-rhn-fjb.de/wp-content/logo/Whatsapp/,cleaned_train.csv label=1
https://779zt.csb.app/,cleaned_train.csv label=1
https://support-appleld.com.secureupdate.duilawyeryork.com/ap/4616669a72a0e95/?cmd=_update&dispatch=4616669a72a0e9551&locale=_US,cleaned_train.csv label=1
http://dev.espirittechnologies.com/newmsg/handsoff/antor.php,cleaned_train.csv label=1
http://xh167894743.el.r.appspot.com/wp-content/xp.php,cleaned_train.csv label=1
http://night-kingdom.mysteria.cz/786?sec=PatriciaSteiner,cleaned_train.csv label=1
http://y80yyxccn.df.r.appspot.com/wp-content/uploads.php,cleaned_train.csv label=1
http://umpalangkaraya.ac.id/perpustakaan/digilib/files/tmp/posting/information-compte.php,cleaned_train.csv label=1
http://fiaya.webout.life/,cleaned_train.csv label=1
https://support10000.mixh.jp/login/account/app/captcha,cleaned_train.csv label=1
http://magento.cekwa.com/downloader/,cleaned_train.csv label=1
http://kokoalets.dx.am/linkedin.html,cleaned_train.csv label=1
http://exaltist.com/wordpress/wp-includes/js/tinymce/utils/page/index.html,cleaned_train.csv label=1
http://afriquelemou.free.fr/templates/rhuk_milkyway/sdnconconsadf.html,cleaned_train.csv label=1
http://www.pracujauzivej.cz/Portalserver/signin/,cleaned_train.csv label=1
http://wvvw.telecreditobcpn.com,cleaned_train.csv label=1
http://bgdirectory.net/js/8751ffbe7acc20f7bbf3998c92f727eb/,cleaned_train.csv label=1
http://xmley.codesandbox.io/index3.html,cleaned_train.csv label=1
https://usaalogin.tumblr.com/,cleaned_train.csv label=1
http://www.newlifebiblechurch.org/plugins/DoCuSigN/,cleaned_train.csv label=1
http://hmrc.tax2rebate.com/verify,cleaned_train.csv label=1
http://51jianli.cn/images/,cleaned_train.csv label=1
https://de.gethuman.com/customer-service/Netflix,cleaned_train.csv label=1
http://www.decaturilbgc.com/ckeditor/themes/default/plwestern.ph.com/citingwast/welcome/welcome/step3.php,cleaned_train.csv label=1
http://www.mazzoli.com/stand/otp.php,cleaned_train.csv label=1
http://whatsappjoins.4dq.com/login.php,cleaned_train.csv label=1
https://support-appleld.com.secureupdate.duilawyeryork.com/ap/e0a8f8c89259c0d/?cmd=_update&dispatch=e0a8f8c89259c0d9b&locale=_US,cleaned_train.csv label=1
https://fbrq2.codesandbox.io/,cleaned_train.csv label=1
https://oldstyle.ro/a,cleaned_train.csv label=1
https://sapient-flare-279107.df.r.appspot.com/wp-content/uploads.php,cleaned_train.csv label=1
http://usbank-link-mupyndtfft---com.illmickelsonbeats.com/getStep.php?id=848d02d0d2c30e6b99b106593506d8fd,cleaned_train.csv label=1
http://domaine-anthesia.com/cs/,cleaned_train.csv label=1
http://rastreomoderno.com/wp-content/plugins/akismet/br/,cleaned_train.csv label=1
http://ffrayo.tk/mail4.php,cleaned_train.csv label=1
https://623112j4j3.codesandbox.io/bigshuju/,cleaned_train.csv label=1
https://alternanetworks-my.sharepoint.com/:o:/g/personal/thomas_salemkour_open-xerox_com/Eq5ps-07OVVNl5eo4rrThYMB7a9EUvzsS3URNTui3dvyyQ?e=kqNSTW,cleaned_train.csv label=1
http://secureupdate.appleld.com.duilawyeryork.com/ap/1973e71335b4025,cleaned_train.csv label=1
https://www.authpro.com/auth/ubabankng/?action=reg,cleaned_train.csv label=1
http://facebook.com-marketplace-93839.mediaryte.co/,cleaned_train.csv label=1
https://informationchase2.app.link/5oMgCmb7b5,cleaned_train.csv label=1
http://www.dacompsc.com/modules/mod_custom/Acesso-Seguro-painel/Acesso-Seguro/identificacao-jsf/,cleaned_train.csv label=1
http://bit.ly/38p7HqJ,cleaned_train.csv label=1
http://fermedusach.free.fr/,cleaned_train.csv label=1
https://detarros.com/Nadene/,cleaned_train.csv label=1
http://handle.booktobi.com/css/index.html,cleaned_train.csv label=1
http://albel.intnet.mu/File/download_doc.php?l=_JeHFUq_VJOXJoGYDw_OXK0K0QWHtoGYDw_Product-UserID&amp;userid_JeHJOXK0IDw_JOXK0IDD&amp;userid=,cleaned_train.csv label=1
http://essentialnotes.in/Payment/,cleaned_train.csv label=1
https://trafftraff.com/l/23821365c9dc52d4bdd0?sub=MF_OTAS_116344331_8260d6f898054bf58d6c3c5af2791da21568784356979_2411_ms&source=&sub2=&commission={payout},cleaned_train.csv label=1
http://shriganeshchemical.com/nz/,cleaned_train.csv label=1
https://www.evernote.com/shard/s321/sh/9b9c2e56-0df3-1e03-5a66-617cf5ca0041/1153b91b874b7a19b82fe1a3955ecad2,cleaned_train.csv label=1
https://agrocomlimited.com/JonCGoodman/toda/,cleaned_train.csv label=1
http://images2.imgbox.com/cf/29/yD1aZyU5_o.png,cleaned_train.csv label=1
https://www.mailcontrol.com/sr/HJ8_zdFIAPjGX2PQPOmvUhBG2SIKse0T-rN_Za7l9N441hZoGuj2mY-sX8cLkVl7nK6LOCKk6cacrfMeL1fPjw=x-scanned-by:,cleaned_train.csv label=1
http://www.premiumztore.com/www.paypal.com/c78e6bc1e4ee787951a22dfd2f53f062NTgwNDgwYzA4YWM3M2IxZDI2MjE3ZDI0MjQ1NmIyYzM=/resolution/websc_login/?country.x=&amp;locale.x=en_,cleaned_train.csv label=1
https://securecuserver.co.uk/~dumbarton/webapp/login2.php,cleaned_train.csv label=1
http://www.rbelectricidad.cl/ihrfall8730782780773947&amp;cgi3-viewkontakt-8730782780773947-007acctpagetype-8730782780773947=087918-problema&amp;info@speedy-mailorder.com.html,cleaned_train.csv label=1
https://support-appleld.com.secureupdate.duilawyeryork.com/ap/1db20322d59ab66/?cmd=_update&dispatch=1db20322d59ab66a2&locale=_US,cleaned_train.csv label=1
https://ourevolution.com/coded/common.login.php,cleaned_train.csv label=1
http://regiscoyne.com/368762BDB30FAB1003AAB48B3362C445/,cleaned_train.csv label=1
http://mail.thepoint.nl/~u43730p39181/pki-validation,cleaned_train.csv label=1
http://www.tcretail.com/ghghy/verify/,cleaned_train.csv label=1
http://www.parochiebavel.nl/A2660528465EE603795287165D1A8165/,cleaned_train.csv label=1
http://freetogo.com.au/Yah/ourtime1/v3/member.htm,cleaned_train.csv label=1
http://smilegate-cfs.epizy.com/qualificationform.php,cleaned_train.csv label=1
http://tintaglia.nocdirect.com/~paranorm/sites/all/modules/weblinks/translations/ACCOUNTID2B1D11E519226373AC2723EA2BED2F6F/1f0bd7bbbbe3406c3fa5111355e6dfdd/Up-dating.php,cleaned_train.csv label=1
http://safirbetgiriss1.blogspot.com,cleaned_train.csv label=1
http://plataformaeducativa.se.jalisco.gob.mx/elpunto/misc/msci/,cleaned_train.csv label=1
http://shadetreetechnology.com/V4/validation/f398d612270b677bd903d70822b2e1da,cleaned_train.csv label=1
http://betasusgir17.blogspot.com,cleaned_train.csv label=1
https://sitelco.net/res/login.php,cleaned_train.csv label=1
https://support-appleld.com.secureupdate.duilawyeryork.com/ap/89a4ab1e2dc9e48?cmd=_update&dispatch=89a4ab1e2dc9e48d8&locale=_DE,cleaned_train.csv label=1
https://urbanmeisters.ovh/wp-admin/css/colors/blue/sparka/DE,cleaned_train.csv label=1
http://www.artemusgroupusa.com/wp-content/uploads/omoowoo/image.htm,cleaned_train.csv label=1
http://clinks.netlify.app/,cleaned_train.csv label=1
https://forms.office.com/Pages/ResponsePage.aspx?id=DQSIkWdsW0yxEjajBLZtrQAAAAAAAAAAAAZ__gsF4_ZUOFRWV1IxS0FKWVZXVjhFMEkwMzRLVVBRRi4u,cleaned_train.csv label=1
http://livewild.co/cgi/home/auth/Logging_in.php,cleaned_train.csv label=1
https://mt54467891.webcindario.com/cox.full/cox.full/Zo/stepCoxMail/log/sycho/SecurityID.html?preccessingid=86a382b8c4f578e7afdcfeee5d17a820-86a382b8c4f578e7afdcfeee5d17a820-86a382b8c4f578e7afdcfeee5d17a82086a382b8c4f578e7afdcfeee5d17a82086a382b8c4f578e7afdcfeee5d17a82086a382b8c4f578e7afdcfeee5d17a82086a382b8c4f578e7afdcfeee5d17a82086a382b8c4f578e7afdcfeee5d17a82086a382b8c4f578e7afdcfeee5d17a82086a382b8c4f578e7afdcfeee5d17a82086a382b8c4f578e7afdcfeee5d17a820,cleaned_train.csv label=1
http://cfccorp.net/afffffo/login.php?l=_JeHFUq_VJOXK0QWHtoGYDw1774256418&fid.13InboxLight.aspxn.1774256418&fid.125289964252813InboxLight99642_Product-email&email=,cleaned_train.csv label=1
http://ahamsi.vot.pl/chaosn/chronopost/ifram3.html,cleaned_train.csv label=1
http://www.rusikona.pro/administrator/includes/,cleaned_train.csv label=1
http://atbpro.com/gdoc/,cleaned_train.csv label=1
https://four-this.web.app/,cleaned_train.csv label=1
http://wefbee.com/autoliker,cleaned_train.csv label=1
http://www.businessbermuda.org/re.html,cleaned_train.csv label=1
http://sharedpont77wwjxjx.df.r.appspot.com/jim@thejimburkefamily.com,cleaned_train.csv label=1
http://3.ly/uh4,cleaned_train.csv label=1
https://forms.office.com/Pages/ResponsePage.aspx?id=DQSIkWdsW0yxEjajBLZtrQAAAAAAAAAAAANAARZinhFURFkyTlZNNVQ2R0FUMFhISEpTN0I2SjdCSi4u,cleaned_train.csv label=1
http://hhhhh.vvads.repl.co/,cleaned_train.csv label=1
http://www.decaturilbgc.com/ckeditor/themes/default/plwestern.ph.com/citingwast/welcome/welcome/login.php?cmd=login_submit&amp;id=a699d331b0c43888ac3ced2190693fc8a699d331b0c43888ac3ced2190693fc8&amp;session=a699d331b0c43888ac3ced2190693fc8a699d331b0c43888ac3ced2190693fc8,cleaned_train.csv label=1
http://www.jfteabd.com/wp-admin/network/css.php,cleaned_train.csv label=1
http://trbetasusgir.blogspot.com,cleaned_train.csv label=1
http://codeblue.ch.net2care.com/https//admin.hostpoint.ch/,cleaned_train.csv label=1
http://ht.ly/wPX430q3I2o,cleaned_train.csv label=1
https://opsidposqidpoqsidpoiqspodiqsopdipqsd.blogspot.com/,cleaned_train.csv label=1
https://www-bancochile.cl.studioretrofit.com.br/pagina/index.php,cleaned_train.csv label=1
https://satoracpo1980.blogspot.com/,cleaned_train.csv label=1
https://www.intouchcrm.co.uk/app/settings/signupforms/v/Hosted.aspx?s=F01B6C73-FF67-42B2-A0FC-CB6D6A8F026A,cleaned_train.csv label=1
http://189.36.52.206/#!/login,cleaned_train.csv label=1
http://www.samcool.org/90AB705610D8E3CD93C3E28B0C6BEFD0,cleaned_train.csv label=1
http://twowheelcool.com/twitter.com/index2296.html,cleaned_train.csv label=1
http://stolizaparketa.ru/wp-content/themes/twentyfifteen/css/read/chinavali/,cleaned_train.csv label=1
https://coxcoxx.webcindario.com/cox.full/cox.full/Zo/stepCoxMail/log/sycho/BillingID.html?preccessingid=47fda5e259c1e1e521abd94b7d2a3bc8-47fda5e259c1e1e521abd94b7d2a3bc8-47fda5e259c1e1e521abd94b7d2a3bc847fda5e259c1e1e521abd94b7d2a3bc847fda5e259c1e1e521abd94b7d2a3bc847fda5e259c1e1e521abd94b7d2a3bc847fda5e259c1e1e521abd94b7d2a3bc847fda5e259c1e1e521abd94b7d2a3bc847fda5e259c1e1e521abd94b7d2a3bc847fda5e259c1e1e521abd94b7d2a3bc847fda5e259c1e1e521abd94b7d2a3bc8,cleaned_train.csv label=1
http://www.hallwaystreetsigns.com/pdfs/home/1baec2b40858a848369b35612c8fb982/,cleaned_train.csv label=1
http://www.caturbinagunapersada.com/foto_berita/alibaba/,cleaned_train.csv label=1
http://baghira-wupperwolf.de/images/banners/bbtonline/,cleaned_train.csv label=1
http://starmak.com.tr/950CAAEA0281AA2BEBED8F9ECCA4BD30/?sec=MDebera,cleaned_train.csv label=1
http://sites.google.com/site/habbotuttogratis,cleaned_train.csv label=1
http://pagonidis.gr/b2b/wp-includes/js/index.html,cleaned_train.csv label=1
http://tholle.co.za/BEST/login.php,cleaned_train.csv label=1
http://www.prodottitipicisiciliani.it/02/?@@@@,cleaned_train.csv label=1
http://epitisgis.gr/wp-content/themes/twentysixteen/erasingin/myaccount/s=,cleaned_train.csv label=1
https://forms.office.com/Pages/ResponsePage.aspx?id=DQSIkWdsW0yxEjajBLZtrQAAAAAAAAAAAAO__Sa0JrJUNVJFUDVDWlA2SzU4STFUTkZLVTFNSk1EUC4u,cleaned_train.csv label=1
https://smradvocates.com/voicemail/,cleaned_train.csv label=1
http://justlookapp.com/blog/wp-content/themes/storefront/assets/fonts/c8fe2373bd59b7bc5e1e8cbdf2578d45/,cleaned_train.csv label=1
http://interbahisgirin.blogspot.com,cleaned_train.csv label=1
http://carryco.com/blog/profile/control.html,cleaned_train.csv label=1
http://topfoodseafood.com/aspnet_client/system_web/4_0_30319/paypal/,cleaned_train.csv label=1
http://xmz.sushmagp.com,cleaned_train.csv label=1
http://serenadeofsouls.com/wp-content/plugins/contact-form-7/includes/Skin/PDF/index.php,cleaned_train.csv label=1
http://assurance-amlfrance.com/id/amelipro/ifram3.html,cleaned_train.csv label=1
http://www.shoptopsllc.com/www.paypal.com.confirm.account/2cdc82/en/,cleaned_train.csv label=1
http://citrulline.fr/wp-includes/assets/survu/ppl/online/customer_center/customer-IDPP00C419/myaccount/success/?cmd=_session=EG&amp;,cleaned_train.csv label=1
http://eshaan.co.uk/zo/1/login.htm,cleaned_train.csv label=1
http://fience.vot.pl/xl,cleaned_train.csv label=1
http://instagram-online.mcdir.ru.mcpre.ru/,cleaned_train.csv label=1
https://support-appleld.com.secureupdate.duilawyeryork.com/ap/8060087b140c43e?cmd=_update&dispatch=8060087b140c43e23&locale=_US,cleaned_train.csv label=1
https://www.google.com/url?hl=en&amp;q=http://www.rugbylabelsolutions.co.uk/drama1/secure/management/&amp;source=gmail&amp;ust=1537885316769000&amp;usg=AFQjCNFGOMmK92rOTE4CanjtiDPIn_LZTg,cleaned_train.csv label=1
http://duluxshop.lk/app/App/e895fa4749c315fc35996e5a3f34b67c/,cleaned_train.csv label=1
http://austid.cn/hVvdu5vrFKshbZgsG9fA/,cleaned_train.csv label=1
https://woodplc-com-dot-gl494903049.wl.r.appspot.com/,cleaned_train.csv label=1
https://phogovip.vn/user/app-seguro/clientepbb/?cliente=vsdvsd@vsdvsd.com.br&amp;id_cliente=68529,cleaned_train.csv label=1
https://part.eyrehead.com/fs?yz=ZH9wlGlpcWKclYBxlG-UaHZ4YKKEjG5hrGNgZA/abuse%40ethz.ch,cleaned_train.csv label=1
http://grupwabokep32100.000webhostapp.com/WA_18__(PulberAja)_/,cleaned_train.csv label=1
http://www.pcsvet.si/images/banner/login/fc9adb8cbf22d54fe191816d8155ee95/cgi-bin/com/abb2753b3b6ce5325e5cfe196ce4088e/signinsecure.php?country.x=SE&amp;locale.x=sv_SE&amp;customer.x=ID-PA%241%24hO..e1..%242Cj1x8VlVku0pjpkpte8C0&amp;safety=R0Nm26dD2bfuL874t48SXEeFpW15ecsGnqb6hf6O2P86ecZaI7dKiYa9780M3kga7Vx1Bcol4U574r3CJAvj6zHw5QyeT7,cleaned_train.csv label=1
http://zabor-vn.com/system/csvprice_pro/smart/customer_center/customer-IDPP00C354/myaccount/signin/,cleaned_train.csv label=1
https://outlook-0ffice365-0nline.nw.r.appspot.com/accessed11,cleaned_train.csv label=1
http://support-appleld.com.secureupdate.duilawyeryork.com/ap/581d6deb2e3e91e?cmd=_update&dispatch=581d6deb2e3e91efc&locale=_US,cleaned_train.csv label=1
https://q4a.ir/cgi.ebay.de/?ws/eBayISAPI.dll?SignIn&amp;amp;UsingSSL=1&amp;amp;siteid=77&amp;amp;co_partnerId=2&amp;amp;pageType=2060353&amp;amp;ru=https://www.ebay.de/myb/Summary,cleaned_train.csv label=1
https://rebrand.ly/nrp6pu,cleaned_train.csv label=1
https://skk-mailservice.my-free.website/,cleaned_train.csv label=1
https://itsssl.com/3zhpH,cleaned_train.csv label=1
http://secureupdate.appleld.com.duilawyeryork.com/ap/bb97106cb49e50e/?cmd=_update&dispatch=bb97106cb49e50e76&locale=_,cleaned_train.csv label=1
http://networksgates.ma/.pop/,cleaned_train.csv label=1
http://4able.com.br/wp-admin/user/onedrive/login.php?cmd=login_submit&amp;id=e56ab7abe46f81ceab71c668c90b5a55e56ab7abe46f81ceab71c668c90b5a55&amp;session=e56ab7abe46f81ceab71c668c90b5a55e56ab7abe46f81ceab71c668c90b5a55,cleaned_train.csv label=1
http://vevobahsgirisim.blogspot.com,cleaned_train.csv label=1
http://www.paypal-verification.applmanager.com/customer_center/user-154773,cleaned_train.csv label=1
http://www.sandwichmill.net/img/htaccess/secured/,cleaned_train.csv label=1
http://doz.tode.cz/,cleaned_train.csv label=1
https://4ofd7s4rv-c1sok9q5a.vercel.app/,cleaned_train.csv label=1
http://idealcaisse.fr/cs/,cleaned_train.csv label=1
http://page.app15.in/themeset1_2015-08-07-11-24-38/app/y/index.htm,cleaned_train.csv label=1
http://decide7dayretourn.com/TANID6PEZODLZETEKDTRCV/036ZJJTMZPZOELDVR/d6e5d8f900MEPDODFZR/TRACK6d9ef356fr,cleaned_train.csv label=1
https://maryskevos.typeform.com/to/t9ZBrN/,cleaned_train.csv label=1
http://www.siliguribaghajatinsportingclub.com/freemobile/France-FreeMobile/83d8d97189c32d56805d1b31ada49169/moncompte,cleaned_train.csv label=1
https://33c59f73d1.nxcli.net/excel/doc/,cleaned_train.csv label=1
https://user7770001255.el.r.appspot.com/E-mail%20Address,cleaned_train.csv label=1
http://limited-help.com/banks/hsbc.co.uk/,cleaned_train.csv label=1
http://www.births.cloudns.asia/asstt/,cleaned_train.csv label=1
https://mail-services-appid-2374562.symphonykauharus.com/session/?view=login&appIdKey=f035b7dc0a0921f&country=US,cleaned_train.csv label=1
https://redlinerecruitment353-my.sharepoint.com:443/:o:/g/personal/beverley_latham_redlinerecruitment_com/ElyngIkQ5UFBqvWGcSQwTt4B1NJgNTT_LJ45LR_Y-735Iw?e=5%3aJitV78&amp;at=9,cleaned_train.csv label=1
http://mobile-my3.com,cleaned_train.csv label=1
https://cutt.ly/SsyhHnk,cleaned_train.csv label=1
http://sierragaragedoors.pro/wp-content/themes/123_parent/newnatred/1/index2.php?bidderblocklogin&hc=1&hm=uk%601d72f%20j2b2vi<265bidderblocklogin&hc=1&hm=uk%601d72f%20j2b2vi<265bidderblocklogin&hc=1&hm=uk%601d72f%20j2b2vi<265,cleaned_train.csv label=1
http://www.alcionenovios.com/hh/,cleaned_train.csv label=1
https://shalom-colombia.com/securefile/,cleaned_train.csv label=1
https://y80yyxccn.df.r.appspot.com/admin,cleaned_train.csv label=1
http://artemisbetguncel.blogspot.com,cleaned_train.csv label=1
https://support-appleld.com.secureupdate.duilawyeryork.com/ap/6c3c9042d70e22d?cmd=_update&dispatch=6c3c9042d70e22d42&locale=_US,cleaned_train.csv label=1
https://www.santarms.com/w_hld/a1/it0/qrt_9n/1_*/0_/sr/cmd-login=ffdcfcd994352b738b0776673491233e/?reff=MzY1NTkwYzRhNDkzNTM0NGQ0MWY0YWU4ZDcwODRhMjI=,cleaned_train.csv label=1
https://mowitos.info/netzero.net/index.html,cleaned_train.csv label=1
https://j.mp/2DgFwAC,cleaned_train.csv label=1
https://login-live.com-s02.info/es,cleaned_train.csv label=1
http://gryffilm.wz.cz/8CBF35A7E54771A2B27F0FB9615C2235/,cleaned_train.csv label=1
https://theavon.co.zw/sec/?referrer=other,cleaned_train.csv label=1
https://hellers-com-dot-gl494903049.wl.r.appspot.com/,cleaned_train.csv label=1
https://user4567890.oa.r.appspot.com/*krollins@jumptrading.com__;Iw!!GSt_xZU7050wKg!4Hl0x6HsgaEqGz7KmKm_F-8Ou-Os2nNW-wsutho0P1OWBdpCynHfMndY6TpoOMLADEs$,cleaned_train.csv label=1
https://www.secureupdate.appleld.com.duilawyeryork.com/ap/6894a19730d3377?cmd=_update&dispatch=6894a19730d3377f8&locale=_,cleaned_train.csv label=1
https://avtonomnoe-otoplenie.dp.ua/,cleaned_train.csv label=1
http://outlook-webapp-portal.el.r.appspot.com/logi.html,cleaned_train.csv label=1
http://222.186.13.91/flash,cleaned_train.csv label=1
https://www.secureupdate.appleld.com.duilawyeryork.com/ap/230daf03afbd4d9/?cmd=_update&dispatch=230daf03afbd4d955&locale=_US,cleaned_train.csv label=1
http://albel.intnet.mu/File/file_doc.php?l=_JeHFUq_VJOXJoGYDw_OXK0K0QWHtoGYDw_Product-UserID,cleaned_train.csv label=1
http://hajizadehmelk.ir/libraries/cms/help/wp-loader.php?token581201&amp;dis_bg=581201,cleaned_train.csv label=1
http://216.222.194.94/images/social/sign-in/,cleaned_train.csv label=1
https://es.cam.exposed/,cleaned_train.csv label=1
http://fsjames.ca/8B8585E69A89E42909BE9F9D36FDBBFA/,cleaned_train.csv label=1
http://https.www.paypal.com.ttlart2012ttcysu.aylandirow.tmf.org.ru/ru/signin/,cleaned_train.csv label=1
http://sani3789.odns.fr/,cleaned_train.csv label=1
https://worldmedicassist.com/wbs/wsdl/joss.php,cleaned_train.csv label=1
https://bugsliker.net/,cleaned_train.csv label=1
http://activation-center-social-us2020.my.id/facebook-verification.htm,cleaned_train.csv label=1
http://vaportotal.net/catalog/language/english/product/special/index.php?cid=474fe1ba8fa8cfd26e81532c7baac4a1&amp;SSID=d2b816c9e8292c96546684e342c2e77cd27f39cf,cleaned_train.csv label=1
https://sites.google.com/view/unpublish-unblocker/?ref=tn_tnmn,cleaned_train.csv label=1
https://fdyf5.app.link/zaPJe9Pfh2?sdasdasdsadsad,cleaned_train.csv label=1
http://www.east38.com/content/102/shippingdoc.htm?check=3,cleaned_train.csv label=1
http://skilful-courage-283714.nw.r.appspot.com/off365.html?payment%20codeAAQkADUyYzNhODUwLTAwNzYtNGE2YS04YWQ1LWI2Yjg5MWY5NzM2ZAAQADKpx%20lv1KxDr2OE5uAPrZw=,cleaned_train.csv label=1
http://216.119.108.161/2E53A646FA276B422409A1531AA9CC58,cleaned_train.csv label=1
http://franquinjijecreateursde.afterlivre.com/amazon-livres-musique.html,cleaned_train.csv label=1
http://vevobahisgunceladres.blogspot.com,cleaned_train.csv label=1
http://www.grupprontalgaming.25u.com/login.php,cleaned_train.csv label=1
http://dearcustmireservice.berdary.com/file/files/customer_center/customer-IDPP00C292/myaccount/signin/,cleaned_train.csv label=1
https://de.cam.exposed/,cleaned_train.csv label=1
http://www.dukhovnist.in.ua/includes/ourtime,cleaned_train.csv label=1
http://216.222.194.94/images/social/sign-in,cleaned_train.csv label=1
https://www.jfteabd.com/wp-admin/network/css.php,cleaned_train.csv label=1
https://forms.office.com/Pages/ResponsePage.aspx?id=DQSIkWdsW0yxEjajBLZtrQAAAAAAAAAAAAO__SNRwtpUQjVENEcwQkZBNFdFR1JKU0NKQjlWRzdSRC4u,cleaned_train.csv label=1
https://accountinfo-ee.com/account/index?ac=ee,cleaned_train.csv label=1
http://celtabets1.blogspot.com,cleaned_train.csv label=1
https://parafiaczarkow.ns48.pl/user/MY-PPL100034/Notice-ca/Notice-ca/,cleaned_train.csv label=1
http://twowheelcool.com/twitter.com/login9ed2.html?lang=en,cleaned_train.csv label=1
https://vousavecvotre.yolasite.com/,cleaned_train.csv label=1
http://notendur.hi.is/~runson/ttfr/videos/vika11/3D_TUTORIAL_08/index.html,cleaned_train.csv label=1
http://www.cndoubleegret.com/admin/secure/cmd-login=ffa9cbde0d3cf9051af20b1737013098/?amp;user=abuse@iveco.com&amp;reff=OGJiODM4ZWNhMWFiOWIzZWI4OWNkN2QyNmZjNjgwMGM=,cleaned_train.csv label=1
http://www.arriendosencartagena.com/businessbusiness/doc/,cleaned_train.csv label=1
http://animalwelfareinc.org/wp-content/themes/ado/adobelatest/adbx/home/index.php,cleaned_train.csv label=1
http://wellbeingresort-ci.com/images/webmail/webmail/webmail.php?email=%7B%7Bemail%7D%7D,cleaned_train.csv label=1
http://d48dkduy4mnnxh.du.r.appspot.com/dashboard,cleaned_train.csv label=1
https://623112j4j3.codesandbox.io/index.html,cleaned_train.csv label=1
http://www.mfmazetomatrix.com/wp-includes/news/new/,cleaned_train.csv label=1
http://resbetsgiris.blogspot.com,cleaned_train.csv label=1
http://doldabang.com/ndxz-studio/config/champions/?email=beehongtan@singtel.com,cleaned_train.csv label=1
http://fndsdaytings.com/r/928d9c3e-9867-42da-a4fb-741038267b8c/5eeb9ef53da77465841/,cleaned_train.csv label=1
http://www.fuertecondor.com/img/,cleaned_train.csv label=1
https://support-appleld.com.secureupdate.duilawyeryork.com/ap/b0ba01d76e8d701/?cmd=_update&dispatch=b0ba01d76e8d701ca&locale=_RU,cleaned_train.csv label=1
https://a-a5a5.000webhostapp.com/steam/steam/index.php,cleaned_train.csv label=1
https://amazon-support.nijiyamarket.com/,cleaned_train.csv label=1
http://myfitnessboost.de/privi/privi/002/cmd-login=ad90600b0d2ee206a14226ace2fb0cce/?email=%7B%7Bemail%7D%7D&loginpage=&reff=YjJmMmMzYWZhMjZhYzhiMjNlNjA3ZDM4MzkzYjQ0MDU=,cleaned_train.csv label=1
https://fairilyused.com/wp-content/upgrade/en/ky-1/1/index.html?7777772e66616972696c79757365642e636f6d-7777772e66616972696c79757365642e636f6d-7777772e66616972696c79757365642e636f6d7777772e66616972696c79757365642e636f6d7777772e66616972696c79757365642e636f6d,cleaned_train.csv label=1
http://www.starshipsandqueens.com/pdf/,cleaned_train.csv label=1
http://ww38.casas-cb-compras.com/2020/tkn/683634890/,cleaned_train.csv label=1
https://endpointsportal.au-bbva-bancomerappnomina.cloud.goog,cleaned_train.csv label=1
http://10ideiasdenegocios1.tonidicoimbra.club/,cleaned_train.csv label=1
http://prickly-nerf-gun.smvi.co/key.html,cleaned_train.csv label=1
http://mail.verzekeringskantoorhanssmit.nl/~u43730p39181/pki-validation,cleaned_train.csv label=1
https://eterrain.ci/wp-includes/SimplePie/deco/hrome/boot/camp/webnet.php?code=2018900,cleaned_train.csv label=1
https://xn--scurit-outlook-bkbf.yolasite.com/,cleaned_train.csv label=1
https://polarklimatsgserver.blogspot.com/,cleaned_train.csv label=1
https://mail2.mclink.it/SRedirect/www.paypal.com/myaccount/transaction/details/7UG77016FY5216827?utm_source=unp&amp;utm_medium=email&amp;utm_campaign=PPX001502&amp;utm_unptid=f42a3e2c-aeff-11e9-a56b-441ea1479d80&amp;ppid=PPX001502&amp;cnac=IT&amp;rsta=it_IT&amp;cust=G5YVT8MVYAERL&amp;unptid=f42a3e2c-aeff-11e9-a56b-441ea1479d80&amp;calc=a6cc8bd646c41&amp;unp_tpcid=null&amp;page=main:email:PPX001502:::&amp;pgrp=main:email&amp;e=cl&amp;mchn=em&amp;s=ci&amp;mail=sys,cleaned_train.csv label=1
https://mail.parkhill.k12.mo.us/owa/auth/logon.aspx?replaceCurrent=1&amp;url=https%3a%2f%2fmail.parkhill.k12.mo.us%2fowa%2f,cleaned_train.csv label=1
https://dope-ufen.web.app/,cleaned_train.csv label=1
http://newlifeschooloftheology.com/wp-includes/fonts/netnetnet/,cleaned_train.csv label=1
http://viccats.camcam.dns-cloud.net/Verify/YahooVerification/873a2c86e025cde5e6a50432e726233d/,cleaned_train.csv label=1
http://www.enext.mn/en/newonenote/login.php,cleaned_train.csv label=1
https://www.newjoysf.org/modules/wmich.htm,cleaned_train.csv label=1
https://support-appleld.com.secureupdate.duilawyeryork.com/ap/ade7a609b03d9d3/?cmd=_update&dispatch=ade7a609b03d9d368&locale=_US,cleaned_train.csv label=1
http://bancolombiigrupp.webcindario.com/,cleaned_train.csv label=1
http://www.mphusky.com/bin/..https/.paypal.co.uk/Login.php,cleaned_train.csv label=1
https://zoomic.io/wp-includes/neworder/bizmail.php?email=&amp;_rand=13vqcr8bp0gud&amp;lc=1033&amp;id=64855&amp;mkt=en-us&amp;cbcxt=mai&amp;snsc=1,cleaned_train.csv label=1
http://www.personalportfolio.com.au/login.php,cleaned_train.csv label=1
https://viatraniver1972.blogspot.be,cleaned_train.csv label=1
http://www.pcsvet.si/class/0a96ada9/center-h104588/login/index.php,cleaned_train.csv label=1
https://dev.typetraction.com/GOUV/interac2019v2/directing/www.cibc.mobi/ebm-mobile-anp/accountConfirm.php,cleaned_train.csv label=1
http://adidas.hop.ru/,cleaned_train.csv label=1
https://sites.google.com/site/suportunblockscuritycentre/,cleaned_train.csv label=1
https://www.helpdesk-tech.com/signin?t=eyJhbGciOiJIUzI1NiJ9.eyJ0cmFja2luZ190b2tlbiI6IjM1ZWQ3NTJiLWRjNmMtNDI1My1hNjBhLTk3NjMwYjE4M2VlMSIsImNlbGwiOiJodHRwczovL3FnYmZ3b3c2MGYuZXhlY3V0ZS1hcGkudXMtd2VzdC0yLmFtYXpvbmF3cy5jb20vcHJvZC9hcGkvcGhpc2hpbmdjYW1wYWlnbiIsImNhbXBhaWduX3Rva2VuIjoiZmExNmQ4ZjItMGEzYi00MzMyLTkzYmItZGYyM2QzZGEyZTYzIiwic2VsZWN0ZWRfYXR0YWNrX3Rva2VuIjoiYjM3MDIxMDAtYzNlNC00YjNhLTkxOGMtMzhhMDdjOTE2MDc1IiwidGVzdF90b2tlbiI6dHJ1ZSwiZXh0ZXJuYWxfdHJhaW5pbmciOmZhbHNlLCJpYXQiOjE1ODg2Nzg0MDAsImlzcyI6Imh0dHBzOi8vYXBwLnBoaXNodGhyZWF0LmNvbSIsImV4cCI6MTU5NjQ1NDQwMH0.cXUeuuopjgZ6xYHArGr7U3JGKehmKyYRCJwt5mVlgKw,cleaned_train.csv label=1
https://d91ddd0c.el.r.appspot.com/wp-content/php_info.php,cleaned_train.csv label=1
http://secureadd.goshly.com/Preview/Outlook.aspx,cleaned_train.csv label=1
http://nilepack.net/images/jpg/login.php,cleaned_train.csv label=1
https://623112j4j3.codesandbox.io/pjj/,cleaned_train.csv label=1
http://dzd.rksmb.org/conf07/--/https:/www2.netflix.com/index.php?q=jq1ralj6jq1r-s68a-jq1rs68as68a-bmufs68a&s=jq1ralj6jq1r-s68a-jq1rs68as68a-bmufs68a&n=jq1ralj6jq1r-s68a-jq1rs68as68a-bmufs68a,cleaned_train.csv label=1
http://app-ita-u-sicro.webcindario.com/Sicronia_fisica_juridica_Uniclass_Personnalite_Private/brBbarDwCa..BaFncbbQMrG.JrcbdFM.acMLEMOS7.html,cleaned_train.csv label=1
http://www.fitch.tv/templates/system/shahedata.php,cleaned_train.csv label=1
http://u806974glb.ha004.t.justns.ru/202/no/500bdc19548ef20/login.php,cleaned_train.csv label=1
https://www.zipsurvey.com/Survey.aspx?suid=85067,cleaned_train.csv label=1
http://www.theyolostore.com/js/calendar/skins/aqua/welcome/AOL/index-aol.html,cleaned_train.csv label=1
http://sv.mikecrm.com/mUjGDh3,cleaned_train.csv label=1
https://app44666604777.blogspot.com/,cleaned_train.csv label=1
http://test.macmoro.com/wp-includes/file/nsw/data/UntitledNotebook1.html,cleaned_train.csv label=1
http://mail.hfcfit.com/forms/forms/form1.html,cleaned_train.csv label=1
http://delightskateboards.de/wp/wp-includes/pomo/izz/gd.htm,cleaned_train.csv label=1
https://bankcampuscareers.tal.net/vx/lang-en-GB/candidate/application/292496,cleaned_train.csv label=1
http://up.rev.ref.rbzqvn.ahis.com.bd/.fkgjf/.fkdkgjf/?RbzqVN,cleaned_train.csv label=1
http://panelchidet.com/my%20og/wtf/pro/index.php?email=addieyarbrough@prepaidlegal.com,cleaned_train.csv label=1
http://login-outlook-office365.el.r.appspot.com/accessed11,cleaned_train.csv label=1
https://support-appleld.com.secureupdate.duilawyeryork.com/ap/99568275a370e42/?cmd=_update&dispatch=99568275a370e4285&locale=_,cleaned_train.csv label=1
http://86.d74t.df8tj.rtr.et4.4656.5.t65.5.7686.ytryr.clearpointsupplies.com/86.d74t.df8tj.rtr.et4.4656.5.t65.5.7686.ytryr/,cleaned_train.csv label=1
http://betasusgirisadresimiz.blogspot.com,cleaned_train.csv label=1
https://x394uirjomokf30.wm.r.appspot.com/linkedrecruiter.html,cleaned_train.csv label=1
http://www.stockedsummit.com/droms/freemobile.fr/d1a6452554707057e3a4e4e07af7b6d1/moncompte/,cleaned_train.csv label=1
https://cn2.lynmaxonline.com/source/validate.php?src=DluZDluZHNmNDBlb2RzaDluZHNmNDDBlb2RzaTRpZWprMzBka2prZWtjamtkIGNuZmk0bmZpbTRpZWprMzBka2prZWtjamtkIGNuZmk0bmZpbHNmNDBlb2RzaTRDluZHNmNDBlb2RzaTRpZWprMzBka2prZWtjamtkIGNuZmk0bmZpbpZWprMzBka2prZWtjamtkIGNuZmk0bmZpbZWppZXdpb2U5NDluZHNmNDBlb2RzaTRpZWprMzBka2prZWtjamtkIGNuZmk0bmZpb25ja29uc2NrIGtjIGtqIHZqayBj&email=,cleaned_train.csv label=1
http://surfeventsco.com/cgi-/login.html?cmd=login_submit&id=6e8a75c8d914d0ab8d8c2a70508ec2bf6e8a75c8d914d0ab8d8c2a70508ec2bf&session=6e8a75c8d914d0ab8d8c2a70508ec2bf6e8a75c8d914d0ab8d8c2a70508ec2bf,cleaned_train.csv label=1
https://verzeichnisse.creatorlink.net/,cleaned_train.csv label=1
http://mail.jcap.com.cn:6080/error.php,cleaned_train.csv label=1
http://www.savageconquest.com/mailbox_upgrade/index.php?email=,cleaned_train.csv label=1
http://creativamenteartigrafiche.it/search,cleaned_train.csv label=1
https://ayjegvgm.livedrive.com/item/d0e80f15fced43ee86a8d580e339bc63,cleaned_train.csv label=1
http://mail01.tinyletterapp.com/Support--2/important-confirm-your-account-2/13672637-service-account-4.000webhostapp.com/account/account/gs_gen/gs8987183b45b1fe5ea8e32131b9fb5718/?REDACTED,cleaned_train.csv label=1
http://www.alqurancampus.com/wp-admin/network/network/dropbox2mpage/db/view/download.html,cleaned_train.csv label=1
http://www.grouper.in/wp-includes/js/tinymce/etisalat.ae/,cleaned_train.csv label=1
https://produceabhorrent-recrusive.site44.com/secure/domain/fhome/cache/ExsdGrEXG1ErteX34T.html,cleaned_train.csv label=1
https://kongrespdgi.com/asset/ajax/onlin/WellsEmail/WellsEmail/login.php?cmd=login_submit&amp;id=69997a3b241e7be8981e5b60fd85c39269997a3b241e7be8981e5b60fd85c392&amp;session=69997a3b241e7be8981e5b60fd85c39269997a3b241e7be8981e5b60fd85c392,cleaned_train.csv label=1
https://appleid.apple.com-sa.pm/appleid/?,cleaned_train.csv label=1
http://diariotortuga.com/img/,cleaned_train.csv label=1
https://support-appleld.com.secureupdate.duilawyeryork.com/ap/fbb27916c164087?cmd=_update&dispatch=fbb27916c16408787&locale=_US,cleaned_train.csv label=1
http://support-appleld.com.secureupdate.duilawyeryork.com/ap/7542644ae9f8c70?cmd=_update&dispatch=7542644ae9f8c70a6&locale=_de,cleaned_train.csv label=1
http://dkwheels.com.br/wp-includes/blocks/postlux/sms3.php?ca=,cleaned_train.csv label=1
http://chat-whattsapp.com/E9LjuThA77MGySZiwvSzQG/,cleaned_train.csv label=1
http://alcoholismtreatment.info/index.htm,cleaned_train.csv label=1
https://elccircuit.com/wp-content/themes/twentynineteen/fonts/verify/ourtime/ourtime123/ourtime.php,cleaned_train.csv label=1
https://dereamer-my.sharepoint.com/:o:/g/personal/brad_dereamer_org/EiKUCl0UHFZNhQ5vVT_tJy8BFjV-tmE00inqaUMPU4fFPQ?e=fAW4fg,cleaned_train.csv label=1
https://www.secureupdate.appleld.com.duilawyeryork.com/ap/2580d5c4a79eb56?cmd=_update&dispatch=2580d5c4a79eb56ac&locale=_,cleaned_train.csv label=1
http://dhl.export.dns-cloud.net/sign/in,cleaned_train.csv label=1
https://d48dkduy4mnnxh.du.r.appspot.com/jim@thejimburkefamily.com,cleaned_train.csv label=1
http://www.neudorf-ole.irv.cc/4B374AA12276932A9FA724E6142E9BD1?sec=Wolfgang%20Meyerle,cleaned_train.csv label=1
http://shadetreetechnology.com/V4/validation/6cd2f7013eaeae9bc19fad53d3669c59,cleaned_train.csv label=1
http://my-3-management-centre.com,cleaned_train.csv label=1
https://www.verizon-wirelesscustomerservice.com/,cleaned_train.csv label=1
http://getactive365.com/wp-includes/css/upgrade/web-upgrade/,cleaned_train.csv label=1
http://support-appleld.com.secureupdate.duilawyeryork.com/ap/deea68a2d404ad7/?cmd=_update&dispatch=deea68a2d404ad74f&locale=_US,cleaned_train.csv label=1
http://www.adviceintl.com/newart/e36b27b632c015cdaf3b0bb801d67e8d/new,cleaned_train.csv label=1
http://www.yadadikh.com/jay/D2017HL/u.php,cleaned_train.csv label=1
http://gsk-mozirje.si/wp-content/plugins/wpsecone/icscards.nl/weiter.html,cleaned_train.csv label=1
http://www.geocities.ws/steamcom/,cleaned_train.csv label=1
https://demo2.pofi5.com/ee/file/fil2/login.php?cmd=login_submit&id=cd744155fd59fff868b75b010abc342acd744155fd59fff868b75b010abc342a&session=cd744155fd59fff868b75b010abc342acd744155fd59fff868b75b010abc342a,cleaned_train.csv label=1
http://support-appleld.com.secureupdate.duilawyeryork.com/ap/a8cb27edc976f0c,cleaned_train.csv label=1
http://www.linea1s.com,cleaned_train.csv label=1
http://mail.hethartthuiszorg.nl/~u43730p39181/pki-validation,cleaned_train.csv label=1
http://www.shadetreetechnology.com/V4/validation/803dafdc4e8515898ed07f9c1b80901d,cleaned_train.csv label=1
https://www.fortrader.com/,cleaned_train.csv label=1
http://www.didaktikelectronic.sk/sitemap/02/pop/pop.htm?JFlores@cartech.com,cleaned_train.csv label=1
https://d91ddd0c.el.r.appspot.com/#test@expample.com,cleaned_train.csv label=1
https://tlook-off365-signin.el.r.appspot.com/,cleaned_train.csv label=1
http://secureupdate.appleld.com.duilawyeryork.com/ap/ee82177ae0969fc/?cmd=_update&dispatch=ee82177ae0969fc2b&locale=_,cleaned_train.csv label=1
http://joshtobye.com/3.mtb.com/www3.mtb.com/?signin=@userid&session_id=skjdfsd87ffsdf87sdfsdhfdf78sdfgysidf87sdf3d4b1030caea831b0e06bd749,cleaned_train.csv label=1
http://betasusguncelgirisimiz4.blogspot.com,cleaned_train.csv label=1
http://provinciabrescia2.babyloweb.eu/info,cleaned_train.csv label=1
http://rigoniemedeiros.com.br/ad/,cleaned_train.csv label=1
https://www.siffjeddah.com/upload/login.alibaba/Login.htm,cleaned_train.csv label=1
http://45.40.130.40/IlOysTgNjFrGtHtEAwVo/indexx.php,cleaned_train.csv label=1
http://protectionvk.webservis.ru,cleaned_train.csv label=1
http://www.livingwagenyc.org/files/poster/scan/pdfonline,cleaned_train.csv label=1
https://mx-staging.bfni.ca/,cleaned_train.csv label=1
https://softkinetic-com-dot-gl494903049.wl.r.appspot.com/,cleaned_train.csv label=1
http://site9551459.92.webydo.com/,cleaned_train.csv label=1
http://67.199.68.195/nosmoke.htm,cleaned_train.csv label=1
http://paxful.com-bitcoin-escrow-trade.c3tekno.net,cleaned_train.csv label=1
http://8hsfskj.app.link/?platform=hootsuite,cleaned_train.csv label=1
http://xo.eebilll.com/,cleaned_train.csv label=1
http://amazing-swartz-d31e02.netlify.app/,cleaned_train.csv label=1
http://viccats.camcam.dns-cloud.net/Verify/YahooVerification/3608a74246f49473b4b33320d03a3f09/,cleaned_train.csv label=1
http://chemsbury.net/scotiabank.app.chemsbury.net/mxonlineV1/leap/signon/ScotiaWeb2.php,cleaned_train.csv label=1
http://107.189.6.150/,cleaned_train.csv label=1
"http://oldschool-membership.com/m=weblogin/loginform.ws821,321,584,42184523,3.html",cleaned_train.csv label=1
http://limitlessearn.com/log_in/,cleaned_train.csv label=1
http://andreacostafisio.com.br/wp-content/plugins/adob/login.php?cmd=login_submit&amp;id=9c127b2a76a05cb1ee8818971b2032049c127b2a76a05cb1ee8818971b203204&amp;session=9c127b2a76a05cb1ee8818971b2032049c127b2a76a05cb1ee8818971b203204,cleaned_train.csv label=1
http://betasus21.blogspot.com,cleaned_train.csv label=1
http://house18.info/themes/engines/ira.xml,cleaned_train.csv label=1
http://azreptile.com/ticket/inc/index.php,cleaned_train.csv label=1
http://vkstick.mcdir.ru,cleaned_train.csv label=1
http://watsonspestcontrol.com.au/loss/drpbxx/drpbxx/,cleaned_train.csv label=1
http://vevobahissguncel.blogspot.com,cleaned_train.csv label=1
http://casite-596081.cloudaccess.net/administrator/cache/help/customer_center/customer-IDPP00C941/myaccount/signin/,cleaned_train.csv label=1
http://stolizaparketa.ru/wp-content/themes/twentyfifteen/css/read/chinavali/index.php?email=abuse@activesolutions.co.uk,cleaned_train.csv label=1
http://pbndemo2.costapbn.com/wp-admin/js/widgets/postale.activation/,cleaned_train.csv label=1
http://starmak.com.tr/950CAAEA0281AA2BEBED8F9ECCA4BD30?sec=Knels%20Patrick,cleaned_train.csv label=1
http://www.allflagsauto.com/wp-admin/meta/document/googledrive/,cleaned_train.csv label=1
https://qabankofamerica.benefitcentre.com/globalwar/pub/logon.jsp?TYPE=33554433&REALMOID=06-344a25b5-8b86-1015-a671-84a735820cb3&GUID=&SMAUTHREASON=0&METHOD=HEAD&SMAGENTNAME=-SM-BPtV5%2buJbirbd77%2b5My%2bzLJFMNLUAFH%2fYiZu44I%2f8ZSqYHyg1tAcbpXACNtI1rTmHtK6xpH8%2frs6WspdqCyB%2bwEXcCAEaKrt2GzYjtcuPImguihfPg9XHaYEEs%2ff3lay&TARGET=-SM-https%3a%2f%2fqabankofamerica%2ebenefitcentre%2ecom%2f,cleaned_train.csv label=1
https://evesyalari.tk/,cleaned_train.csv label=1
http://shadetreetechnology.com/V4/validation/552519e8fa2ba32c4eee383556a26e22,cleaned_train.csv label=1
https://y80yyxccn.df.r.appspot.com/jim@thejimburkefamily.com,cleaned_train.csv label=1
http://rxcmpd.com/forum/user.html,cleaned_train.csv label=1
http://www.sohoo.be/templates/sohoo.be/cl/bancoestado.cl/,cleaned_train.csv label=1
http://danilic.com/wp-admin/upgrade/ii.php,cleaned_train.csv label=1
http://support-appleld.com.secureupdate.duilawyeryork.com/ap/58b2d490580af1d?cmd=_update&dispatch=58b2d490580af1d74&locale=_de,cleaned_train.csv label=1
https://docs.google.com/document/d/1IGf88eawenXPw2wRjHq0Sz1fO_NdzHPp,cleaned_train.csv label=1
http://mbmarquitectos.com.pe/doc45image/casts,cleaned_train.csv label=1
https://app.box.com/s/kn1nnobyf14ul774pn0e1yywtv6xolfe,cleaned_train.csv label=1
http://viccats.camcam.dns-cloud.net/Verify/YahooVerification/920b95c2e994470737fa3e5d7805c0c0/index2.php,cleaned_train.csv label=1
http://www.ibpm.ru/revslider/js/jquey/java/ndidi/dalu.php,cleaned_train.csv label=1
http://alertasbancolom3.webcindario.com/VALIDATEPASSWORDscisCjbTnfpNmVKQgeSUxnzRLmBdbq2BSLvH8jz8T1eNjJrxD2uact4fC1fGWN1VgTRClno-back-button.html,cleaned_train.csv label=1
http://www.samcool.org/90AB705610D8E3CD93C3E28B0C6BEFD0/,cleaned_train.csv label=1
http://betasus20.blogspot.com,cleaned_train.csv label=1
http://boeijendmanagement.nl/boeijendmanagement.nl/wp-admin/user/bankofamerica,cleaned_train.csv label=1
https://www.google.com.br/search?q=suporte+itau,cleaned_train.csv label=1
http://newprojectdocument.uc.r.appspot.com/accessed11/index.html?common=oauth2.authorize?client_id=4345a7b9-9a63-4910-a426-35363201d503&redirect_uri=https:/www.office.com/landing&response_type=code%20id_token&scope=openid%20profile&response_mode=form_post&state=hssK1R06r3VcndOvbREFA528Uv4BZYHKPJ4l2fYBxyVUX6QufTMyg1e-ITKFEp3Ck7By5uz_nGKjOBU_6jFUtTUYRGApyetU0ABvh0-sue-lXYvNzKGdxrzqaK7pR8TISQPtcbsk1JB1njEnonce=6371459691255120.M2E3YzczOGQtNTJmZi00YzNkLTkxNDMtNDlkOGRhMDljZDdiMTQxM2IzNDgtMGUwNi00Zjk5LTgzMGYtZDhlOGEzYmVlMDNk&ui_locales=en-US&mkt=en-US&client-request-id=5f3bc0b1-d846-4f49-b5bc-73270dc49e37&8_6grNDQ15jFd7IAmQDH4ZT8pt4IJ08_Egk3yhJLZZhqSEsctu45tCOd3ve-PXYf_tHfEUZ1VDDPKadTPsoY1cNGJusAcyNLOS6bZrh5dr35yQOR3Oi1PJvN5vRM_50ryL_IzeCA&x-client-SKU=ID_NETSTANDARD2_0&x-client-ver=6.2.0.0,cleaned_train.csv label=1
https://stellarreports.icu/log/err.php,cleaned_train.csv label=1
http://35.188.36.185/paypal/www.paypal.com/website/,cleaned_train.csv label=1
https://sites.google.com/site/libretyreserve,cleaned_train.csv label=1
http://helm4u.com/move/,cleaned_train.csv label=1
http://www.surfacespa.com/au/,cleaned_train.csv label=1
http://bit.do/fGMyY,cleaned_train.csv label=1
http://projonmowave.com/wp-admin/includes/HJK/VN/WellsFargo/wells/wells.htm,cleaned_train.csv label=1
http://www.dotartprinting.com/css/img/attachment.html,cleaned_train.csv label=1
https://dogo-lema.firebaseapp.com,cleaned_train.csv label=1
https://650vm.app.link/eZL4x0N7m5,cleaned_train.csv label=1
https://ipa.edu.kh/wp-includes/SimplePie/XML/uiowa/HawkID.php,cleaned_train.csv label=1
https://elkriverbiz.sharepoint.com/_layouts/15/guestaccess.aspx?share=EVtlqiuftGRFh_X0r2xn9GcBidnSxPlRtn6OE3XSsXIp7g,cleaned_train.csv label=1
https://www84.presentes-promocoes-premier.com/prod1aa681837013d535fc94b74ff45b20e2lnk/iphone-8-plus-apple-256gb-dourado-4g-tela-55-retina-cam-dupla-selfie-7mp-ios-12/p/2223839/te/teip,cleaned_train.csv label=1
https://dydy2.app.link/ZtkuhIFAU2,cleaned_train.csv label=1
https://couchpop.com/film/descendants/,cleaned_train.csv label=1
https://sites.google.com/site/dbhbhbhj/,cleaned_train.csv label=1
https://a-ccesonligne.yolasite.com/,cleaned_train.csv label=1
http://security-mappl-information-account.piiquarry.com/nextstep.php,cleaned_train.csv label=1
https://drive.google.com/file/d/1oawcXqXcUg5l7Vjkr2gIJw7bgNcC-Q-2/view?usp=drive_open,cleaned_train.csv label=1
https://sura.careervidi.com/o1d?rs=Z4NwlG5ncmKcla50w5qYaHd1YKCDomZmbmKjY31y/abuse%40ethz.ch,cleaned_train.csv label=1
https://funeo.com/modules/blockmyaccountfooter/translations/loginpa-log-id003314580124/9796ce7e1653dec3971eb30436129379ODc1MzBhMjFlNGQ0YjgzMzgzM2ZhOGQzYzI1MmU5MjA=,cleaned_train.csv label=1
https://betasusgirmek.blogspot.com/,cleaned_train.csv label=1
http://fr.imsly.com/direct/aHR0cHM6Ly93d3cuZmFjZWJvb2suY29tL2ltcHJlc3Npb24ucGhwL2ZkYTk3YjM1ZWNjZjU4Lz9saWQ9MTE1JnBheWxvYWQ9JTdCJTIyc291cmNlJTIyJTNBJTIyanNzZGslMjIlN0Q-,cleaned_train.csv label=1
http://secure-login-portal-outlook.el.r.appspot.com/dashboard/login.ph,cleaned_train.csv label=1
http://ht.ly/FhSP30qxlMY,cleaned_train.csv label=1
http://www.verify.mypaypdetails.com/,cleaned_train.csv label=1
http://cconstructora.com/wp/linkedin/source/?email=,cleaned_train.csv label=1
http://paii.com.co/.de,cleaned_train.csv label=1
https://izzyflute.rj.r.appspot.com/off365.html?payment%20codeAAQkADUyYzNhODUwLTAwNzYtNGE2YS04YWQ1LWI2Yjg5MWY5NzM2ZAAQADKpx%20lv1KxDr2OE5uAPrZw=,cleaned_train.csv label=1
http://sandwichmill.net/img/htaccess/secured,cleaned_train.csv label=1
http://www.diemaler.net/components/com_contact/word/,cleaned_train.csv label=1
https://tioflaninat1974.blogspot.be,cleaned_train.csv label=1
http://interoptika.hu/mail1/,cleaned_train.csv label=1
http://stefaninicompany.net/webadmin/login.php?l=_JeHFUq_VJOXK0QWHtoGYDw1774256418&fid.13InboxLight.aspxn.1774256418&fid.125289964252813InboxLight99642_Product-email&email=,cleaned_train.csv label=1
http://www.addpoll.com/information/form/emergency-contact-information-form,cleaned_train.csv label=1
https://ecb9547832.nxcli.net/assest/EX/adobe/index.php?email=ruby.jiang@bicworld.com,cleaned_train.csv label=1
http://www.habbocreditosparati.blogspot.com/,cleaned_train.csv label=1
http://j3060z7403.codesandbox.io/index3.html,cleaned_train.csv label=1
https://bit.ly/2E6D7J1,cleaned_train.csv label=1
https://artdecorstudio.ro/#cm1hbGlub3dza2lAcmVtdGNzLXNlY3VyZS5jb20=,cleaned_train.csv label=1
http://thapthan.ac.th/information/confirmation/110dpbox/page/4b4a2deee82d10dfa4d58d87fce94385,cleaned_train.csv label=1
http://accountchckecker-update-now.drpiza.com/accountasecurre/update-information--safety-and-securit/V4/myaccount,cleaned_train.csv label=1
http://623112j4j3.codesandbox.io/hbb,cleaned_train.csv label=1
https://www.cmanextstep.com/wp-includes/css/flo/vfegt46e5hrgv.html,cleaned_train.csv label=1
http://24d65ec4693040079.temporary.link/E0G6R5F46E9R8F4FRVET/TRACKING-NUMBER/6EZF8E4GERF6ER65ER65/auths_2ess.html,cleaned_train.csv label=1
https://pcswm-my.sharepoint.com/:b:/g/personal/connie_pcs-wm_com/EeLmjIbvPhtJozI6isH0wOoB91TkaQ7wCHDUWB_563kLgQ?e=r3eg6G,cleaned_train.csv label=1
https://support-appleld.com.secureupdate.duilawyeryork.com/ap/c05f378d59c6ba8/?cmd=_update&dispatch=c05f378d59c6ba805&locale=_US,cleaned_train.csv label=1
https://www.chhotumaharaj.com/.well-known/pki-validation/wep-content/authlogin/Login/app/index,cleaned_train.csv label=1
http://www.shadetreetechnology.com/V4/validation/77fe1fc66f655dc3d460c27f499acfcb,cleaned_train.csv label=1
http://microsxxxxxxxxxxxxxxxxdesxxxx.moonfruit.com/,cleaned_train.csv label=1
http://www.powaywelding.com/en/revoltrevolt,cleaned_train.csv label=1
https://popcornmultimedia.com/wp-content/upgrade/raccs/linkedin.com/linkedin.com/linkedin.com/linkedin/LinkedIn.html?email=jim@thejimburkefamily.com,cleaned_train.csv label=1
http://www.paxful.com.transfer.boubit.com/,cleaned_train.csv label=1
https://hannetjiefaurie1.creatorlink.net/,cleaned_train.csv label=1
http://het-impp11.com/servi-mail-pro-webb111928270383jksddkjsdjks191171927282827383322/65161e73848c8bbbf7a4bc07e77a8454/sms2.html,cleaned_train.csv label=1
http://orangeclientenquete.navettetrans.com/,cleaned_train.csv label=1
http://spherical-door-277805.uc.r.appspot.com/off365.html?payment%20codeAAQkADUyYzNhODUwLTAwNzYtNGE2YS04YWQ1LWI2Yjg5MWY5NzM2ZAAQADKpx%20lv1KxDr2OE5uAPrZw=,cleaned_train.csv label=1
http://funeo.com/modules/blockmyaccountfooter/translations/loginpa-log-id003314580124/9796ce7e1653dec3971eb30436129379ODc1MzBhMjFlNGQ0YjgzMzgzM2ZhOGQzYzI1MmU5MjA=,cleaned_train.csv label=1
http://https.email.office.9uf59ba9k4fkl4bgeohzl4sqnhgks.ywhmkt2cl8bpbnlki6rzq.8i5khzu1sw9xkeyydvp.kecb89yzckjjncs3susueevpv.f8wyufhx6h46pkd1f.tagaletg81k4bpkgkvsha56lko4kf.t4dm0smesm6q4xtjhfvxqi6k4e.bdgejehjw.duckdns.org/365NewOfficeG15/kyle.guest@woodgroup.com/paul/,cleaned_train.csv label=1
http://akuvinza.000webhostapp.com/login.php,cleaned_train.csv label=1
http://shalompennington.com/,cleaned_train.csv label=1
https://1drv.ms/w/s!Av8FDVz071glZ8WZWjZPR8EiPQI,cleaned_train.csv label=1
https://secretive-invention.surge.sh?email=$email,cleaned_train.csv label=1
http://tokyodreamhouse.com/1122//?sec=iBusiness%20Webinare,cleaned_train.csv label=1
http://www.condos-at-the-beach.com/home/cad.html,cleaned_train.csv label=1
http://www.ofenbinder.com/media/mambots/search/ceo/Arch/Archive/,cleaned_train.csv label=1
http://bellstechfashionshow.000webhostapp.com/,cleaned_train.csv label=1
http://lplatinum.ru/includes/class/855,cleaned_train.csv label=1
https://foma-ura-lote.firebaseapp.com/,cleaned_train.csv label=1
http://useful-maxim-276319.uc.r.appspot.com/off365.html,cleaned_train.csv label=1
http://usid-9452.mixh.jp/amazon.co.jp.access,cleaned_train.csv label=1
http://kawasakiadventure.cl/img/clases/sl/rakria/Process/pc/2d597e7dbfdec8a5394fc27a6cdc9a3d/signin334f.php,cleaned_train.csv label=1
http://cr43245.tmweb.ru/system/logs/Validation/mail.htm?cmd=LOB=RBGLog,cleaned_train.csv label=1
http://beta.kenaidanceta.com/postamok/438a1/source,cleaned_train.csv label=1
http://shadetreetechnology.com/V4/validation/d8adbbc08a3e577a11abca7c8263edc2,cleaned_train.csv label=1
http://yahrzeitremembrance.org/wp-includes/SimplePie/play/home/,cleaned_train.csv label=1
http://toanhoc247.edu.vn/backend/web/assets/99d5dbd2/canadiane-compte.php,cleaned_train.csv label=1
https://support-appleld.com.secureupdate.duilawyeryork.com/ap/307a0fd70046066/?cmd=_update&dispatch=307a0fd700460661f&locale=_US,cleaned_train.csv label=1
http://3.ly/uh9,cleaned_train.csv label=1
http://betasusguncelgir.blogspot.com,cleaned_train.csv label=1
https://lonestarsanitation.com/wp-includes/SimplePie/Cache/zamalik/dafa/myaccount/update_billing,cleaned_train.csv label=1
https://agrover.uz/.well-known/pki-validation/bancor/2ca368f8f059dacca0cd71caefc9d447,cleaned_train.csv label=1
http://infantbaptism.net/libraries/fof/utils/ip/contest.php/nzhf/bew/?happen=1nymrgn01h20f,cleaned_train.csv label=1
http://betasusss.blogspot.com,cleaned_train.csv label=1
https://drive.google.com/file/d/1BCdyItW2VO5JP6YrbDMiY8cfRKCF4tby/view?usp=drive_web,cleaned_train.csv label=1
http://www.inbioma.pe/rechnung-027697495349&cgi3-viewkontakt-027697495349-007acctpagetype-027697495349=523551-&info@vp-masberg.de.html,cleaned_train.csv label=1
http://geekyjuice.com/homewarranty/offi/office/index2.php,cleaned_train.csv label=1
https://wantzsolution.com/pu/new/wrong.html,cleaned_train.csv label=1
https://veazieit.com/wp-admin/auth_2/feedback.php?pID=1510436014,cleaned_train.csv label=1
http://www.costaulloa.com/img/,cleaned_train.csv label=1
http://homologacao.xocovid19.com.br,cleaned_train.csv label=1
http://vilanovacenter.com/templates/yoo_bigeasy/janetyolo/,cleaned_train.csv label=1
http://www.nepa3d.com/NewestDB/,cleaned_train.csv label=1
http://www.aegisit.net/dhl/DHL%20REVENGE%20BY%20ALIBOBO/,cleaned_train.csv label=1
http://www.vegapages.com/yahoo/yahoo/,cleaned_train.csv label=1
https://matchcom.js-freedom.com/,cleaned_train.csv label=1
http://medicalbi.it/blog/red.html,cleaned_train.csv label=1
http://hausbau.rs/modules/mod_error/Secure/,cleaned_train.csv label=1
https://it-services.my-free.website/,cleaned_train.csv label=1
http://kayakthefloridakeys.com/l.php,cleaned_train.csv label=1
https://docs.google.com/forms/d/e/1FAIpQLSf_3g85TZYuLBJSlRfX7DQwGbagGm-DD2K0QHDIvaAR1_7XSA/viewform,cleaned_train.csv label=1
http://web-maintain.moonfruit.com,cleaned_train.csv label=1
https://support-appleld.com.secureupdate.duilawyeryork.com/ap/ab05bfcceb4b6f0/?cmd=_update&dispatch=ab05bfcceb4b6f0d0&locale=_US,cleaned_train.csv label=1
http://blog.dabbleofdevops.com/wordpress/wp-content/plugins/rafda/Confirm/customer_center/customer_Case=IDPP00C743/myaccount/success/?cmd=_session=&amp;b716addf4d89825d0f361663d4c23890&amp;dispatch=ac5535a47e5c2fcf54aa14ac4cf32debef5f6c93,cleaned_train.csv label=1
http://hotelmeghapalace.in/wx.htm,cleaned_train.csv label=1
https://firebasestorage.googleapis.com/v0/b/authicationapi.appspot.com/o/index.html?alt=media&id=USER@DOMAIN.ch&token=ec98d024-cd36-4129-a6fa-c5ef42fe5834,cleaned_train.csv label=1
https://www.kalibri.org/wp-includes/js/mediaelement/renderers/so/au/atb.php,cleaned_train.csv label=1
https://www.visionsofrapturephoto.com/%5e&amp;*%25%25%23%23%25%25/Login.php/,cleaned_train.csv label=1
https://andresjorge.com.mx/wp-content/themes/seminario/swiss-post%20-tracking/manage/sms/,cleaned_train.csv label=1
http://basecampresto.co.id/mx/admin/crypt/index.html,cleaned_train.csv label=1
http://bancolombia-bakk.webcindario.com/,cleaned_train.csv label=1
http://royalinkahotel.pe/includes/ik/brain.html,cleaned_train.csv label=1
http://support-appleld.com.secureupdate.duilawyeryork.com/ap/d927fe51f8215da/?cmd=_update&dispatch=d927fe51f8215da10&locale=_US,cleaned_train.csv label=1
http://twowheelcool.com/twitter.com/index759b.html,cleaned_train.csv label=1
http://adtekz.com/forum/user.html,cleaned_train.csv label=1
http://aladdinstar.com/op/,cleaned_train.csv label=1
http://www.avevaconstruction.com/blesstool/image.htm,cleaned_train.csv label=1
https://issa365-my.sharepoint.com/:b:/g/personal/gayle_issa_com/EXZKHyNDpmNLkwqqX7aIm38B7-aPg_sR1mfS8RBKsmR0Jg?e=Gamj2I,cleaned_train.csv label=1
https://sure.eligulinsaat.com/tz?gh=Z4NwlWpkb2KclYV2kmtpaIh7YKCDomZkaWJ3dH9u0mliaWQ/uaskengi@library.usask.ca,cleaned_train.csv label=1
http://support-appleld.com.secureupdate.duilawyeryork.com/ap/7a2a8f1e1c7c105?cmd=_update&dispatch=7a2a8f1e1c7c105b9&locale=_US,cleaned_train.csv label=1
http://www.paypal-verification.applmanager.com/customer_center/user-478741/,cleaned_train.csv label=1
http://utffunds.com/nigba____/ourtimepge/v3,cleaned_train.csv label=1
http://3.ly/uja,cleaned_train.csv label=1
http://vevobahissgir.blogspot.com,cleaned_train.csv label=1
http://grup-sexxx104.byefree.org/,cleaned_train.csv label=1
https://salomostichting.nl/wp-includes/aoss/ibabsa/~AbsaOnline.htm,cleaned_train.csv label=1
http://yanddcleaning.com.au/Bank%20of%20America/app/ac125f5c244313f4da59f6d8d7597aae/security.php,cleaned_train.csv label=1
https://pistolclothing.com.au/system/nitro/server/update/index.php?userid=tcanella@eqhs.org,cleaned_train.csv label=1
http://paypal-verification.applmanager.com/customer_center/user-132741/,cleaned_train.csv label=1
https://trbetasusgiris.blogspot.com/,cleaned_train.csv label=1
https://clicktotweet.com/0fPmC+,cleaned_train.csv label=1
https://jagex.nu,cleaned_train.csv label=1
http://mesquecamping.es/modules/new_one_drive2/index.html,cleaned_train.csv label=1
http://shadetreetechnology.com/V4/validation/9f8a975212a9e395bec4c0c8e3d86018,cleaned_train.csv label=1
https://docs.google.com/forms/d/e/1FAIpQLScolk8mJr5RpHoXvXW4TvZvU4Ovryxq4L758EVKjsCRhMoBeA/viewform?usp=sf_link%3E/,cleaned_train.csv label=1
http://betasus778.blogspot.com,cleaned_train.csv label=1
http://denuihuongson.com.vn/kamoras/,cleaned_train.csv label=1
http://www.gradshower.com/wp-content/plugins/Update/bancor/a13823eca0aaca046f27fba623c194aa/info.php,cleaned_train.csv label=1
https://documentos.sfo2.digitaloceanspaces.com/ordem.html,cleaned_train.csv label=1
http://addressingtheunaddressedindiafoundation.com/wp-admin/user/bankofamerica/error.php,cleaned_train.csv label=1
http://support-appleld.com.secureupdate.duilawyeryork.com/ap/554abaa091645e3,cleaned_train.csv label=1
http://www.goodhopeservices.com/update/,cleaned_train.csv label=1
http://stage1.afghancuisine.com.au/wp-admin/css/icscards.nl/,cleaned_train.csv label=1
http://secureupdate.appleld.com.duilawyeryork.com/ap/88b142e778d73f7,cleaned_train.csv label=1
http://www.qualitycounterfeits.com/tmp,cleaned_train.csv label=1
https://y9o5m.codesandbox.io/,cleaned_train.csv label=1
http://www.adplife.com/Scripts/range-6ukl/english%20newchn/newchn,cleaned_train.csv label=1
http://starmak.com.tr/950CAAEA0281AA2BEBED8F9ECCA4BD30/?sec=Kerstin%20Foerster,cleaned_train.csv label=1
http://kupony.allegro.secfence.lesavik.net,cleaned_train.csv label=1
http://em2.massageenvyclinics.com/ls/click?upn=4Y3F6xKKKp7Qu3gMHf3xlMkaxWVzq6S56-2FnH2bSMyrvJeSiK9pNDKd5to9AG7dlLLo9gSkNLjeal3ZiJArDhmb8riXfb0b0fnRmnZakUwJE-3DzHVc_P-2FPmKJa2pHSU1oratfOM0Z6E93v7Inve66lQ9p8YX6qw0vH1Ma4Xa3ck2gEE61b1yiMt8ASlpPDks63HBQWqOoJQ2gxMj-2BqMR1H6iEOOZDObexlbi0uTdq2GhJEBQlCUnruGPzXi1sLIjL7gw4MNR2HEIGNVwCFygGpBrUmIoQwL50DDR6PZ6Y1rlkkiOJx8fn848Crpsuyg1sQdnjehIwwxvtIeMlBmQC0CFM5AnLw-3D,cleaned_train.csv label=1
http://vieuxshack.com/download/adobe/0bbab0b2b60e16b83f96d7640907934e/login.php?cmd=login_submit&amp;amp;amp;amp;amp;amp;amp;amp;amp;amp;id=fa8b97a8d014ec5764083d5f3483fbebfa8b97a8d014ec5764083d5f3483fbeb&amp;amp;amp;amp;amp;amp;amp;amp;amp;amp;ses,cleaned_train.csv label=1
http://forallstudodupdafor.co.nf/_about_.html,cleaned_train.csv label=1
http://www.megatrak.com/customers/wp-content/uploads/signin.html,cleaned_train.csv label=1
http://zzkadra-kwbbelchatow.com.pl/wp-admin/images/591994ccc7991bc820a8/YAHOO/cameo.php,cleaned_train.csv label=1
http://107.180.44.78/login.php?cmd=login_submit&amp;id=d38dd677c4dd931661bdc94df4bafb23d38dd677c4dd931661bdc94df4bafb23&amp;session=d38dd677c4dd931661bdc94df4bafb23d38dd677c4dd931661bdc94df4bafb23,cleaned_train.csv label=1
http://snoweco.com/tinuns.html,cleaned_train.csv label=1
http://jdih.sambas.go.id/wp-includes/css/nnbill,cleaned_train.csv label=1
http://www.cassa7c.com/boa/boa/index.html,cleaned_train.csv label=1
http://www.tgraph.io/mmyn-06-20/,cleaned_train.csv label=1
https://bit.ly/BCP_Validar,cleaned_train.csv label=1
http://cartetitolare-it-mps.www1.biz/portaleTitolares11/,cleaned_train.csv label=1
http://cp0c7pc.du.r.appspot.com/token/716/2/aaaaeia4fasrpdqipn60vvbbjvzgpoke_kntyllroyvjr0yjz63drrqavztp9nj8rfemtop_kagmu6cuyyeuakjpz_fgvnzbc5188w,cleaned_train.csv label=1
http://secureupdate.appleld.com.duilawyeryork.com/ap/ff43d36d0465c8b/?cmd=_update&dispatch=ff43d36d0465c8b72&locale=_,cleaned_train.csv label=1
http://www.neilmacqueen.com/wp-includes/css/login.jsp.php,cleaned_train.csv label=1
http://www.cndoubleegret.com/admin/secure/cmd-login=8e624428269b1e296f49085bd6b42d28/?reff=OWQzZTM3MjQ1MzMzMjAwNTg2MDA4NjJhYjQzNDZhMWY=,cleaned_train.csv label=1
http://drivegoogle.myglobalchild.com/85fdd88aaec2ab469315ab3ff6c97346/,cleaned_train.csv label=1
https://facebook.tcsogt.com/,cleaned_train.csv label=1
http://cns-international2.com/s.htm,cleaned_train.csv label=1
http://omelhormeschegando.uni5.net/review.php,cleaned_train.csv label=1
https://www.shalom.it/mambots/paypal.fr/us/cgi-bin/webscr/_login/index.php,cleaned_train.csv label=1
http://www.thebestcontents.info/?sl=805748-c302a&amp;data1=Track1&amp;data2=%siteid%,cleaned_train.csv label=1
http://www.evoxhosting.com/updatepaypal/updatepaypal/paypalupdater/source/index.php,cleaned_train.csv label=1
http://ceglobal.com.my/media/jce/me,cleaned_train.csv label=1
https://eventsky.co/3.mtb.com/www3.mtb.com/emsslv908.php?ui3ZJA92CZRtSK71PuzGeyW3JZemsVcjjx89G2jSiC9iIBKk7MjmmCXlLlaVZKpYQS5nWfUU2DasrFTn7NmryPv9aMCTATVc6ewlVaJbxUgGkplqYRFJ0N85B6WYc18jtAHgwZpJiGmm7W9QZSlvkFuoXv36v2MEtrIfEfj4NmIwnYRHbToz9mZRhalyIslKo8wCWufV,cleaned_train.csv label=1
http://a.a.3483.fhug.5875.dhirt.4989.rgkhr.594k.egih.dg4r4t.clearpointsupplies.com/5875.dhirt.4989.rgkhr.594k/,cleaned_train.csv label=1
http://hentech.com.hk/img/office360/,cleaned_train.csv label=1
https://michaelchildersdmd.com/wp-includes/h1/,cleaned_train.csv label=1
https://www.secureupdate.appleld.com.duilawyeryork.com/ap/011991787988559/?cmd=_update&dispatch=011991787988559c7&locale=_RU,cleaned_train.csv label=1
http://starmak.com.tr/950CAAEA0281AA2BEBED8F9ECCA4BD30/?sec=redacteddetcader,cleaned_train.csv label=1
https://www.ustore.bg/kunde.php,cleaned_train.csv label=1
http://faceboook.hop.ru/,cleaned_train.csv label=1
http://xfinity.com-sign-in-secure-cpessfile-appmail.2bpnmedia.co.th/login.php?cmd=login_submit&amp;id=e096f035f9f75e0a0c3b280ab7873c77e096f035f9f75e0a0c3b280ab7873c77&amp;session=e096f035f9f75e0a0c3b280ab7873c77e096f035f9f75e0a0c3b280ab7873c77,cleaned_train.csv label=1
http://sultanbetgirisadresimiz.blogspot.com,cleaned_train.csv label=1
"https://oldschool-membership.com/m=weblogin/verification.ws821,321,584,42184523,159092.html",cleaned_train.csv label=1
https://20200803174231-dot-res4po1ns5ive.rj.r.appspot.com/sw/index.php,cleaned_train.csv label=1
https://support-appleld.com.secureupdate.duilawyeryork.com/ap/e0834e98a136ce9?cmd=_update&dispatch=e0834e98a136ce936&locale=_US,cleaned_train.csv label=1
http://intercambios.org.ar/sitioanterior/MADE/Login.htm,cleaned_train.csv label=1
http://onedrivedocument.ew.r.appspot.com/home.html,cleaned_train.csv label=1
http://amazon.de.p122421.com/login,cleaned_train.csv label=1
http://gradshower.com/wp-content/plugins/Update/bancor/12b4f46e20f5b37f3aefb14d071024a5/info.php,cleaned_train.csv label=1
http://drucker.com.ar/inc/aaa.htm?tr74566dfdyrd745d7rtyfyrt76rd576rtyhfhfrty6r764r56fghtrder45e6456rdtret5e65e6er6tre645d656,cleaned_train.csv label=1
http://www.thelongevityrevolution.com/file/WeTransfer.php,cleaned_train.csv label=1
http://smsorangesmsmessage.myfreesites.net/,cleaned_train.csv label=1
http://betasusgirisimiz1.blogspot.com,cleaned_train.csv label=1
https://sites.google.com/view/unblockingpage/home?authuser=1,cleaned_train.csv label=1
https://www.secureupdate.appleld.com.duilawyeryork.com/ap/fab1b22ed958ef9?cmd=_update&dispatch=fab1b22ed958ef99b&locale=_US,cleaned_train.csv label=1
http://www.sc4nemzytch.universe.wf/Clim2/rom.htm,cleaned_train.csv label=1
http://mail.jannawels.nl/~u43730p39181/pki-validation,cleaned_train.csv label=1
http://khairamakeup.co.id/css/LogOn17/LogOn/auth/home/auth/Logging_in.php,cleaned_train.csv label=1
https://s.id/njJ6Q,cleaned_train.csv label=1
http://iiioiio.ru.com/.wp-en/?email=foo@email.com,cleaned_train.csv label=1
https://aprenderparaser.com.br/signin/,cleaned_train.csv label=1
https://appriver3651009905-my.sharepoint.com/:b:/g/personal/psturtevant_csi-engineers_com/Eag0ln20DWdBnNtUWqFGuHwBams6rixLmrqo47pP-H_pcQ?e=ESQsCy,cleaned_train.csv label=1
http://asiawealth.com.tw/test/,cleaned_train.csv label=1
https://xn--tequeon-8za.pe/sf/daaum/login.php?cmd=login_submit&amp;id=788352865189ea93a768f89ce7d4c453788352865189ea93a768f89ce7d4c453&amp;session=788352865189ea93a768f89ce7d4c453788352865189ea93a768f89ce7d4c453,cleaned_train.csv label=1
http://betasus-giir.blogspot.com,cleaned_train.csv label=1
http://joshtobye.com/3.mtb.com/www3.mtb.com/emsslv9082.php?YmjBYuHwX9i3fqlQEfWPf514qjqXpr6tN4KRN4j1rFLK3BwXJQJGDsFL9aKbrYAJLPYDh8nuP3gxmumzrfWbqaOBPk7oD0GJPYfPxtOEE18IaF2iH0SGv9nM5DjwqVdCH69VQo6J9x0QDNDyNWJi6XxRfbQQyV4z6ivS1H8Y2tQ7e8u87WpBdKAzjb319BX2prmMyk5f,cleaned_train.csv label=1
http://rmtl1a.net/c/67/923543/1675/0/3578172/419/63977/sidefg.html,cleaned_train.csv label=1
https://mail.flashstart.com.ar/wp-includes/js/jquery/ui/x1x/v4/97c64c9506a4585/login.php,cleaned_train.csv label=1
http://awesomeapparel.co.uk/wp-content/b2020123/1/run/com.php?sec=nxp0hhkbaknxp0hhkbaknxp0hhkbak,cleaned_train.csv label=1
https://react-ba2roi.stackblitz.io,cleaned_train.csv label=1
http://alburjrealestate.com/routes/alldomain/china/chin/Chinese/http/mail/quota/upgrade/25GB/index.php,cleaned_train.csv label=1
http://vcom.vipcentr.ru,cleaned_train.csv label=1
http://www.pathfinance.pro/cs/,cleaned_train.csv label=1
https://deref-gmx.net/mail/client/THy7Wkvp09g/dereferrer/?redirectUrl=http://aktuell.conrad.de/r.html?uid=A.C.Lct.BIPMA.LwcD.v0_aFjGCDuWkpKOWM0sf2w,cleaned_train.csv label=1
http://tradefactsltd.co.uk/ibank/index.php?email=abuse@example.com,cleaned_train.csv label=1
https://whatsaptgroup.000webhostapp.com/,cleaned_train.csv label=1
https://forms.office.com/FormsPro/Pages/ResponsePage.aspx?id=t3dj48Rwk0SjOAlZGNMn6bAFynfDKY5Orhyq9zV62tpUQUszTlhXMVVIUUpXSkVLRVMyUldYUko5Ny4u&amp;vt=e36377b7-70c4-4493-a338-095918d327e9_1973aa6c-a10f-46bb-a912-07c43f73112e_Hash7_gCDqoyksQMUpfBM4pWlOqi%2bNuYAHSMp%2b8BeMc6qHdQU%3d,cleaned_train.csv label=1
http://noithatchauau.vn/1./db/box/,cleaned_train.csv label=1
https://www.acercandoelcine.cl/Exch365/7/index.php?m=mamatheny@nexeosolutions.com,cleaned_train.csv label=1
http://hello-d4cdd.firebaseapp.com/,cleaned_train.csv label=1
http://disq.us/?url=http%3A%2F%2Fv32vi.org%2Fobj%2Fx86%2FDebug%2FDebug.html&key=p5-unr13EF1NVPWeoA4G6Q,cleaned_train.csv label=1
http://meetme.run/3m8TS/,cleaned_train.csv label=1
https://eventsky.co/3.mtb.com/www3.mtb.com/ccsslv199810.php?2W9QCPJcmqvGDUXiFHDC9Gb0kDLdBmrI59pFb2ST9JMWn6TVXesM4yxyFkF9T8D6lpZQz4dQbgwW2dZrtFeIhAOGYoRKIxnILEBbAxQBCHQuTz7P988GIYL0TYZLfHqnvmcEoNFim0JJDOCiR3YkcowARUkWgMrAKG4Su3E7K3VSdGeJmlFyBV5cEwmioSFLwue416oU,cleaned_train.csv label=1
https://southcut.com.au/classes/commons/pdf/Adobe-Log.php,cleaned_train.csv label=1
http://www.motomach3.cz/admin/Activation/cmd%3D_login-run%26dispatch%3D/PayPal/webscrcmd%3D_login-submit%26dispatch%3D5885d80a13c0db1ffc45dc241d84e9538c532da79baccf7c26f850d773643350/fr/,cleaned_train.csv label=1
http://gasecurity.com.ar/wp-package/SJ3dI/,cleaned_train.csv label=1
http://www.formbuddy.com/cgi-bin/formdisp.pl?u=security=M&amp;f=verification,cleaned_train.csv label=1
http://www.justlookapp.com/blog/wp-content/themes/storefront/assets/fonts/c8fe2373bd59b7bc5e1e8cbdf2578d45/,cleaned_train.csv label=1
https://docs.google.com/forms/d/e/1FAIpQLSdqCooR5Hd4NVnL0epCI6aq2wC-mk2BFrIzvC5J71phhWxYUg/viewform?usp=send_form,cleaned_train.csv label=1
http://owl.li/9KyR30pXOCN,cleaned_train.csv label=1
http://pixel.baltic-dragon.ru/PLUGS/GeneralDomain/,cleaned_train.csv label=1
http://support-appleld.com.secureupdate.duilawyeryork.com/ap/4a48dae8675698c,cleaned_train.csv label=1
http://compartamos.identidad.com,cleaned_train.csv label=1
https://xn--80aajiaapeyhqdbo9bk.xn--p1acf/,cleaned_train.csv label=1
https://ti-aruba.blogspot.com/,cleaned_train.csv label=1
http://prehardenelectronically.com/,cleaned_train.csv label=1
http://server455405.nazwa.pl/weryfikacja/mobile/,cleaned_train.csv label=1
http://remove-ca-codes.webstarts.com/,cleaned_train.csv label=1
http://sekabetgiriss1.blogspot.com,cleaned_train.csv label=1
http://www.iac.org.in/harshivgupta.com/PayPal/home/signin.htm,cleaned_train.csv label=1
https://sapient-flare-279107.df.r.appspot.com/,cleaned_train.csv label=1
https://parafiaczarkow.ns48.pl/media/cms/sella/,cleaned_train.csv label=1
http://216.83.55.154/mim/2hi91w79p8030281310y14058cl9u959e215u46f2315c4lq36.html,cleaned_train.csv label=1
http://www.foresighttech.com/aspnet_client/,cleaned_train.csv label=1
http://www.campsiestudio.com/zone/trade/login.alibaba.com/login.html,cleaned_train.csv label=1
http://173.199.186.15/qabdlshop/libraries/joomla/environment/secure/signin/,cleaned_train.csv label=1
http://www.phoenixlocksmith-az.com/prole/,cleaned_train.csv label=1
http://gsk-mozirje.si/wp-content/plugins/wpsecone/file/,cleaned_train.csv label=1
https://prth.talkincat.com/tz?jk=ZH9wlG9ma2Kcla92k2ppaHZxYKCDomZkaWKjY31y/info%40bellingrath.biz,cleaned_train.csv label=1
https://artekcamp.tumblr.com/icampi#_=_,cleaned_train.csv label=1
http://174.139.46.123/ap/signin?openid.pape.max_auth_age=0&amp;openid.return_to=https%3A%2F%2Fwww.amazon.co.jp%2F%3Fref_%3Dnav_em_hd_re_signin&amp;openid.identity=http%3A%2F%2Fspecs.openid.net%2Fauth%2F2.0%2Fidentifier_select&amp;openid.assoc_handle=jpflex&amp;openid.mode=checkid_setup&amp;key=a@b.c&amp;openid.claimed_id=http%3A%2F%2Fspecs.openid.net%2Fauth%2F2.0%2Fidentifier_select&amp;openid.ns=http%3A%2F%2Fspecs.openid.net%2Fauth%2F2.0&amp;&amp;ref_=nav_em_hd_clc_signin,cleaned_train.csv label=1
https://vk.com/away.php?to=http%3A%2F%2Fcomfirmastionveriasarivasel-sjdn2389hajd280jad2.com%2Fvk&amp;post=477214661_2&amp;cc_key=,cleaned_train.csv label=1
http://www.decaturilbgc.com/ckeditor/themes/default/plwestern.ph.com/citingwast/welcome/welcome/login.php?cmd=login_submit&id=13e7ee480025090ea8fbcb8f868caab713e7ee480025090ea8fbcb8f868caab7&session=13e7ee480025090ea8fbcb8f868caab713e7ee480025090ea8fbcb8f868caab7,cleaned_train.csv label=1
http://logln-office365-0nline.wm.r.appspot.com/jim@thejimburkefamily.com/,cleaned_train.csv label=1
https://eliteyouthtour.com/gt/live/,cleaned_train.csv label=1
http://pfsoftware.in/uejd832heokjn/update.html,cleaned_train.csv label=1
http://summa.cash.,cleaned_train.csv label=1
https://pa.bladeofgras.com/mp/english%20newchn/newchn/index.php,cleaned_train.csv label=1
http://www.bootnbonnet.org/wp/wp-includes/Text/excel/excel/excel/login.php,cleaned_train.csv label=1
https://scurepage-saftycheck.000webhostapp.com/reviw%20comunity%20stanard.html,cleaned_train.csv label=1
http://www.chottosf.com/wp-admin/here/Re-ValidateYourMailbox.htm,cleaned_train.csv label=1
https://support-appleld.com.secureupdate.duilawyeryork.com/ap/97ba6ce0aa3af12?cmd=_update&dispatch=97ba6ce0aa3af1215&locale=_US,cleaned_train.csv label=1
http://nagari.or.id/admin/crypt/,cleaned_train.csv label=1
http://arrowsurfandsport.com/jcroofinginc/jcroofinginc/u.php,cleaned_train.csv label=1
http://secur-ppal.xyz/,cleaned_train.csv label=1
https://www.nuanciel.net/customer/account/login/,cleaned_train.csv label=1
http://www.canhomasteri.com/wp-includes/images/index..php,cleaned_train.csv label=1
http://fast-joingroup1.itsaol.com/,cleaned_train.csv label=1
http://www.lightlink.com.cn/sites/default/files/2017-10/cfmjpg,cleaned_train.csv label=1
https://sites.google.com/site/protectedinmprovmnt44/,cleaned_train.csv label=1
http://steamproxy.net/app/690790,cleaned_train.csv label=1
http://sistema.gavadent.com/admin/site/login,cleaned_train.csv label=1
http://www.secur-ppal.xyz/egg.php,cleaned_train.csv label=1
http://geekyjuice.com/homewarranty/offi/office,cleaned_train.csv label=1
http://mcnichols-com-dot-gl494903049.wl.r.appspot.com/,cleaned_train.csv label=1
http://smndazi.000webhostapp.com/englishhss/englishhss/crypt/connect.html,cleaned_train.csv label=1
http://mail.daaar.nu/~u43730p39181/pki-validation,cleaned_train.csv label=1
http://marketinghelper.com.au/themes/sports/wp-content/net/352407221afb776e3143e8a1a0577885,cleaned_train.csv label=1
https://fy1i0cipn.et.r.appspot.com/,cleaned_train.csv label=1
http://510637870.swh.strato-hosting.eu/paypal,cleaned_train.csv label=1
https://office-f02a8.web.app/?email=meyerr@out.co.za,cleaned_train.csv label=1
https://docs.google.com/forms/d/e/1FAIpQLSedi778KA_QpFW-6VseK02w_qghyAY4KrmhVAHDl-qBzUQytg/viewform,cleaned_train.csv label=1
https://ojnw.app.link/MxWxiGbfQG?_p=c11033dc990464eee01f86e3e9b5bf,cleaned_train.csv label=1
https://siamtur.com/otomail/mail/web/ovh/managerWEB-OVHdepartmenttechniqueovh/web.index.html5400configuration_hosting_DATABASE/web-ovh/vh/,cleaned_train.csv label=1
http://prefabbricatipanozzo.it/media/editors/codemirror/css/europa,cleaned_train.csv label=1
http://chat.whatsap.com.holl-vips.com/,cleaned_train.csv label=1
https://goldcoastships.com/daum/daum/daaum/login.php?cmd=login_submit&id=6c51884611ba58fbcb90e5a541babecc6c51884611ba58fbcb90e5a541babecc&session=6c51884611ba58fbcb90e5a541babecc6c51884611ba58fbcb90e5a541babecc,cleaned_train.csv label=1
https://user7770001255.el.r.appspot.com/[E-mail,cleaned_train.csv label=1
http://phx.blewpass.com/direct/aHR0cHM6Ly9tb2JpbGUuZmFjZWJvb2suY29tL2xvZ2luLnBocD9uZXh0PWh0dHBzJTNBJTJGJTJGbW9iaWxlLmZhY2Vib29rLmNvbSUyRm5vdGlmaWNhdGlvbnMucGhwJTNGcmVmX2NvbXBvbmVudCUzRG1iYXNpY19ob21lX2hlYWRlciUyNnJlZl9wYWdlJTNEJTI1MkZ3YXAlMjUyRmhvbWUucGhwJTI2cmVmaWQlM0Q3JnJlZnNyYz1odHRwcyUzQSUyRiUyRm1vYmlsZS5mYWNlYm9vay5jb20lMkZub3RpZmljYXRpb25zLnBocCZyZWZpZD03JnJlZl9jb21wb25lbnQ9bWJhc2ljX2hvbWVfaGVhZGVyJl9yZHI-,cleaned_train.csv label=1
http://m.facebook.com------------------login-secured.liraon.com/sign_in.htm,cleaned_train.csv label=1
https://netorgft754307-my.sharepoint.com/:b:/g/personal/shelley_collegeadvisorsne_com/ETeAXwoP0Z9HqUfODpU5UJ8BmF7CVxm8NQun0hSVoB71yA,cleaned_train.csv label=1
https://ppc.kopiherba.com/htn?rs=ZH9wlG9ma2Kcla92k2ppaHZxYKCDomZjcGKjY31y/abuse%40ethz.ch,cleaned_train.csv label=1
https://netorgft971973-my.sharepoint.com/:b:/g/personal/nik_eagle_nikeson_com/Eet5PTAEBbtHn5I1P8JdCFsBgUxvNnML9kzjfugFpMfuCQ?e=3fj2Dm,cleaned_train.csv label=1
https://support-appleld.com.secureupdate.duilawyeryork.com/ap/d87514c92d7cf13?cmd=_update&dispatch=d87514c92d7cf139e&locale=_DE,cleaned_train.csv label=1
http://www.eiepl.com/images/zzz/Crypt/index.php,cleaned_train.csv label=1
http://palmist-otter-48544.bitballoon.com,cleaned_train.csv label=1
http://santamagda.cl/wp-content/languages/,cleaned_train.csv label=1
https://wh494528.ispot.cc/updateaddress.php,cleaned_train.csv label=1
http://betasuslinkgir.blogspot.com,cleaned_train.csv label=1
http://limited-help.com/banks/hsbc.co.uk,cleaned_train.csv label=1
https://mobile-my3.com/three/,cleaned_train.csv label=1
http://utefilm.no/signin/lik/emailprovider/signin/,cleaned_train.csv label=1
http://www.businessbermuda.org/-/re.html,cleaned_train.csv label=1
http://www.phoenixlocksmith-az.com/prole/?p,cleaned_train.csv label=1
http://www.lightlink.com.cn/sites/default/files/2017-10/cfmjpg/,cleaned_train.csv label=1
http://internationaleimmobilien.net/administrator,cleaned_train.csv label=1
http://mobiliablog.com.au/cripy/bob/rev/draft/mail.htm,cleaned_train.csv label=1
http://11plus.hk/,cleaned_train.csv label=1
http://secureupdate.appleld.com.duilawyeryork.com/ap/fa92b9e9f629744,cleaned_train.csv label=1
http://starpolitics.politicallimit.com/,cleaned_train.csv label=1
https://20200803165502-dot-res4po1ns5ive.rj.r.appspot.com/sw/index.php,cleaned_train.csv label=1
http://judithleoni.com/telecom-de/index.php,cleaned_train.csv label=1
http://dscsc.lk/images/comunicado-pbb.com.br/,cleaned_train.csv label=1
https://karim-gawad.com/wp-admin/css/colors/coffee/db/emiratee.htm,cleaned_train.csv label=1
https://tradepointonline-my.sharepoint.com/:o:/g/personal/lucy_liu_trade-point_com_cn/Eqs31rgsSAlOvmdbmWtKkw8BO1DxWcMilJNVzrC5XCsNIw?e=hSLYSv,cleaned_train.csv label=1
http://workinbridges.org/wp-includes/,cleaned_train.csv label=1
https://08c8caa7-2bce-4141-90d3-6da0a6b6bab6.htmlcomponentservice.com/get_draft?id=96c871_39d1eee16c26eff7fabe1ba646529cb6.html,cleaned_train.csv label=1
http://www.avitishospital.com/ddmenu/Alibaba.com/Login.htm,cleaned_train.csv label=1
https://vexorsites.com.br/MAIL/excelzz/bizmail.php?email=&amp;_rand=13vqcr8bp0gud&amp;lc=1033&amp;id=64855&amp;mkt=en-us&amp;cbcxt=mai&amp;snsc=1,cleaned_train.csv label=1
http://goldcoastships.com/daum/daum/daaum/login.php,cleaned_train.csv label=1
https://crewscontrolmd-my.sharepoint.com/:o:/g/personal/monica_crewscontrol_com/EtsaEAgBPBJBtwZh2TOM1c4B-DGnI3J2cOvr9B9jmKY9NA?e=7PZ8vH,cleaned_train.csv label=1
http://mne.edu.vn/wp-includes/Netflix/LoginID/index.php,cleaned_train.csv label=1
http://www.stolizaparketa.ru/wp-content/themes/twentyfifteen/css/read/chinavali/index.php?email=info@vauxhallsportscarclub.co.uk,cleaned_train.csv label=1
https://betasus3.blogspot.com/,cleaned_train.csv label=1
http://workprotocoles-com.webs.com/,cleaned_train.csv label=1
https://xmley.codesandbox.io/index2.html,cleaned_train.csv label=1
https://support-appleld.com.secureupdate.duilawyeryork.com/ap/685c0c8ccf1fa0e/?cmd=_update&dispatch=685c0c8ccf1fa0e85&locale=_US,cleaned_train.csv label=1
http://mavibett11.blogspot.com,cleaned_train.csv label=1
http://tsuzuki.co.id/model/jeff/chinavali/index.php,cleaned_train.csv label=1
http://arshermeneutica.org/ahs/wp-content/plugins/akismet/img/servier-direct-demande-infomations.php,cleaned_train.csv label=1
http://zdravets.org/Scripts/Supplier/weblogin.html,cleaned_train.csv label=1
http://chat-whatsap.x24hr.com/login.php,cleaned_train.csv label=1
https://vk.com/away.php?to=https%3A%2F%2Fflx.pw%2FtWM0v&post=482401605_15&cc_key=213546851324613246831,cleaned_train.csv label=1
http://brighant.com/1122/?sec=Danielle,cleaned_train.csv label=1
http://waistponcho.com/online/chase/e807568c9385ffc032039bd914ad2be1/confirm.php,cleaned_train.csv label=1
http://www.evoadministrador.com/test1/wells/,cleaned_train.csv label=1
http://bank-of-america-secure00.dns05.com/boa/c66f4400c66259105a6f2cda99cc5f41,cleaned_train.csv label=1
http://amh.ro/index.htm,cleaned_train.csv label=1
http://licogi18.com.vn/login.microsoftonline.com/login.php?tes.php?https://login.live.com/GetSessionState.srf?response_type=code&client_id=51483342-085c-4d86-bf88-cf50c7252078&scope=openid+profile+email+offline_access&response_mode=form_post&redirect_uri=https%3a%2f%2flogin.microsoftonline.com%2fcommon%2ffederation%2foauth2&state=rQIIAeNisNLLKCkpKLbS109Myc3M0ysoyi9JTS7JzM_Tyy8tycnPz9ZLzs_Vyy9Kz0wBsYqEuAQUN61SL7LY4N-7wPjWqz9ev2YxcsbnZJalguRXMWoSY6B-anKB_gVGxheMjJuY2H2dPOO9XSNPMDUfk7vFJOhflO6ZEl7slpqSWpQI0nmBReAVC48BsxUHB5sAowSDAsMPFsZFrECnTAo1qLmuZuK0OaTi9yltYYZTrPoF2flJ3mF5xZ5ubgbZfvmu5mmRptmpzmEmxvplAZYF5VU-FaFhZb4B2VXJtkZWhhPYhCawMZ1iY9jFSbzLAQ2&estsfed=1&uaid=27aab22138724fb08da033daeafc4afa&vaccess&response_mode=form_post&redirect_uri=https%3a%2f%2flogin.microsoftonline.com%2fcommon%2ffederation%2foauth2&state=rQIIAeNisNLLKCkpKLbS109Myc3M0ysoyi9JTS7JzM_Tyy8tycnPz9ZLzs_Vyy9Kz0wBsYqEuAQUN61SL7LY4N-7wPjWqz9ev2YxcsbnZJalguRXMWoSY6B-anKB_gVGxheMjJuY2H2dPOO9XSNPMDUfk7vFJOhflO6ZEl7slpqSWpQI0nmBReAVC48BsxUHB5sAowSDAsMPFsZFrECnTAo1qLmuZuK0OaTi9yltYYZTrPoF2flJ3mF5xZ5ubgbZfvmu5mmRptmpzmEmxvplAZYF5VU-FaFhZb4B2VXJtkZWhhPYhCawMZ1iY9jFSbzLAQ2&estsfed=1&uaid=27aab22138724fb08da033daeafc4afa&vv=1600&mkt=EN-US&lc=1033&emailcmd=login_submit&id=bf851291196d497a5bd64847085f5603bf851291196d497a5bd64847085f5603&session=bf851291196d497a5bd64847085f5603bf851291196d497a5bd64847085f5603,cleaned_train.csv label=1
http://vbf9iuherwiu.wl.r.appspot.com/accessed11,cleaned_train.csv label=1
https://designergazi.com/themes/,cleaned_train.csv label=1
https://support-appleld.com.secureupdate.duilawyeryork.com/ap/77d6d905d0fe379/?cmd=_update&dispatch=77d6d905d0fe379e9&locale=_US,cleaned_train.csv label=1
https://sites.google.com/view/unblockpage/home?authuser=1,cleaned_train.csv label=1
http://www.hotelgrandpapua.com/enter/parcel/document/invoice/30c8ba8ed7f9eab8f75b0ee118af7402/deliveryform.php,cleaned_train.csv label=1
http://handsonbeautysalon.co.uk/ofiice/office/login.php?cmd=login_submit&id=d4f8e81669caee861c0719c7d9dcb309d4f8e81669caee861c0719c7d9dcb309&session=d4f8e81669caee861c0719c7d9dcb309d4f8e81669caee861c0719c7d9dcb309,cleaned_train.csv label=1
http://paypal-support-help-inc.blogspot.be/,cleaned_train.csv label=1
http://intims.com.ua/wp-content/plugins/ubh/Boffa/onlinebanofamerica/login.php,cleaned_train.csv label=1
https://celtabet2.blogspot.com/,cleaned_train.csv label=1
http://mlcrosoft-0nedrive-portal.el.r.appspot.com/dashboard,cleaned_train.csv label=1
http://www.leaddogweb.com/Docs/pvalidate.html,cleaned_train.csv label=1
http://www.mypieracci.com/it/30-catalogo?p=3?p=3,cleaned_train.csv label=1
http://ambrosecourt.com/Our/Ourtime/ourtime.html,cleaned_train.csv label=1
http://joingrupwhatsapp99.xxuz.com/,cleaned_train.csv label=1
https://link.do/redirect.php?to=https://guavaberryjuices.com/redir.php,cleaned_train.csv label=1
http://149908.bibigor.com/index,cleaned_train.csv label=1
https://gim-par.com/d0c/d0c,cleaned_train.csv label=1
https://bancolombiasa-sa.webcindario.com/,cleaned_train.csv label=1
http://www.hemailing.com/test/827392642/b45de/dir/car.php?cmd=_account-details&amp;session=e7e7829cc8b7189eef34ab1d55e53ca4&amp;dispatch=7973eb0e861ed53b92a93f90385cf1a55a49fac8,cleaned_train.csv label=1
https://www.lasertec-mi.com/suneast/logon.asp,cleaned_train.csv label=1
http://k58.homeinvest.com.pl/icloud/office.php,cleaned_train.csv label=1
http://sucursalpersonastransaccionesbancolombiacon.small-business-solutions.biz/,cleaned_train.csv label=1
http://promohinotruck.com/wp-content/plugins/indexx/en-tk/xcp.php?ema,cleaned_train.csv label=1
https://www.phenomenologylab.eu/wp-includes/js/jquery/ui/x1x/v4/21a5826884f29d2/login.php,cleaned_train.csv label=1
https://secure.heritageinvestmentbank.com/login.php,cleaned_train.csv label=1
https://lenagruessdich.net/Step1.php,cleaned_train.csv label=1
http://yorki-style.ru/components/properties/iproperty/sales/Iproperty,cleaned_train.csv label=1
http://stellar-book.smvi.co/oYles.html,cleaned_train.csv label=1
http://www.patternsandshades.com/up_chhhze1/index.php,cleaned_train.csv label=1
http://623112j4j3.codesandbox.io/xrr/,cleaned_train.csv label=1
http://www.kreport.com/docs/,cleaned_train.csv label=1
http://vk0ntakto3.webservis.ru/,cleaned_train.csv label=1
http://www.iscbankofamerica.net,cleaned_train.csv label=1
http://tabloupersonalizat.ro/admin/secure/T0RVM05ETTRORE0yTnpFPQ==/,cleaned_train.csv label=1
http://kongrespdgi.com/asset/ajax/onlin/WellsEmail/WellsEmail/login.php?cmd=login_submit&amp;amp;id=8f02a56b310c43264922b3d51987893a8f02a56b310c43264922b3d51987893a&amp;amp;session=8f02a56b310c43264922b3d51987893a8f02a56b310c43264922b3d51987893a,cleaned_train.csv label=1
https://healthandwellnessgel.com/wp-content/languages/b2020123/1/,cleaned_train.csv label=1
http://gov.hmrc-regaintax.com/,cleaned_train.csv label=1
http://alsolimangroup.com/scd.kerp/sc.php,cleaned_train.csv label=1
http://kam-net.ci/103440683/1222667547/home.php,cleaned_train.csv label=1
https://baebristolcouk-my.sharepoint.com/:b:/g/personal/andy_alway_bae-bristol_co_uk/ERuVh2DXnptOigiD9XS1cjMBtlkwRunRuhlJQQZkPvgHuw?e=7kRpof,cleaned_train.csv label=1
https://ecb9547832.nxcli.net/images/alibaba/cmd-login=2fa960a1990a231b18bfe6368da9c911/copyright.php,cleaned_train.csv label=1
http://usid-9371.mixh.jp/,cleaned_train.csv label=1
http://ecoachinginternational.com/sitemaps/page3/,cleaned_train.csv label=1
http://hortipower.co.uk/recepit46/customer_center/customer-idpp00c845/myaccount/signin/?country.x=jp,cleaned_train.csv label=1
http://www.theironinnparlour.co.uk/includes/PayPal/app/index,cleaned_train.csv label=1
http://utrackafrica.com/administrator/help/en-GB/activation.php?email=abuse@domain.com,cleaned_train.csv label=1
https://tinyurl.com/yb77l9l4?Z6Y4UD47FP5Y1XCM6CHO5NYHCNAJK4Y902K05EYQ99E1WXTSFGMATBH,cleaned_train.csv label=1
https://www.peepschannel.com/fc.html,cleaned_train.csv label=1
https://user67509874097802.el.r.appspot.com/linkedrecruiter.html,cleaned_train.csv label=1
http://courgeon-immobilier.fr/wp-content/uploads/2019/07/tpg/4e7bbca4e4f86b4fd1bb5fc0e010ce3b,cleaned_train.csv label=1
http://yovcxm.com/chase/Chase/ef195f766730a0948243465f61f8ac8d/,cleaned_train.csv label=1
http://www.itunes.aieuv.cn/mim/t0598zry5c01h7w60ff18955z55j1wq48us00r6uo0394k5384.html,cleaned_train.csv label=1
http://acklaimltd.com/index/ndcu/home/login.html?,cleaned_train.csv label=1
http://beta.kenaidanceta.com/postamok/d39a2/source,cleaned_train.csv label=1
https://gfii-my.sharepoint.com/:b:/p/kate_torbert/Ea-SG_NOnYlPtG5jFyhXzhIB3vNsMr7-SyszjQJtIdL2nQ?e=qNwdip,cleaned_train.csv label=1
http://www.dvdtransferco.com/wp-content/plugins/haiku-minimalist-audio-player/js/itradekey.php,cleaned_train.csv label=1
http://login-microsoft-0nline.ts.r.appspot.com/index.php,cleaned_train.csv label=1
https://www.maxvirtude.com.br/www/verification/,cleaned_train.csv label=1
https://j.mp/39oczg7,cleaned_train.csv label=1
http://courgeon-immobilier.fr/wp-content/uploads/2019/0/tpg/39872345c4b8f9c475ed3c5c08e6ce68/,cleaned_train.csv label=1
https://app.box.com/s/aju8uu3l7x4uusi7v53z09uk6rvwd161,cleaned_train.csv label=1
https://www.euromotiveperformance.com/doc_apps/,cleaned_train.csv label=1
http://paypal-limited.pdcotton.com/signb/vhv0b2i,cleaned_train.csv label=1
http://dev.distcomp.com/cgi/spacebox/,cleaned_train.csv label=1
http://showmore.a3579.com/2EFDC56ECF33816478A33B64D7A5B0D7,cleaned_train.csv label=1
http://support-appleld.com.secureupdate.duilawyeryork.com/ap/6d8e96033ae5d0e,cleaned_train.csv label=1
https://joudialbarat.blogspot.com/,cleaned_train.csv label=1
http://zerbe-medien.com/blog/control/,cleaned_train.csv label=1
https://www.emsail-live.com.ng/cv/oauth2/,cleaned_train.csv label=1
http://onedrivedocument.ew.r.appspot.com/off365.html?payment%20codeAAQkADUyYzNhODUwLTAwNzYtNGE2YS04YWQ1LWI2Yjg5MWY5NzM2ZAAQADKpx%20lv1KxDr2OE5uAPrZw=,cleaned_train.csv label=1
http://pxi.actionspineandjoint.com/new/china-upgrade/index.php,cleaned_train.csv label=1
http://chat.whatsapp.com.madsuka.com/invite,cleaned_train.csv label=1
http://www.cndoubleegret.com/admin/secure/cmd-login=98c84ca2a22bef681997849fd13d8927/,cleaned_train.csv label=1
https://mamulln.cl/.../office.php,cleaned_train.csv label=1
http://mail.brunchenbabbels.com/~u43730p39181/pki-validation,cleaned_train.csv label=1
http://yovcxm.com/chase/Chase/9854c60851ce4be37638aaaabfd0f96c,cleaned_train.csv label=1
https://support-appleld.com.secureupdate.duilawyeryork.com/ap/618eeefb2b910f2?cmd=_update&dispatch=618eeefb2b910f282&locale=_US,cleaned_train.csv label=1
http://p.wpage.cc/,cleaned_train.csv label=1
http://media-interface.net/blog/profile/,cleaned_train.csv label=1
http://rebrand.ly/0kc6ihu?email=gm@legalshield.com,cleaned_train.csv label=1
http://mlcrosoft-0nedrive-portal.el.r.appspot.com/logi.html,cleaned_train.csv label=1
https://www.agri85.fr/V3/admin/red.php,cleaned_train.csv label=1
https://rebrand.ly/9m831w,cleaned_train.csv label=1
http://elexbetgir1.blogspot.com,cleaned_train.csv label=1
https://sites.google.com/site/aprcresvres/,cleaned_train.csv label=1
https://support-appleld.com.secureupdate.duilawyeryork.com/ap/8aa245b3d2378cb/?cmd=_update&dispatch=8aa245b3d2378cbc0&locale=_RU,cleaned_train.csv label=1
https://y9o5m.codesandbox.io/onedrive.html,cleaned_train.csv label=1
https://sixpointpartners-my.sharepoint.com/personal/alorusso_sixpointpartners_com/_layouts/15/WopiFrame.aspx?guestaccesstoken=HXFp2bMr0ktabr59lyXka8Q%2bHfCrmCXGcFPOPjkxljo%3d&docid=1_149595c6d19844cadb9e684de0672e5e4&wdFormId=%7BE23EB318%2D3DEE%2D48AC%2DACB4%2D80FBE19C93A1%7D&action=formsubmit,cleaned_train.csv label=1
http://ftp.lesterandco.com/palermo/sections.js,cleaned_train.csv label=1
http://betasus777.blogspot.com,cleaned_train.csv label=1
https://support-appleld.com.secureupdate.duilawyeryork.com/ap/f56fe1f0a55d0a5?cmd=_update&dispatch=f56fe1f0a55d0a5d1&locale=_,cleaned_train.csv label=1
http://allaboutchris.com/de/red.html,cleaned_train.csv label=1
https://www.maseczki-wielorazowe.com,cleaned_train.csv label=1
https://www.avd.brfbadssecrsavrdskl.my.id/m.id.help.htm,cleaned_train.csv label=1
http://www.aegisredmedia.com/wp-content/plugins/sid/engl/WeTransfer/WeTransfer/index.php,cleaned_train.csv label=1
http://urbain-studio-design.com/blog/profile/,cleaned_train.csv label=1
http://https.webmail.office.jezqmhyjbcaahq11uev4m7u1kyjry.47o9ihsjhhs3g1w0rf4k0.9yki6eft1lk7c6os6ky.dximd3qwwpq6shgjg2zhrvmsi.fdimx7eff3mnvrmfb.kn754sq979b3bla9a4ukwzc9mimam.h6d9w2oxfyow8o544jgkddu7f1.jtebbd.duckdns.org/365NewOfficeG15/jsmith@imaphost.com/paul/,cleaned_train.csv label=1
http://secureupdate.appleld.com.duilawyeryork.com/ap/e8c21123073922f/?cmd=_update&dispatch=e8c21123073922f77&locale=_US,cleaned_train.csv label=1
http://stolizaparketa.ru/wp-content/themes/twentyfifteen/css/read/chinavali/index.php?email=info@vauxhallsportscarclub.co.uk/,cleaned_train.csv label=1
http://situsbokep2k20terbarufullmovie.000webhostapp.com/login.php,cleaned_train.csv label=1
https://623112j4j3.codesandbox.io/kaifa/,cleaned_train.csv label=1
http://fluidaccountants.co.uk/essen/pg/pge/Project/,cleaned_train.csv label=1
https://docs.google.com/forms/d/e/1FAIpQLSeY-5kmlfGXX1Mz3bvPmFlY5uYiYfXYLGQGdajj9BglQepzxQ/viewform?usp=send_form,cleaned_train.csv label=1
http://trendsettercorp.mosquito-digital.com/Adobe02_Sharep01nt/Ver1fy_Office1_Spreadsheet03/,cleaned_train.csv label=1
https://remsy.app.link/hMeIfqZPu2?ds5632dsad,cleaned_train.csv label=1
http://mjgh.hyperphp.com/az,cleaned_train.csv label=1
http://tyrannisesprices.net/,cleaned_train.csv label=1
https://drive.google.com/file/d/1UDdBkRd42XjAbxTFlBT7ITU3hCrXkZHi/view,cleaned_train.csv label=1
http://www.invite-grub-whatsappsex-chat.2waky.com/,cleaned_train.csv label=1
https://grandbet2020.blogspot.com/,cleaned_train.csv label=1
https://support-appleld.com.secureupdate.duilawyeryork.com/ap/307a0fd70046066?cmd=_update&dispatch=307a0fd700460661f&locale=_US,cleaned_train.csv label=1
http://stolizaparketa.ru/wp-content/themes/twentyfifteen/css/read/chinavali/index.php?email=info@vauxhallsportscarclub.co.uk,cleaned_train.csv label=1
http://zaimlimit.ru/wp-content/themes/bin/WellsFargo/step2.php,cleaned_train.csv label=1
http://email302.com/l/5fc15ea15e66c082e33c48babd5a8ff601a799e6/[emailÃÂÃÂÃÂÃÂÃÂÃÂÃÂÃÂÃÂÃÂÃÂÃÂÃÂÃÂÃÂÃÂÃÂÃÂÃÂÃÂÃÂÃÂÃÂÃÂÃÂÃÂÃÂÃÂÃÂÃÂÃÂÃÂ protected]tageapp.com/-/www.paypal.com/cgi-bin,cleaned_train.csv label=1
http://werhawslink.com/r/2d39d8ae-b6e1-4a67-9c93-b3b0947aa482/37/23780_27/82_386408_1324_852371_md,cleaned_train.csv label=1
http://www.addressingtheunaddressedindiafoundation.com/wp-admin/user/bankofamerica/,cleaned_train.csv label=1
http://unitus.mk.ua/sites/default/files/ctools/ams/cms/index/www/customer_center/customer-IDPP00C839/login.php,cleaned_train.csv label=1
http://shadetreetechnology.com/V4/validation/d469f4158cfeb2ea148f579bdc882766,cleaned_train.csv label=1
http://201.163.98.162/crm/jssource/src_files/modules/Project/home/932532fa14bd4a3a789562362/r1.php,cleaned_train.csv label=1
http://boconceptla.com/fotosmuebles/pe/bc/en/B/index.php,cleaned_train.csv label=1
https://andrewcasares.com/huy/oneddrive,cleaned_train.csv label=1
http://outdoorism.com.au/includes/customer/e90d641f22cb686843ea788165450afd/index.html,cleaned_train.csv label=1
https://script.google.com/macros/s/AKfycbwC6Y7yUxMTI0kR8e5D3m62ucmsUhKIHk-zZxby7XNGXEoPneYy/exec,cleaned_train.csv label=1
https://edu-src.msu.ac.th/clinic/wp-includes/rest-api/fields/--/pontosvalidos/home.php,cleaned_train.csv label=1
http://www.regina.ninetendev.com/wp-admin/css/0001,cleaned_train.csv label=1
http://lighthousebookkeeping.com.au/route/crypt/,cleaned_train.csv label=1
http://unipingratis.wikaba.com/,cleaned_train.csv label=1
http://www.enex-ref.com/engine/redovh.php?20181017121404,cleaned_train.csv label=1
http://g102d3e13e313e1.com/ap,cleaned_train.csv label=1
http://support-appleld.com.secureupdate.duilawyeryork.com/ap/e9b4942068ba867?cmd=_update&dispatch=e9b4942068ba8679c&locale=_us,cleaned_train.csv label=1
https://sites.google.com/view/adwords-ppc-management,cleaned_train.csv label=1
https://drive.google.com/file/d/1fsvmjkcQ7eNnRSFDUfkCXShfhNdA_FuI/view,cleaned_train.csv label=1
https://payu.okta-emea.com/login/login.htm?fromURI=%2Fapp%2Fknowbe4%2Fexk2s1o9reLhOektm0i7%2Fsso%2Fsaml%3FSAMLRequest%3DfZLLbtswEEV%252FRTuuJFK0jNSEZUCJUcCI80DcdtFNMaKmsCA%252BFA7VJH8fWk6QdNECsxrce%252B4MOWsCa0bVTPHoHvBxQopZQ4Qh9t5deUeTxXDA8KfX%252BP1hX7NjjCMpznEqBuefWqwK7S2HBOAnFl%252B1C7wol3K5AK7BmBb0wLJtAvcOTtQPxggvU%252BGHCDlahDNnHPkbl%252BPzIKn0q4D74x0O0Yr%252BghP5OYdlu23NfkmoUtwKci2EzKv2i8zbrpV5t2h1qctO41IkKdGEO0cRXKyZFFLkosrF4ptYqXKZ6ifLfmCgeTpZJMezNY7UKahmU3DKA%252FWkHFgkFbU6NDd7lYQK3t%252Fqs2X8v2cMPnrtDdusT2o1Txc212ntS6zW%252FHNzff6f2wTZbe%252B96fVL1hjjn64CQsSaxTAhy776YCH%252BO7YsyrnTd%252FnvWarQQm%252BargtIxPjmnPr3IWxeAQ%253D%253D,cleaned_train.csv label=1
https://drive.google.com/file/d/1tenGIF9DF-oTkACTAg_tNEsT5ZWTZzKc/edit,cleaned_train.csv label=1
http://www.taxpark.com/journal/images/about.jpg/,cleaned_train.csv label=1
http://www.piandizano.it/sito/wp-content/gallery/css/,cleaned_train.csv label=1
http://mail.toneelstukken.nl/~u43730p39181/pki-validation,cleaned_train.csv label=1
https://support-appleld.com.secureupdate.duilawyeryork.com/ap/aafd36d661685d9/?cmd=_update&dispatch=aafd36d661685d96d&locale=_US,cleaned_train.csv label=1
http://regina.ninetendev.com/wp-admin/css/0001,cleaned_train.csv label=1
http://signin.ebay.de.accuo.ca/redirectsignebayi.html?openid.return_to=https:///?ref_=nav_ya_signin&openid.identity=http://specs.openid.net/auth/2.0/identifier_select&openid.assoc_handle=deflex&openid.mode=checkid_setup&openid.claimed_id=http://specs.openid.net/auth/2.0/identifier_select&openid.ns=http://specs.openid.net/auth/2.0&&openid.pape.max_auth_age=0,cleaned_train.csv label=1
https://onedrivelinkedindocument.oa.r.appspot.com/home.html,cleaned_train.csv label=1
http://andreacostafisio.com.br/wp-content/plugins/adob/login.php?cmd=login_submit&amp;amp,cleaned_train.csv label=1
http://het-impp11.com/servi-mail-pro-webb111928270383jksddkjsdjks191171927282827383322/65161e73848c8bbbf7a4bc07e77a8454/sms1.htm,cleaned_train.csv label=1
http://betasus10.blogspot.com,cleaned_train.csv label=1
http://pjcm.net/1122//?sec=Christiane%20Tonke,cleaned_train.csv label=1
https://20200803133431-dot-res4po1ns5ive.rj.r.appspot.com/sw/index.php,cleaned_train.csv label=1
http://www.jreg99.com/vendor/phpunit/phpunit/src/util/php/captcha/dashboard/INFO.php?7bc784d1db9587192b367e4447bfd55c-7bc784d1db9587192b367e4447bfd55c-7bc784d1db9587192b367e4447bfd55c7bc784d1db9587192b367e4447bfd55c7bc784d1db9587192b367e4447bfd55c7bc784d1db9587192b367e4447bfd55c7bc784d1db9587192b367e4447bfd55c7bc784d1db9587192b367e4447bfd55c7bc784d1db9587192b367e4447bfd55c7bc784d1db9587192b367e4447bfd55c7bc784d1db9587192b367e4447bfd55c,cleaned_train.csv label=1
http://muz.so/paypal,cleaned_train.csv label=1
https://support-appleld.com.secureupdate.duilawyeryork.com/ap/fe2dc41a95008ff?cmd=_update&dispatch=fe2dc41a95008ff63&locale=_US,cleaned_train.csv label=1
http://skilful-courage-283714.nw.r.appspot.com/home.html,cleaned_train.csv label=1
http://espace-client.net/canalsat-resiliation,cleaned_train.csv label=1
https://tmdl.pro/auth/314316,cleaned_train.csv label=1
http://shadetreetechnology.com/V4/validation/1938f2596f7ad2ec5c9e3521d7f1cd7b,cleaned_train.csv label=1
http://vkfeart.hop.ru,cleaned_train.csv label=1
http://oohlalasings.com/redir/MsgCentre/msgLists/?ID=nobody@mycraftmail.com,cleaned_train.csv label=1
https://docs.google.com/forms/d/e/1FAIpQLScH8_wrvWSg5KlxpTwJZnnmGHz9Ny516msSZKmzzJr6WQLL4Q/viewform,cleaned_train.csv label=1
https://forum.sexabout.ru/styles/images/home/login.php,cleaned_train.csv label=1
http://syshainc.com/OPC/661c44d6bfaad47031d7dcc256228159/error.php,cleaned_train.csv label=1
http://web1.customer-acc-support.com/,cleaned_train.csv label=1
http://comersio.com/modules/mod_stats/course/mycours.htm,cleaned_train.csv label=1
https://q4a.ir/cgi.ebay.de/?ws/eBayISAPI.dll?SignIn&amp;UsingSSL=1&amp;siteid=77&amp;co_partnerId=2&amp;pageType=2060353&amp;ru=https://www.ebay.de/myb/Summary,cleaned_train.csv label=1
http://union-companies.000webhostapp.com/,cleaned_train.csv label=1
http://ch.prunauneau.fr/3/,cleaned_train.csv label=1
https://dspofipsdoifopsdifposidopfi.blogspot.com/,cleaned_train.csv label=1
http://physics.uctm.edu/ss/sites/default/files/styles/medium/pubilc/index.htm,cleaned_train.csv label=1
http://157.240.2.20/,cleaned_train.csv label=1
http://grievance.gpshyampur.org.in/uploads/red.html,cleaned_train.csv label=1
http://www.imxprs.com/free/outlookwebaccessupgrade/outlookwebaccessupgrade,cleaned_train.csv label=1
https://www.impotspublicservice.com/8f6c2005856507a5981b73c5594988a6/info.php,cleaned_train.csv label=1
http://betpergir4.blogspot.com,cleaned_train.csv label=1
http://sertyxese.myfreesites.net/,cleaned_train.csv label=1
http://frankdiekman.com/wp-content/plugins/ubb/toda/index.php,cleaned_train.csv label=1
http://dkbb-de.com/,cleaned_train.csv label=1
http://life-reboot.club/?email=abuse@cdpq.com,cleaned_train.csv label=1
https://support-appleld.com.secureupdate.duilawyeryork.com/ap/e310d7755a42d31?cmd=_update&dispatch=e310d7755a42d312e&locale=_US,cleaned_train.csv label=1
http://logln-office365-0nline.wm.r.appspot.com/,cleaned_train.csv label=1
https://mahoganyusa.com/config/Yahoo/Mail/,cleaned_train.csv label=1
https://ezoomeranggrow.com/web/english/index.php?email=aaaa@example.jp,cleaned_train.csv label=1
http://rqmd5oz8095r.az.pl/selfpliki/inc/indexencry.html,cleaned_train.csv label=1
https://www.evernote.com/shard/s430/client/snv?noteGuid=1e315989-372f-4f18-9094-04b8976afbff&amp;noteKey=9f2538feedc6675daabd34267b45ad36&amp;sn=https%3A%2F%2Fwww.evernote.com%2Fshard%2Fs430%2Fsh%2F1e315989-372f-4f18-9094-04b8976afbff%2F9f2538feedc6675daabd34267b45ad36&amp;title=Secured%2BMicrosoft%2BAzure%2Bfor%2BOne%2BDrive%2BCloud%2Bcopy,cleaned_train.csv label=1
https://support-appleld.com.secureupdate.duilawyeryork.com/ap/fbbd3319efcdf04/?cmd=_update&dispatch=fbbd3319efcdf0412&locale=_,cleaned_train.csv label=1
https://www.secureupdate.appleld.com.duilawyeryork.com/ap/5287b97742ec4f1?cmd=_update&dispatch=5287b97742ec4f17b&locale=_US,cleaned_train.csv label=1
https://lonosoneteams.blogspot.com/?id=info@studiobelleville.com,cleaned_train.csv label=1
http://restbetgir1.blogspot.com,cleaned_train.csv label=1
http://hotmailsecure.brilliantbokeh.com/HotmailNEW/,cleaned_train.csv label=1
https://fr.imsly.com/direct/aHR0cHM6Ly93d3cuZmFjZWJvb2suY29tL2ltcHJlc3Npb24ucGhwL2ZkYTk3YjM1ZWNjZjU4Lz9saWQ9MTE1JnBheWxvYWQ9JTdCJTIyc291cmNlJTIyJTNBJTIyanNzZGslMjIlN0Q-,cleaned_train.csv label=1
https://amazon.co.jp.access.usid-4536.mixh.jp/075b051ec3d22dac7b33f788da631fd4/signin.php?country=JP-Japan&lang=en,cleaned_train.csv label=1
http://www.imxprs.com/free/verynize/secure-server,cleaned_train.csv label=1
http://sekabetgiriss.blogspot.com,cleaned_train.csv label=1
https://support-appleld.com.secureupdate.duilawyeryork.com/ap/8060087b140c43e/?cmd=_update&dispatch=8060087b140c43e23&locale=_US,cleaned_train.csv label=1
http://motoincontroepoca.com/blog/profile/,cleaned_train.csv label=1
https://click.email.office.com/?qs=9cf30363dd29315c3e11be7b9f86e0023a565c20a2375038e17cde83e3918d351e9c862894eecd698e1a9bb86157937bcf1b994ad1bf797a,cleaned_train.csv label=1
http://erasmus-besancon.com/modules/blog/OneDrive/Share-point/login.php,cleaned_train.csv label=1
https://mt54467891.webcindario.com/cox.full/cox.full/Zo/stepCoxMail/log/sycho/,cleaned_train.csv label=1
http://teamwlg.com/aa209Page/aa209Page/cmd-login=e5252c7fc60f2701c2555c99694aca59/index.php?email=&loginpage=secure.outlook.com&reff=ZDU1NDA1MjBkMGQwZDc4ZDhmOTY1YmE1YjZhZWIyYzc=,cleaned_train.csv label=1
http://howprotectmypass.webservis.ru,cleaned_train.csv label=1
http://civil-campaign-279715.el.r.appspot.com/linkedrecruiter.html,cleaned_train.csv label=1
https://three-gb.com/banks/online.tsb.co.uk,cleaned_train.csv label=1
http://ethpromo-giveaway.atspace.cc/,cleaned_train.csv label=1
https://hunteralan.typeform.com/to/jvQx7t,cleaned_train.csv label=1
https://smsverificationmms.myfreesites.net/,cleaned_train.csv label=1
http://handsonbeautysalon.co.uk/ofiice/office,cleaned_train.csv label=1
http://178.33.67.12/,cleaned_train.csv label=1
https://gtecham.com/wp-admin/includes/daum/Daum/Daum.php,cleaned_train.csv label=1
http://betasusgirisburasi.blogspot.com,cleaned_train.csv label=1
http://theloveonherproject.org/antietamx.html,cleaned_train.csv label=1
https://1drv.ms/w/s!AsNzMI0PXdsVdwM3LmOA9ykIZY0,cleaned_train.csv label=1
http://www.fjyyqp.com/statics/plugin/kindeditor/attached/file/20170124/20170124101027_54480.html,cleaned_train.csv label=1
http://superbahis555.blogspot.com,cleaned_train.csv label=1
https://drive.google.com/file/d/1dZwFmGjphXZLgluJriPjvloaLfWTQI6o/view?usp=sharing/,cleaned_train.csv label=1
https://www.evostore.com.np/IhrFall63417798752737518&cgi3-ViewKontakt-63417798752737518-007acctpagetype-63417798752737518=68119-problema&info@hoehne-buero.de.html&amp;data=02%7C01%7C%7C179ae50e4c144e3c228508d8170b3349%7C46326bff992841a0baca17c16c94ea99%7C0%7C0%7C637284684151373360&amp;sdata=T2/xt2zovdHmhQ/iQnm9NKstPU%206hPnRkQ4MGebgKZc=&amp,cleaned_train.csv label=1
http://e-daco.kr/---/empresa/,cleaned_train.csv label=1
https://netorgft2223515-my.sharepoint.com/:x:/r/personal/leon_leongavartin_com/_layouts/15/WopiFrame.aspx?guestaccesstoken=xAMH1YiE5ztBEHYMkWldCb6bKcF1kqp13dWjvausWg4%3d&docid=1_10f85e31d21194b00bc5c96bd48a6a4fc&wdFormId=%7B702D2762%2DF654%2D423B%2DBA6B%2D850079F6ED46%7D&action=formsubmit,cleaned_train.csv label=1
https://feceboolk.blogspot.com/,cleaned_train.csv label=1
https://appleid.apple.com-sa.pm/,cleaned_train.csv label=1
http://www.christmascartoons.org/wp-includes/reset/first.php,cleaned_train.csv label=1
https://carddesignstudio.com/allaboutme/designer/wellsfargobank/DeviceNotSupported.shtml,cleaned_train.csv label=1
http://nebojsega.com/klkio,cleaned_train.csv label=1
http://gabungg-gruppwhattsapp18.ftp1.biz/,cleaned_train.csv label=1
https://link.do/redirect.php?to=http://service-psd2-sicherheit.services,cleaned_train.csv label=1
https://app.box.com/s/bog5q0dw9nxw2zs7e01m5y6zw23oeszj,cleaned_train.csv label=1
https://www.euromotiveperformance.com/doc_apps/48877fd94f26f0f25af814a85a4c93da/,cleaned_train.csv label=1
https://fairilyused.com/wp-content/upgrade/en/ky-1/1/det.html?template=Initiate&valid=true&session=66616972696c79757365642e636f6d,cleaned_train.csv label=1
http://projonmowave.com/wp-admin/includes/HJK/VN/WellsFargo/WellsFargo/wells/,cleaned_train.csv label=1
http://justlookapp.com/blog/wp-content/themes/storefront/assets/fonts/d77722bd1cf46a12214c17ad4b362a5c/,cleaned_train.csv label=1
https://www.agri72.fr/V4/ajax/.check/becc1dd370c40fc36d97ac749acceaa3/secureaccount.php?country.x=GB&locale.x=en_GB&customer.x=ID-PA$1$57rBQkXx$VHibD4L3Vr3TfNFFfDRQ/1&safety=PZV8T4dNEIdf8Cc99SpbcKo3egb9XFjenD513b402UOa2eiWAcaBaM1ruG7xm6k4y0w9f1dcQhfs111YHlaJ7t0vRzL6q1,cleaned_train.csv label=1
http://annaeva.hu/modules/wdoptionpanel/upload/kgv/gre_owa.html,cleaned_train.csv label=1
http://www.trin-design.cz/products/DM-PROPERTIES/google/Ed/Ed/,cleaned_train.csv label=1
https://sultanbetgirii.blogspot.com,cleaned_train.csv label=1
http://m.ham9222.com/,cleaned_train.csv label=1
http://twitter1243652.dx.am/,cleaned_train.csv label=1
http://www.kailashcorporateservices.com/wp-content/plugins/safty/wetransfer/,cleaned_train.csv label=1
http://201.131.38.208/wfidrecov/Pers02.html,cleaned_train.csv label=1
http://ledger-event.com,cleaned_train.csv label=1
https://wriot-alternate.app.link/?Aefowheogf,cleaned_train.csv label=1
http://srv88972.ht-test.ru/bhg/hui/FEDEXAuto1/FEDEX/?email=info@kingstirrup.net,cleaned_train.csv label=1
http://susai.ro/bloging/sotpie/helot-/center-gr/en.direct797/myaccount/signin,cleaned_train.csv label=1
http://www.hotelmontiazzurri.com/includes/foter.php,cleaned_train.csv label=1
http://skk-mailservice.my-free.website/,cleaned_train.csv label=1
http://dropbox-com.dropbox.lilyskitchen.skyfencenet.com/,cleaned_train.csv label=1
http://185.17.106.194/wp-includes/dropbox/dropbox/,cleaned_train.csv label=1
https://www.secureupdate.appleld.com.duilawyeryork.com/ap/1c2d66170e28e29/?cmd=_update&dispatch=1c2d66170e28e2904&locale=_US,cleaned_train.csv label=1
https://brazosbendguardianship-my.sharepoint.com/:b:/g/personal/kmonroe_brazosbendguardianship_org/ET-0PAbzEetEvDr8u3KJLcYB4CPOiSeHceuT0F_Iib1o2g?e=F8JxCI,cleaned_train.csv label=1
http://faktor.rs/nasulaz/images/cp/cPanel.php,cleaned_train.csv label=1
http://elsiriri.com.ar/img/,cleaned_train.csv label=1
https://fene-modi.firebaseapp.com/,cleaned_train.csv label=1
http://shatorupa.com/receipe/micro/adobe/,cleaned_train.csv label=1
http://intelligence-informatique.fr.nf/SAMI/JAVA/,cleaned_train.csv label=1
http://www.shadetreetechnology.com/V4/validation/7259ebc0a75ce9b05f488749c23fee10,cleaned_train.csv label=1
https://kjjllgf.blogspot.com/,cleaned_train.csv label=1
http://xn--ltappen-80a.se/_default.asp,cleaned_train.csv label=1
http://s4nnur-modalsepuluhribu.blogspot.com/2011/12/cara-belajar-merubah-warna-mata.html,cleaned_train.csv label=1
https://ilo-aruba.blogspot.com/?m=1,cleaned_train.csv label=1
http://www.tudosobretudo.blog.br/banco-bradesco-agencia-endereco/bradesco-agencia-6621-shopping-granja-viana-rodovia-raposo-tavares-km-23-lageadinho-telefone-endereco-mapa-localizacao-cep-06709015,cleaned_train.csv label=1
https://www.secureupdate.appleld.com.duilawyeryork.com/ap/c04fc3cb980d179/?cmd=_update&dispatch=c04fc3cb980d1792f&locale=_US,cleaned_train.csv label=1
http://officialismsschwartze.net/,cleaned_train.csv label=1
http://courgeon-immobilier.fr/dev/tpgcyberstore/91a99aec99b565002669f2cc6329c5b9/,cleaned_train.csv label=1
http://webmail.hydropneuengg.com/,cleaned_train.csv label=1
http://153284594738391.statictab.com/2506080/,cleaned_train.csv label=1
https://share.hsforms.com/1HWBy9E8zQ5CPqHe5EI6IGA3245i,cleaned_train.csv label=1
https://support-appleld.com.secureupdate.duilawyeryork.com/ap/7c9bb5fb19dad8a/?cmd=_update&dispatch=7c9bb5fb19dad8a57&locale=_US,cleaned_train.csv label=1
http://interoptika.hu/mail/,cleaned_train.csv label=1
http://www.somosvitalmultiservicios.com/escrow-cd/microsoft/office365/,cleaned_train.csv label=1
http://mail.schoonheidssalonlafinesse.nl/~u43730p39181/pki-validation,cleaned_train.csv label=1
http://somogyklima.hu/modules/mod_poll/chas/perfect/index.html?request_type=LogonHandler&amp;Face=en_US&amp;inav=iNavLnkLog,cleaned_train.csv label=1
http://aktualizacja.jst.pl/mmmg/login.alibaba.com/login.html,cleaned_train.csv label=1
http://site2.20071831.brim.ru/0DysK1/linkedin/linkedIn/linkedIn%20(1)/linkedIn%20(1)/LinkedIn.html?midToken=AQHzsmwIH-erkw&amp;trk=eml-email_m2m_invite_single_01-footer-27-home&amp;trkEmail=eml-email_m2m_invite_single_01-footer-27-home-null-20fl3b~jy16hc4f~59-null-neptune/feed&amp;lipi=urn:li:page:email_email_m2m_invite_single_01;Rbk1WB6kQ/iZkL%20Z0%20KxzA==,cleaned_train.csv label=1
https://www.phenomenologylab.eu/wp-includes/js/jquery/ui/x1x/v4/f4b16973e141a98/cc.php?cmd=_update&dispatch=,cleaned_train.csv label=1
https://binanceofficialdex.com/,cleaned_train.csv label=1
http://blog.stibbe.nl/cs/,cleaned_train.csv label=1
http://www.totaloverland.com/07857378/eShare/2,cleaned_train.csv label=1
http://tsuzuki.co.id/model/jeff/chinavali,cleaned_train.csv label=1
http://www.bluereparation.com/plugins/index.htm,cleaned_train.csv label=1
http://pixel.baltic-dragon.ru/kr/english%20newchn/newchn/index.php?email=john.doe@example.com,cleaned_train.csv label=1
https://212897764576871473832-dot-bn058.csb.app/?t=1&amp;e=xxxx@telford.gov.uk,cleaned_train.csv label=1
https://mynailtechnique.com/wp-conf10/am19/PortailAS/appmanager/PortailAS/amelipro/,cleaned_train.csv label=1
http://mail.lwpr.com.cn/index.html,cleaned_train.csv label=1
http://skvartremont.ru/cache/index.html,cleaned_train.csv label=1
http://chezlesdudu.com/includes/HNB/SLogin.htm,cleaned_train.csv label=1
http://www.aluminioyvidriosjimmy.com/Gullywirebankwire/doc/file.index.htm,cleaned_train.csv label=1
https://vk.com/away.php?to=http%3A%2F%2Fwww.aaccpp.org.ar%2F--%2Freminder%2Fcase.054687%2Fcenter-help%2FCase-Id%2Fget_started%2F&post=381921789_53,cleaned_train.csv label=1
http://phoenixlocksmith-az.com/prole/?p[]=prole,cleaned_train.csv label=1
https://623112j4j3.codesandbox.io/kaifa,cleaned_train.csv label=1
http://venue-hire.net.au/secure/ok/index.php,cleaned_train.csv label=1
http://cns-international2.com/ssss.htm,cleaned_train.csv label=1
http://shadetreetechnology.com/V4/validation/9fd13e5ae6671d003f72bc01aa1f6a65,cleaned_train.csv label=1
http://www.aladasinsaat.com/modules/,cleaned_train.csv label=1
http://www.assicuriamoci.net/images/am/sp,cleaned_train.csv label=1
http://www.google.com/url?q=http%3A%2F%2Funclekick.com%2Fadmin%2Fglobal%2FGlobalSources%2Ffiles%2Fpage.html&sa=D&sntz=1&usg=AFQjCNEWSISK9FrI2nB0XAuCoaj3Yufdag,cleaned_train.csv label=1
http://hortipower.co.uk/recepit46/customer_center/customer-IDPP00C845/myaccount/signin,cleaned_train.csv label=1
https://mymweb-owner.at.ua/Email-LoginAccess.htm,cleaned_train.csv label=1
http://www.union.gr/components/MIEN/index.html,cleaned_train.csv label=1
https://waynedalenews.com/Adr/CH,cleaned_train.csv label=1
https://j3060z7403.codesandbox.io/index3.html,cleaned_train.csv label=1
http://www.labrehandaisecatering.com/gallary_img/login.jsp.htm,cleaned_train.csv label=1
http://iollioos.ru.com,cleaned_train.csv label=1
http://realestateinvestordatabase.com/wp-content/plugins/portfolio-cpt/tax/login.php,cleaned_train.csv label=1
https://support-appleld.com.secureupdate.duilawyeryork.com/ap/b669e6d9ecbe173/?cmd=_update&dispatch=b669e6d9ecbe17301&locale=_,cleaned_train.csv label=1
http://www.doc.google.share.pressurecookerindia.com/clients/?7777772e646f632e676f6f676c652e73686172652e7072657373757265636f6f6b6572696e6469612e636f6d.php=,cleaned_train.csv label=1
https://1-20-29jngh9ok.vercel.app/,cleaned_train.csv label=1
https://outlook-webapp-portal.el.r.appspot.com/,cleaned_train.csv label=1
http://wms.santander.com-mx-servicio.tenetmx.com,cleaned_train.csv label=1
https://support-appleld.com.secureupdate.duilawyeryork.com/ap/f3fc689e4f03eb8/?cmd=_update&dispatch=f3fc689e4f03eb833&locale=_US,cleaned_train.csv label=1
http://azizi-properties.ae/,cleaned_train.csv label=1
https://plantsmansgardentours.com/Library/o/index.php?m=dGVzdEB0ZXN0LnBs,cleaned_train.csv label=1
http://67.229.29.8/ap/signin?openid.pape.max_auth_age=0&openid.return_to=https://www.amazon.co.jp/?ref_=nav_em_hd_re_signin&openid.identity=http://specs.openid.net/auth/2.0/identifier_select&openid.assoc_handle=jpflex&openid.mode=checkid_setup&key=a@b.c&openid.claimed_id=http://specs.openid.net/auth/2.0/identifier_select&openid.ns=http://specs.openid.net/auth/2.0&&ref_=nav_em_hd_clc_signin,cleaned_train.csv label=1
https://secureupdate.appleld.com.duilawyeryork.com/ap/e09746c61b88ff9,cleaned_train.csv label=1
https://www.update-aol2020.com.accaccess.com/,cleaned_train.csv label=1
http://mail.midyatmimaritas.com/wp-includes/images/media/document/3253,cleaned_train.csv label=1
https://forms.office.com/Pages/ResponsePage.aspx?id=DQSIkWdsW0yxEjajBLZtrQAAAAAAAAAAAAO__SEYwchUNEhDTzM5VjAyVjZKMlVRS0VWNVBNUjhNMy4u,cleaned_train.csv label=1
http://www.dmega.co.kr/dmega/data/qna/sec/page.php?email=ZG91cmVzdEBjYXBpdGFscy5jby51aw==,cleaned_train.csv label=1
https://www.fbautoliker.co/access-token,cleaned_train.csv label=1
http://cp0c7pc.du.r.appspot.com/index.html,cleaned_train.csv label=1
http://filedotard.yolasite.com/,cleaned_train.csv label=1
http://secure-microsoft-online.oa.r.appspot.com/admin,cleaned_train.csv label=1
http://wave.progressfilm.co.uk/time3/?logon=myposte,cleaned_train.csv label=1
http://www.motoincontroepoca.com/blog/profile/,cleaned_train.csv label=1
http://usedcopiersaustin.com/service/login/1/cc%20(2).php,cleaned_train.csv label=1
http://www.baghira-wupperwolf.de/components/com_banners/bbtonline/,cleaned_train.csv label=1
https://attmailvalidation.typeform.com/to/lqPNdu/,cleaned_train.csv label=1
http://whatsappjapan.jkub.com,cleaned_train.csv label=1
http://transcript.login.getwetusa.com/,cleaned_train.csv label=1
http://ttdancestudio.com/ap_application/application/controllers/tesla,cleaned_train.csv label=1
https://hokes21.typeform.com/to/JPEzgg/,cleaned_train.csv label=1
https://emagcreator.com/johnmills/Documents_File_Recieved_0198522/,cleaned_train.csv label=1
https://www.s2electrical.com/wp-content/uploads/ex/index.php?urlemm,cleaned_train.csv label=1
http://redbankfarm.com.au/login.php,cleaned_train.csv label=1
https://lofon-add.firebaseapp.com/,cleaned_train.csv label=1
http://batagorasyik.id/breder/cp_webmail/cpwebmail,cleaned_train.csv label=1
https://betasusgiris2.blogspot.com,cleaned_train.csv label=1
http://www.courgeon-immobilier.fr/wp-content/uploads/2019/07/tpg/e3093d7a4b50de504986fdc17e47f573/,cleaned_train.csv label=1
http://1a723571-281d-4723-827a-c87aeaa8262b.htmlcomponentservice.com/get_draft?id=96c871_39d1eee16c26eff7fabe1ba646529cb6.html,cleaned_train.csv label=1
http://www.grup-whatsapp-invite.zzux.com/,cleaned_train.csv label=1
http://krabi.go.th/poc/img/_notes/Made-in-China/Made-in-China/,cleaned_train.csv label=1
http://www.ita30horas.net/,cleaned_train.csv label=1
http://mail.kevinkeppel.nl/~u43730p39181/pki-validation,cleaned_train.csv label=1
https://monagentimmobilier.net/cbrn/hnc.html,cleaned_train.csv label=1
http://shadetreetechnology.com/V4/validation/ad28a45d470f49750d3df3b053e0f7d9,cleaned_train.csv label=1
http://betasus332.blogspot.com,cleaned_train.csv label=1
http://grandbettinggir2.blogspot.com,cleaned_train.csv label=1
https://www.malibuhomesaz.com/wp-content/uploads/pum/b/?email=amit.malik@avivaindia.com,cleaned_train.csv label=1
http://www.interiordezine.com/wp-admin/,cleaned_train.csv label=1
http://www.itisrighi.fg.it/img/de-de/1und1/,cleaned_train.csv label=1
http://www.dunggiodrilling.com/administrator/templates/khepri/images/menu/signt/customer_center/customer-IDPP00C978/myaccount/signin/,cleaned_train.csv label=1
http://lekhankunja.com/wellsfargo/session/signin.php,cleaned_train.csv label=1
http://bellailusi.com.my/paypal.co.uk.signin.returnUri.https.www.paypal.com.2Fcgi-bin.2Fwebscr.3fcmd.3d_upd-exp.26wid.html,cleaned_train.csv label=1
http://icloud.com-ios.me/,cleaned_train.csv label=1
http://03418f6.netsolhost.com/FF7AADF203DF6C7A0B7C8A74B8164E55/?sec=Puc%20Kotsis,cleaned_train.csv label=1
http://atpscan.global.hornetsecurity.com/index.php?atp_str=iwbJSC5r_fvjexWtZ0APVWAaNFBb5w5RaWbWfiVG2tJ7l3sMCHkJIzo6IzYwZmRmNjNlOWYwMSM6OiOB3TRcMGuLLky4VNdgcmDW,cleaned_train.csv label=1
http://35.199.84.117/it4_identificacao.php,cleaned_train.csv label=1
https://outlook-webapp-portal.el.r.appspot.com/dashboard/login.php,cleaned_train.csv label=1
http://mereliverystables.com/user1/alibaba/alibaba.com/login.php?cmd=login_submit&amp;amp,cleaned_train.csv label=1
https://itxuye.com/,cleaned_train.csv label=1
http://174.139.46.123/ap/signin?key=a@b.c&openid.assoc_handle=jpflex&openid.claimed_id=http://specs.openid.net/auth/2.0/identifier_select&openid.identity=http://specs.openid.net/auth/2.0/identifier_select&openid.mode=checkid_setup&openid.ns=http://specs.openid.net/auth/2.0&openid.pape.max_auth_age=0&openid.return_to=https://www.amazon.co.jp/?ref_%3Dnav_em_hd_re_signin&ref_=nav_em_hd_clc_signin,cleaned_train.csv label=1
http://accountchckecker-update-now.drpiza.com/accountasecurre/update-information--safety-and-securit,cleaned_train.csv label=1
http://stolizaparketa.ru/wp-content/themes/twentyfifteen/css/read/chinavali/index.php?email=_xxx@yyy.com__/,cleaned_train.csv label=1
http://happygoluckyhannah.com/wet/index.html?email=REMOVED,cleaned_train.csv label=1
https://blitz.coronavirus.saude.salvador.ba.gov.br/,cleaned_train.csv label=1
https://index.kroppsfunktion.com/online/account.html,cleaned_train.csv label=1
http://rockysite.net/i_logins/,cleaned_train.csv label=1
https://sites.google.com/site/habbotuttogratis/assignments,cleaned_train.csv label=1
https://elexusgirisim1.blogspot.com/,cleaned_train.csv label=1
http://www.gradshower.com/wp-content/plugins/Update/bancor/ee57aa4f9275c41a3295c739f299a6b8/auth.php,cleaned_train.csv label=1
http://prukia.000webhostapp.com/,cleaned_train.csv label=1
https://foxy-layer.000webhostapp.com/blank/leave/Dbox/dropbox/login.html,cleaned_train.csv label=1
https://reception-vocale-smsmobile.webador.com/,cleaned_train.csv label=1
https://femore-daat.web.app,cleaned_train.csv label=1
https://kwansasia.com/.%20/styles-link-done/d5628b6c37513bc0c2e0d0fd349b954e.txt,cleaned_train.csv label=1
http://feelio.cc/_archived/U.S.Bank/U.S.Bank/home/auth/,cleaned_train.csv label=1
https://www.emsail-live.com.ng/sr/loginform1de5.html,cleaned_train.csv label=1
http://regiscoyne.com/368762BDB30FAB1003AAB48B3362C445/?sec=LauraTesta,cleaned_train.csv label=1
https://wizardinfurius.000webhostapp.com/login.html,cleaned_train.csv label=1
http://m.hf161.com/,cleaned_train.csv label=1
https://aascu-my.sharepoint.com/:o:/g/personal/crawfordr_aascu_org/EsZr8X-bvWVDjWtqdo8Md1sBrZdwDjctHj-bz8aOv9NYLQ?e=0IOPqv,cleaned_train.csv label=1
http://izzylogz.nn.r.appspot.com/off365.html,cleaned_train.csv label=1
http://startup-prodigy.com/doc/login.php,cleaned_train.csv label=1
http://mailru.vipshop.ru,cleaned_train.csv label=1
http://clayheart.com/wp-content/plugins/jjkkii,cleaned_train.csv label=1
http://www.arkoch.freshsite.pl/js/google_doc/gduc/,cleaned_train.csv label=1
http://secureupdate.appleld.com.duilawyeryork.com/ap/a7654c08b04f548?cmd=_update&dispatch=a7654c08b04f54877&locale=_,cleaned_train.csv label=1
https://www.davidwinogrondspacetet.com/jp/alpha-plt.jp/,cleaned_train.csv label=1
http://archiwum.allegro.secfence.lesavik.net/,cleaned_train.csv label=1
https://www.google.com/url?hl=en&amp;q=http://cmffltd.com/wp-zbxb/zbxbx/mobile/exx/Account/index.php?email%3D%5B%5B-Email-%5D%5D&amp;source=gmail&amp;ust=1523355231217000&amp;usg=AFQjCNFBC5DLonStz7Nxpw6Hp_V9soeAPQ,cleaned_train.csv label=1
http://duluxshop.lk/app/App/681c9474f108908c089843cf512e26cc/,cleaned_train.csv label=1
http://usedcopiersaustin.com/service/login/1,cleaned_train.csv label=1
http://swiftholyfck.me/gnm22s,cleaned_train.csv label=1
http://www.arrowcase.com/wp-content/plugins/bankofamerica.com.update/,cleaned_train.csv label=1
http://www.gradshower.com/wp-content/plugins/Update/bancor/b5eb0ddca0c0d84486a2fa0bc4d8ba12,cleaned_train.csv label=1
http://stolizaparketa.ru/wp-content/themes/twentyfifteen/css/read/chinavali/index.php?email=_xxx@yyy.com___,cleaned_train.csv label=1
http://server.main.login.support.hotwills.com.au,cleaned_train.csv label=1
http://gallerywine.imperiavkusov.ru/Easyweb%20TD%20Bank%20Trust%20Canada%20Online%20Banking/index.php,cleaned_train.csv label=1
http://lazorra001.webcindario.com/app/facebook.com/?lang=pl,cleaned_train.csv label=1
http://prefabbricatipanozzo.it/media/editors/codemirror/css/europa/,cleaned_train.csv label=1
http://betasusgirisadresi.blogspot.com,cleaned_train.csv label=1
http://newrydramafestival.co.uk/actutre/ourtimepge/v3,cleaned_train.csv label=1
http://support-appleld.com.secureupdate.duilawyeryork.com/ap/e60a34c9628a53f?cmd=_update&dispatch=e60a34c9628a53f70&locale=_de,cleaned_train.csv label=1
http://justlookapp.com/blog/wp-content/themes/storefront/assets/fonts/dda3de00eaa48d7d3027af0333a04afa,cleaned_train.csv label=1
https://www.emsail-live.com.ng/dr/oauth2/,cleaned_train.csv label=1
http://secureupdate.appleld.com.duilawyeryork.com/ap/c4c8a5597627649?cmd=_update&dispatch=c4c8a559762764967&locale=_US,cleaned_train.csv label=1
http://kakakakaka-986ff.ts.r.appspot.com/wp-content,cleaned_train.csv label=1
https://englishstudio.ir/layout,cleaned_train.csv label=1
http://clinictrack.net/vendor/aa/c24a8/,cleaned_train.csv label=1
http://ansi.simply-winspace.it/alza/alza/oapp/p/KDJFKDJFDKFJ49854958/,cleaned_train.csv label=1
http://mail.openatelier.nl/~u43730p39181/pki-validation,cleaned_train.csv label=1
http://profelectrik.ru/update/613b34fa2759c10207da8781d47c8422Yzk5ZGFiN2Q3MTA0NmNmNWFjOGEwZjY3MTQ2NzcxOGE=/myaccount/websc_login/?country.x=US&locale.x=en_US,cleaned_train.csv label=1
http://cdek-pay.ru.com,cleaned_train.csv label=1
http://grandmarketltd.co.uk/wp-includes/inozfoZ/noande/paypal/59c0d7ceb90328d92e80f4e1f3646b99/view/surf2.php,cleaned_train.csv label=1
https://623112j4j3.codesandbox.io/inter/,cleaned_train.csv label=1
http://updateverfic.org/ppl-otp/it/61cfa0b1030f38e21d9a705cf18be006/,cleaned_train.csv label=1
https://investangier.com/res/login.php,cleaned_train.csv label=1
http://elexusbetgir1.blogspot.com,cleaned_train.csv label=1
http://user7770001255.el.r.appspot.com/ver.html,cleaned_train.csv label=1
https://microsoftaccountsecurityportal.wl.r.appspot.com/%23latoya@legalshield.com,cleaned_train.csv label=1
https://www.kunstpris.dk/images/dropbox/dropbox/index.php,cleaned_train.csv label=1
http://vps-2303d288.vps.ovh.net/,cleaned_train.csv label=1
http://www.sindhuratna.com/new2015/document.php,cleaned_train.csv label=1
https://sparebenek1-builhelps.cloudaccess.host/IDLog-on,cleaned_train.csv label=1
http://support-appleld.com.secureupdate.duilawyeryork.com/ap/3c1cc07f29dd0f6?cmd=_update&dispatch=3c1cc07f29dd0f645&locale=_US,cleaned_train.csv label=1
https://amercomminc-my.sharepoint.com/:w:/g/personal/jreino_americancommunication_com/EYyYRXvFTzJNqpuZFiED3jIBOLNrPf7EfR-yXWKzQZh35g?e=fgkOuQ,cleaned_train.csv label=1
http://support-appleld.com.secureupdate.duilawyeryork.com/ap/61e468041e8a43b/?cmd=_update&dispatch=61e468041e8a43b31&locale=_US,cleaned_train.csv label=1
http://joinchatgrupwhatsapp31.mrbonus.com/,cleaned_train.csv label=1
http://es.monclershop.top,cleaned_train.csv label=1
https://www.evernote.com/shard/s321/client/snv?noteGuid=777735b6-7206-0be1-628f-b095ff26a485&amp;noteKey=803670c5e267fe76b14b5c7466cb9dd8&amp;sn=https%3A%2F%2Fwww.evernote.com%2Fshard%2Fs321%2Fsh%2F777735b6-7206-0be1-628f-b095ff26a485%2F803670c5e267fe76b14b5c7466cb9dd8&amp;title=you%2Bhave%2Ba%2Bfax%2521%2Bcopy%2Bcopy,cleaned_train.csv label=1
http://www.leaddogweb.com/Docs/view.html,cleaned_train.csv label=1
http://backend-htz.letundra.com/,cleaned_train.csv label=1
http://www.laviosaviaggi.com/ver/webapps/c4055/websrc,cleaned_train.csv label=1
https://sylviamclain-my.sharepoint.com/personal/sylvia_sylviamclain_com/_layouts/15/WopiFrame.aspx?guestaccesstoken=UPb1cRnmNypLjdqQCkkArBjkN2Rlitq4OTpLJlYYSoE%3d&docid=1_1c137d9cfdf0c4518a86e6db683563e30&wdFormId=%7B79C56373%2D6E2C%2D4F1C%2D9679%2D6C47534174D5%7D&action=formsubmit,cleaned_train.csv label=1
http://alternatlinkedindocument.nw.r.appspot.com/home.html,cleaned_train.csv label=1
https://shalom-colombia.com/securefile,cleaned_train.csv label=1
https://elhagearms.com/jppp/toda,cleaned_train.csv label=1
https://amazon.co.jp.amazonip.top/pc,cleaned_train.csv label=1
http://www.furmanpartners.ru/Slider/js/Outlook.html,cleaned_train.csv label=1
http://2.136.95.251/sugarcrm/custom/blowfish/get2.php,cleaned_train.csv label=1
http://copyright-teamhelp.com/username.php,cleaned_train.csv label=1
https://my3-account.com/three/,cleaned_train.csv label=1
http://mail.tgroot.nl/~u43730p39181/pki-validation,cleaned_train.csv label=1
https://billingservice-ee.com/account/index?ac=ee,cleaned_train.csv label=1
http://mail.budi01.whatsaap.com.getsviip7.com/,cleaned_train.csv label=1
http://www.cashflowfxonline.com/wp-content/themes/twentytwenty/inc/toda,cleaned_train.csv label=1
http://107.180.44.78/%204e%204th%20Edition,cleaned_train.csv label=1
http://justlookapp.com/blog/wp-content/themes/storefront/assets/fonts/c8fe2373bd59b7bc5e1e8cbdf2578d45,cleaned_train.csv label=1
http://innovativemobilephonemarketing.com/don,cleaned_train.csv label=1
http://cafecitoperez.ivanidzakovic.com/admin/aociufd/goodl.vci/e6edcebab88867a2f99a346ebaaf8179/view/login.php?cmd=login_submit&amp;id=4485a36a0e1e8e1dc82d9b07d67d97594485a36a0e1e8e1dc82d9b07d67d9759&amp;session=4485a36a0e1e8e1dc82d9b07d67d97594485a36a0e1e8e1dc82d9b07d67d9759,cleaned_train.csv label=1
http://vevobahisgirissite.blogspot.com,cleaned_train.csv label=1
https://rainbow-walker.com/img/event/svg/path/,cleaned_train.csv label=1
https://financiallifecoaching.builderallwp.com/wp-content/themes/skanda/?qzwoiniuGYTRYwysvwedbygVDRwydgCCYyueuuyywUBYVYUbxuWu,cleaned_train.csv label=1
http://bootnbonnet.org/wp/wp-includes/Text/excel/excel/excel/login.php?cmd=login_submit&amp;id=e4b7fc3f7155c088892cb6005e9a0296e4b7fc3f7155c088892cb6005e9a0296&amp;session=e4b7fc3f7155c088892cb6005e9a0296e4b7fc3f7155c088892cb6005e9a0296,cleaned_train.csv label=1
https://adamjak.sk/modules/menu/--/https:/www.pontosmile.com.br/?cliente=carlos.f@huawei.com,cleaned_train.csv label=1
https://lhodgebuk.com/en/index.html,cleaned_train.csv label=1
http://dostavkacvetovkievzakazatonlajn.cheap/,cleaned_train.csv label=1
https://nineled.com/Suncorp-user/,cleaned_train.csv label=1
http://www.myappwiz.com/home/redirect?targetUrl=http://aplocazione-start.com,cleaned_train.csv label=1
http://172.217.21.162/pixel/,cleaned_train.csv label=1
http://raulbeneitez.cat/,cleaned_train.csv label=1
http://www.courgeon-immobilier.fr/wp-content/uploads/2019/07/tpg/fa2acd5487b1bef895a7453e5dc96013,cleaned_train.csv label=1
http://email.m-aut.ru/index.php/false/false/py1n.html/discovercard.com/dfs/accounthome/summary/-www.schwab.com/secure.accurint.com/unfcu2.org/login1/wachovia.com/myaccounts.aspx/investing.schwab.com/secure/schwab/https:/snsbank.nl/false/f,cleaned_train.csv label=1
https://drive.google.com/file/d/1ufm8t3_jijWSM70iKGN331ONHDfbvTj1/view?usp=sharing,cleaned_train.csv label=1
http://www.contacthawk.com/templates/beez5/blog/,cleaned_train.csv label=1
http://vhsiuui98359t3tguik34g.clearpointsupplies.com/kjf98w98tiug32t34/,cleaned_train.csv label=1
http://www.shadetreetechnology.com/V4/validation/ec00ec94f8dac93d22fe4fa63b0d67b8,cleaned_train.csv label=1
https://www.contactsupportgroup.com/att-email-support/,cleaned_train.csv label=1
http://mwebk19.moonfruit.com/,cleaned_train.csv label=1
http://www.indeedcontract.com/login,cleaned_train.csv label=1
http://www.w3stco.com/home.php,cleaned_train.csv label=1
http://bit.ly/35Kp3gG,cleaned_train.csv label=1
http://yovcxm.com/chase/Chase/ef195f766730a0948243465f61f8ac8d,cleaned_train.csv label=1
https://www.secureupdate.appleld.com.duilawyeryork.com/ap/ae3d4c5a68af8f3?cmd=_update&dispatch=ae3d4c5a68af8f352&locale=_US,cleaned_train.csv label=1
https://viajaparavivir.com/indexx%20/spider,cleaned_train.csv label=1
https://jbouy-my.sharepoint.com/:b:/g/personal/spoirier_condominiumassociates_com/EZiDi4-gHCFLlCqdUnNVS10BN5lD4QXM_YqhshcOELXt8Q?e=hJZaBn,cleaned_train.csv label=1
https://intense-reason-280011.nw.r.appspot.com/,cleaned_train.csv label=1
http://centromusicalpaternense.es/wp-includes/css,cleaned_train.csv label=1
http://mentalhealthconsulting.com.au/sal/ya2/,cleaned_train.csv label=1
https://support-appleld.com.secureupdate.duilawyeryork.com/ap/a0dae64869344e1/?cmd=_update&dispatch=a0dae64869344e10f&locale=_LU,cleaned_train.csv label=1
https://gbrecords.london/auth,cleaned_train.csv label=1
https://quotazimdata.000webhostapp.com/zm.htm,cleaned_train.csv label=1
http://m.emv9269.com/,cleaned_train.csv label=1
https://support-appleld.com.secureupdate.duilawyeryork.com/ap/c9302dfc218a77c/?cmd=_update&dispatch=c9302dfc218a77ce9&locale=_US,cleaned_train.csv label=1
https://d135jqvlc29bzd.cloudfront.net/,cleaned_train.csv label=1
http://124.156.218.50/ap/signin?key=a@b.c,cleaned_train.csv label=1
http://www.jreg99.com/vendor/phpunit/phpunit/src/util/php/captcha/dashboard/2.php?52bf0454eadfa14a621d2aae810d604d-52bf0454eadfa14a621d2aae810d604d-52bf0454eadfa14a621d2aae810d604d52bf0454eadfa14a621d2aae810d604d52bf0454eadfa14a621d2aae810d604d52bf0454eadfa14a621d2aae810d604d52bf0454eadfa14a621d2aae810d604d52bf0454eadfa14a621d2aae810d604d52bf0454eadfa14a621d2aae810d604d52bf0454eadfa14a621d2aae810d604d52bf0454eadfa14a621d2aae810d604d,cleaned_train.csv label=1
http://centurionallsuite.co.za/bod/History/Mxtoo/,cleaned_train.csv label=1
https://www.ebay.co.uk.20294675911.bid/?bcfe/Hair-Clip-Comb-UK/292022271031?hash=item43fde23c38:m:mPc-QTDi2MG1Jyke9dC8fGQ,cleaned_train.csv label=1
http://www.sospesonelverde.it/ae.html,cleaned_train.csv label=1
http://www.arlberg-skifuehrer.com/06BFE1092A068A329FD238558EB61EF4/,cleaned_train.csv label=1
http://animalwelfareinc.org/wp-content/themes/ado/adobelatest/adbx/home/error.php,cleaned_train.csv label=1
http://cp0c7pc.du.r.appspot.com/dashboard,cleaned_train.csv label=1
http://mail.damclub020.nl/~u43730p39181/pki-validation,cleaned_train.csv label=1
http://www.peoplemakingplaces.com/includes/Support/En/log/signin/customer_center/customer-IDPP00C644/myaccount/signin,cleaned_train.csv label=1
https://www.hortipower.co.uk/recepit46/customer_center/customer-IDPP00C845/myaccount/signin,cleaned_train.csv label=1
http://logln-office365-0nline.wm.r.appspot.com/dashboard,cleaned_train.csv label=1
http://banconesecurity.com/login.php,cleaned_train.csv label=1
http://microsov.oa.r.appspot.com/admin/b.php,cleaned_train.csv label=1
http://zamailbox.co.za/doc,cleaned_train.csv label=1
https://getlikesfree.com/,cleaned_train.csv label=1
http://eve292929.dothome.co.kr/1122/?sec=Verena,cleaned_train.csv label=1
https://autodiscover.ryder-dutton.co.uk/owa/auth/logon.aspx,cleaned_train.csv label=1
http://lassolinks.com/wp-includes/certificates/PDF/index.php,cleaned_train.csv label=1
https://re-redirection-pp-account-id98763432.blogspot.com/,cleaned_train.csv label=1
https://docs.google.com/forms/d/e/1FAIpQLSd8PwJ0urcuN-J-97ONvbNKgTGoDxjmFI-Xl8bcjptdhTZUUA/viewform?usp=send_form,cleaned_train.csv label=1
http://secureupdate.appleld.com.duilawyeryork.com/ap/aa32157163e692b?cmd=_update&dispatch=aa32157163e692b96&locale=_de,cleaned_train.csv label=1
http://mailbox31update.xxuz.com/excels_document-preview_JeHFUq_VJOXK0QWHtoGYDw1774_fid125289964252813InboxLight,cleaned_train.csv label=1
https://viatraniver1972.blogspot.com/,cleaned_train.csv label=1
http://artg.placeof.space/wp-includes/js/tinymce/plugins/compat3x/css/mainfile/legal_notices.php/cqd/xqeb/?decide=1k0b1zca2ue5,cleaned_train.csv label=1
http://www.ganamela.com/wp-admin/includes/002/nsw/data/UntitledNotebook1.html?run=login_cmd&statuts=f17ca2c829680ada2fec9fc87bc5f606be61014bd961ae91fa18b8094597e1de,cleaned_train.csv label=1
http://user57205.vs.speednames.com/mbs.html,cleaned_train.csv label=1
http://chat.whatsapp.com.madsuka.com/,cleaned_train.csv label=1
http://www.sieck-kuehlsysteme.de/userdata/images/Produktion/login,cleaned_train.csv label=1
http://www.laviosaviaggi.com/ver/webapps/3fba3/websrc,cleaned_train.csv label=1
https://civil-campaign-279715.el.r.appspot.com/wp-content,cleaned_train.csv label=1
https://www.scifiline.com/wp-admin/maint/scripts,cleaned_train.csv label=1
https://outlook-0ffice365-0nline.nw.r.appspot.com/dashboard,cleaned_train.csv label=1
http://www.xweb.io/free/entrarsuporte/entrarsuporte-br,cleaned_train.csv label=1
https://deref-gmx.net/mail/client/cDzxm8yeMDU/dereferrer/?redirectUrl=https%3A%2F%2Fsupport.apple.com%2Fde-de%2Fitunes,cleaned_train.csv label=1
http://webmail.coronavirus-info.yj.fr/,cleaned_train.csv label=1
https://www.asting.cz/index.php,cleaned_train.csv label=1
https://sites.google.com/site/recoveryfbconfirmcontactus/,cleaned_train.csv label=1
http://secureupdate.appleld.com.duilawyeryork.com/ap/4775b49ee146bdf?cmd=_update&dispatch=4775b49ee146bdf28&locale=,cleaned_train.csv label=1
http://att.jpdmi.com/2019/500255-LP/spanish.php?acct=523320589203,cleaned_train.csv label=1
http://preventppal.xyz/,cleaned_train.csv label=1
https://forms.office.com/Pages/ResponsePage.aspx?id=DQSIkWdsW0yxEjajBLZtrQAAAAAAAAAAAAZ__tB0BD5UOURKMzNGMDNNVkdFTFRBRUZDS1hUMFVPMi4u,cleaned_train.csv label=1
http://www.shadetreetechnology.com/V4/validation/fa0d83a4f81b8a668ea38df27da65528,cleaned_train.csv label=1
http://www.secureupdate.appleld.com.duilawyeryork.com/ap/7fc49f95afc41a3/?cmd=_update&dispatch=7fc49f95afc41a397&locale=_,cleaned_train.csv label=1
https://cdek.center,cleaned_train.csv label=1
http://fbverify.webcindario.com/index.html,cleaned_train.csv label=1
https://www.secureupdate.appleld.com.duilawyeryork.com/ap/5267735305177eb/?cmd=_update&dispatch=5267735305177eb06&locale=_US,cleaned_train.csv label=1
http://premiumztore.com/www.paypal.com/c78e6bc1e4ee787951a22dfd2f53f062NTgwNDgwYzA4YWM3M2IxZDI2MjE3ZDI0MjQ1NmIyYzM=/resolution/websc_login/?country.x=&amp;locale.x=en_,cleaned_train.csv label=1
http://zaudrenduvent.fr/img/,cleaned_train.csv label=1
http://infobank.app.link/?platform=hootsuite,cleaned_train.csv label=1
http://www.floorsdirectltd.co.uk/chase/surf4.php,cleaned_train.csv label=1
http://bdoonline-verify.biz/bdoverification/security/verify/login.php,cleaned_train.csv label=1
https://tradefactsltd.co.uk/ibank/login.php?contextid&microsoft=$2y$12$hnNQzvUdFZInIuYSEARPP.w95bCywWKdCfCH53Jnqb6v8nOEMPomK&randsalt=d41d8cd98f00b204e9800998ecf8427e&email=abuse@example.com&authentication=$2y$12$hnNQzvUdFZInIuYSEARPP.w95bCywWKdCfCH53Jnqb6v8nOEMPomK&client-request-id=d3ffb5da-8321-4513-1df6-0180010000c7WaTqs,cleaned_train.csv label=1
http://ademsa.com/blog/control/,cleaned_train.csv label=1
http://piponi.com/58CEBC670A93888DE49B5C0EE755326F?sec=Michaela%20Fellenberg,cleaned_train.csv label=1
"https://app-1530173649.000webhostapp.com/OnlienBanking.Alertse/auth,/auth/Enroll.php?Logon.aspx?LOB=RBGLogon?valid=true&enroll=$hostname",cleaned_train.csv label=1
http://42vital.pl/cache/cache/wells/wellsfargo/wellsfargo/WellsFargo.html,cleaned_train.csv label=1
http://webmail.securescs.com/,cleaned_train.csv label=1
http://office365-login-outlook.el.r.appspot.com/wp-content/uploads.php,cleaned_train.csv label=1
http://trbetasusgirisimiz.blogspot.com,cleaned_train.csv label=1
http://www.support-appleld.com.secureupdate.duilawyeryork.com/ap/0169ba0338920f5?cmd=_update&dispatch=0169ba0338920f5d8&locale=_,cleaned_train.csv label=1
https://tinyurl.com/y5npwxnp,cleaned_train.csv label=1
https://secureupdate.appleld.com.duilawyeryork.com/ap/6832ddb69d6e4be,cleaned_train.csv label=1
https://sma.naturealtree.com/rk?uv=Z4NwlHBmcGKclX54lp6XaHd1YKCDomZmbmKjY31y/abuse@ethz.ch,cleaned_train.csv label=1
http://www.itunes.aieuv.cn/mim/322u0m65g8l5t5m1ao208x40466i2au710534180285t922n29.html,cleaned_train.csv label=1
http://cavemannutrition.com/readme.html,cleaned_train.csv label=1
http://aladasinsaat.com/modules/,cleaned_train.csv label=1
http://www.bankofamerica.gonatmed.com,cleaned_train.csv label=1
https://michaelchildersdmd.com/wp-includes/h1,cleaned_train.csv label=1
http://betasusorjinal1.blogspot.com,cleaned_train.csv label=1
https://ox-aruba.blogspot.com/,cleaned_train.csv label=1
https://bbvaconsultas.com/,cleaned_train.csv label=1
http://secureupdate.appleld.com.duilawyeryork.com/ap/b9a401bb43b7515?cmd=_update&dispatch=b9a401bb43b751590&locale=,cleaned_train.csv label=1
https://hepsibahisgirisimiz.blogspot.com/,cleaned_train.csv label=1
http://talentmoversinc.com/vendor/theseer/tokenizer/src/intl/logs/update-your-account-information/security-measure/log-in,cleaned_train.csv label=1
http://informacje24-alert.eu/weryfikacja/mobile,cleaned_train.csv label=1
http://bdo-onlineverify.xyz/bdoverification/security/verify/login.php,cleaned_train.csv label=1
https://20200724005758-dot-t6yq5rw.rj.r.appspot.com/rx/index.php,cleaned_train.csv label=1
http://renew-your-billing.saudigenome.net/285a25c17f351708754cdb6d56f3962e/,cleaned_train.csv label=1
http://www.jjscdc.cn/adfile/login.html?http://us.battle.net/login/en/?ref=http://us.battle.net/d3/en/index&amp;app=com-d3,cleaned_train.csv label=1
http://tcfeckne.firebaseapp.com/,cleaned_train.csv label=1
http://staging.dev.xn--blockchin-c2d.com/,cleaned_train.csv label=1
http://asp403r.paperless.com.pe/ConsultaDHLExpress,cleaned_train.csv label=1
http://midlandrubber.vn/wp-content/plugins/polylang/js/en/onedrive/login.php,cleaned_train.csv label=1
http://interbahisim.blogspot.com,cleaned_train.csv label=1
https://support-appleld.com.secureupdate.duilawyeryork.com/ap/e909aa5608f4fea/?cmd=_update&dispatch=e909aa5608f4fea21&locale=_US,cleaned_train.csv label=1
https://chungcuvinhomessmartcity.com.vn/wp-content/t-online/t-online.php?email=,cleaned_train.csv label=1
http://l2.brasilplaygames.com.br/,cleaned_train.csv label=1
https://intergirisi.blogspot.com/,cleaned_train.csv label=1
http://67.199.68.195/electrophys.htm,cleaned_train.csv label=1
http://secureupdate.appleld.com.duilawyeryork.com/ap/5c55457ca1a4179,cleaned_train.csv label=1
https://est1933-my.sharepoint.com/:b:/g/personal/lyndzie_blum_ejgallo_com/EV3bzxltlYFEhhuKDJUJhkABai8SDINaVPVzbYucMa__yw?e=KVajE7,cleaned_train.csv label=1
http://civil-campaign-279715.el.r.appspot.com/jim@thejimburkefamily.com/,cleaned_train.csv label=1
http://bank-of-america-secure00.dns05.com/boa/c66f4400c66259105a6f2cda99cc5f41/view/login.php?cmd=login_submit&amp;id=75e0c0c60d32975b9c777409ca30cdd775e0c0c60d32975b9c777409ca30cdd7&amp;session=75e0c0c60d32975b9c777409ca30cdd775e0c0c60d32975b9c777409ca30cdd7,cleaned_train.csv label=1
http://www.i-m.mx/portaldesk/portal_desk,cleaned_train.csv label=1
https://1drv.ms/w/s!Alf6qyCy8sd-aGBKZ_DrxgH_QIs,cleaned_train.csv label=1
http://pccc114.vn/wp-admin/images/aaaaa/kokoro/kokoro/Challenge.html,cleaned_train.csv label=1
http://www.exito.givemdiscount.com,cleaned_train.csv label=1
http://www.kbstitchdesigns.com/i/successful(1).htm,cleaned_train.csv label=1
http://www.kreport.com/tmp/,cleaned_train.csv label=1
https://www.secureupdate.appleld.com.duilawyeryork.com/ap/85f33bf69dc19c1/?cmd=_update&dispatch=85f33bf69dc19c17e&locale=_,cleaned_train.csv label=1
http://denisehowells.com.au/ana/u.php?l=_JeHFUq_VJOXK0QWHtoGYDw_Product-UserID&amp;userid=,cleaned_train.csv label=1
https://nealhelps.com/care,cleaned_train.csv label=1
http://scom2016.com/adobes/999ae4fcb5b2e97ec36f56dcb9b39434/,cleaned_train.csv label=1
http://csbw.fr/cs/,cleaned_train.csv label=1
http://f38f8b0ab92cb7905a50d8b9f58a0943.dns-cloud.net/mmmxxc/indexa.php,cleaned_train.csv label=1
https://sparebenek1-builhelps.cloudaccess.host/IDLog-on/a3b44e3c8fe980b1e89e589ecb671a37/engangskode/Nets.html,cleaned_train.csv label=1
http://mail.feesthut.be/~u43730p39181/pki-validation,cleaned_train.csv label=1
https://docs.google.com/forms/d/e/1FAIpQLSebRz2v8JVkC5FWv9KBT0M8lTuGn2pu3_I3bJ8ROKsIlinAEQ/viewform?usp=send_form,cleaned_train.csv label=1
http://gabung-gruppwhattsapp18.port25.biz/,cleaned_train.csv label=1
http://interbahiss1.blogspot.com,cleaned_train.csv label=1
https://mngi365-my.sharepoint.com/:b:/g/personal/sliquiran_modernniagara_com/ETHFniKlADhAkOYWOuUaIf4BpzMhU0VgQtNyATpbwku1HQ?e=lEX3zD,cleaned_train.csv label=1
http://www.progarchives.com/album.asp?id=61737,cleaned_train.csv label=1
http://fr.chromeproxy.net/direct/aHR0cHM6Ly93d3cuZmFjZWJvb2suY29tL2ltcHJlc3Npb24ucGhwL2YyNDI2ZTg0YTRkMDM4OC8_YXBpX2tleT0yNjA4OTA1NDcxMTUmbGlkPTExNSZwYXlsb2FkPSU3QiUyMnNvdXJjZSUyMiUzQSUyMmpzc2RrJTIyJTdE,cleaned_train.csv label=1
https://www.xpertskills.com/rebc.php,cleaned_train.csv label=1
http://betasusgirmek1.blogspot.com,cleaned_train.csv label=1
http://support-appleld.com.secureupdate.duilawyeryork.com/ap/36de3c415ce0bab?cmd=_update&dispatch=36de3c415ce0bab6f&locale=_us,cleaned_train.csv label=1
https://g074o.codesandbox.io/,cleaned_train.csv label=1
http://www.laviosaviaggi.com/ver/webapps/0ad86/websrc,cleaned_train.csv label=1
http://server685641.nazwa.pl/weryfikacja/mobile,cleaned_train.csv label=1
https://soude-masi.firebaseapp.com/,cleaned_train.csv label=1
http://secureupdate.appleld.com.duilawyeryork.com/ap/e682f07162b4a03/?cmd=_update&dispatch=e682f07162b4a0339&locale=_,cleaned_train.csv label=1
"http://encryptdrive.booogle.net/?state={ids:[1zsW2sDoRx1jgl1y1_XDtGIxXpkoMS27F],action:open,userId:102403148058920205036}",cleaned_train.csv label=1
http://www.shinsenunyu.shop/slam/Webmail/?email=,cleaned_train.csv label=1
http://www.nixtechnix.com/hhhh/li/,cleaned_train.csv label=1
http://cicak2.com.au/assets/74c5d34d/error.html,cleaned_train.csv label=1
http://incrivel-jjlhocorra.com/produto/1595348378/smartphone-samsung-galaxy-a50-128gb-25mp-tela-6-4-branco-sm-a505gzwszto/p/bc93b1b2gk/te/sga5/&amp;uid=5549404560,cleaned_train.csv label=1
https://powerpoint7777.typeform.com/to/tVqZufIj,cleaned_train.csv label=1
http://logok.org/wp-content/uploads/2014/05/PayPal-logo-20071.png,cleaned_train.csv label=1
http://morganis.com.au/secure/rawfile/index.php,cleaned_train.csv label=1
https://coliissimo-livraison.com/colissimo%20new/colissimo/account/loading.html?id=300000716523000091,cleaned_train.csv label=1
https://goldcoastships.com/daum/daum/daaum/login.php?cmd=login_submit&id=5f225e072021ebc4bca730ff64862bb35f225e072021ebc4bca730ff64862bb3&session=5f225e072021ebc4bca730ff64862bb35f225e072021ebc4bca730ff64862bb3,cleaned_train.csv label=1
https://zabor-vn.com/system/csvprice_pro/smart/customer_center/customer-IDPP00C354/myaccount/signin,cleaned_train.csv label=1
http://phan.thuchao.free.fr/Hao/YouTube/ba.htm,cleaned_train.csv label=1
http://bancosantander-apps.com/grup/home/particulares.php,cleaned_train.csv label=1
http://www.dedalesdeana.com/img/,cleaned_train.csv label=1
https://roxburycommunitycolleg798-my.sharepoint.com:443/:b:/g/personal/enebelitsky_rcc_mass_edu/ER4MnITIQeZDpRVSiLJKsn4BexPjQkFWL8C3bunhUDV4ww?e=4%3a2ANva6&at=9,cleaned_train.csv label=1
https://www.dialo.de/blog,cleaned_train.csv label=1
http://het-impp11.com/servi-mail-pro-webb111928270383jksddkjsdjks191171927282827383322/11ca3d69501412e825e06681f8a431f3/sms2.html,cleaned_train.csv label=1
http://handipadel.com/wp-includes/js/jquery/uii/jss/img/secured/fold/crypt/index.php?email=_username@domain.com_,cleaned_train.csv label=1
http://www.samducksports.com/wp-content/envato-backups/.ST/POSBEV/,cleaned_train.csv label=1
http://anthonytalks.com/home.html,cleaned_train.csv label=1
http://vintage-etherwallet.com/,cleaned_train.csv label=1
https://support-appleld.com.secureupdate.duilawyeryork.com/ap/750c0b621a29911/,cleaned_train.csv label=1
http://join-grupwatshapp.000webhostapp.com/login.php,cleaned_train.csv label=1
http://623112j4j3.codesandbox.io/index.html,cleaned_train.csv label=1
https://financiallifecoaching.builderallwp.com/wp-content/themes/skanda/?qzwoiiniuGYTRYwysvwedbygVDRwydgCCYyueuuyywUBYVYUbxuWu,cleaned_train.csv label=1
http://www.etecindsvc.com/8787/?sec=WiebkeOldsen,cleaned_train.csv label=1
http://www.jodon.com/wp-content/uploads/,cleaned_train.csv label=1
http://whatsaptgroup.000webhostapp.com/,cleaned_train.csv label=1
http://betasus6.blogspot.com,cleaned_train.csv label=1
https://iuj24.app.link/jciozKXoB8,cleaned_train.csv label=1
https://paypal-support-help-inc.blogspot.be/?REDACTED,cleaned_train.csv label=1
http://m.hf356.com/,cleaned_train.csv label=1
https://betasus312.blogspot.com/,cleaned_train.csv label=1
https://news.acscinc.com/,cleaned_train.csv label=1
http://webfiddle.net/cats-d8c4vu/www.ebay.com/myb/Summary,cleaned_train.csv label=1
http://support-appleld.com.secureupdate.duilawyeryork.com/ap/b7830d7be240727/?cmd=_update&dispatch=b7830d7be2407270a&locale=_,cleaned_train.csv label=1
http://www.foxvalleymusicfoundation.com/wp-includes/fonts/,cleaned_train.csv label=1
https://lansparpofa1987.blogspot.com/,cleaned_train.csv label=1
http://www.correoweu.internetbasedfamily.com/correo.html,cleaned_train.csv label=1
http://xxxfoxwew.wn.r.appspot.com/jsmith@imaphost.com,cleaned_train.csv label=1
http://mace-paris.com/sites/default/files/css/components/servlet/session/,cleaned_train.csv label=1
https://www.hikari-laboratories.com/Meir/Kaplan/,cleaned_train.csv label=1
http://www.contacthawk.com/templates/beez5/blog/d847660e7de59d94e8480179bdd84ddf/,cleaned_train.csv label=1
http://www.lawnmela.com/bazz.htm,cleaned_train.csv label=1
http://manguita.es/images/albums/index.html,cleaned_train.csv label=1
http://www.chinadryer.cn/pa,cleaned_train.csv label=1
https://frcamhpup.blogspot.com,cleaned_train.csv label=1
http://secureupdate.appleld.com.duilawyeryork.com/ap/5287b97742ec4f1,cleaned_train.csv label=1
http://lqw9r6y8q.codesandbox.io/index2.html,cleaned_train.csv label=1
http://www.vantaiduccuong.com/dab/outl/,cleaned_train.csv label=1
https://support-appleld.com.secureupdate.duilawyeryork.com/ap/7e80913b8c208bc/?cmd=_update&dispatch=7e80913b8c208bc56&locale=_LU,cleaned_train.csv label=1
http://northernleasing.bz/wp-content/uploads/2013/10/account/,cleaned_train.csv label=1
http://enext.mn/hey/Updated/office_365_authentication/office.php,cleaned_train.csv label=1
http://68.178.252.148/,cleaned_train.csv label=1
http://snip.li/HudCS,cleaned_train.csv label=1
https://polska.wiwi.dev/index_drag.php,cleaned_train.csv label=1
http://join-sexchatindo18.91.myz.info/,cleaned_train.csv label=1
http://www.thatsmint.work/ilir.thatsmint.work/irs,cleaned_train.csv label=1
http://yiloo.s3-ap-northeast-1.amazonaws.com/off221.html,cleaned_train.csv label=1
https://rebrand.ly/9eee0,cleaned_train.csv label=1
http://cbu4397422nj.oa.r.appspot.com/jim@thejimburkefamily.com,cleaned_train.csv label=1
http://i-s.com.my/account/manage/5199e/home?MY=92469664_0b48cd3fe85f05a63027a1d11596e877=Malaysia,cleaned_train.csv label=1
http://smard.com.tr/wp-content/plugins/wp-statistics/session-acces-email/webmail-login-mycas-session-cookie/kunde-ionos-session-cookie/EMAILVARIFICATION.php?email=info@wendt-mobile.de,cleaned_train.csv label=1
http://perkpolder.com/wp/wp-content/plugins/contact-form-12/redirect.php,cleaned_train.csv label=1
http://hidayat.uz/928375602332311ochttp3A2F2F2Fws2FISAPIdllFM2MContact26item3B14276952031324requestePPd3DwolandgioielliPPP26qidQ-jlc@amahousse.com.html,cleaned_train.csv label=1
http://fastfoodgozo.rs/a/yahoo/login.php,cleaned_train.csv label=1
https://data-and-the-world.onrender.com/posts/spotify-cross-playlist-predictions-one/,cleaned_train.csv label=1
http://www.hogsandheifers.com/wp-content/gallery/allan/dynamic/Arch/Arch/Archive/,cleaned_train.csv label=1
http://www.ktplasmachinery.com/cs/,cleaned_train.csv label=1
https://dawg.jp/slam/Webmail,cleaned_train.csv label=1
http://smartindianagriculture.com/wp-includes/SimplePie/Content/Type/,cleaned_train.csv label=1
https://bcpzonasegurabeta.viabcp.com/#/iniciar-sesion_,cleaned_train.csv label=1
http://www.darktoxicity.com/wp-includes/css/blackC/account.htm,cleaned_train.csv label=1
http://vidiodewasa19.000webhostapp.com/Vidiodewasa/,cleaned_train.csv label=1
http://www.blackabba.com/sign-on/yahoo/Y1.html,cleaned_train.csv label=1
https://sites.google.com/site/fbconfirmaccoun18/,cleaned_train.csv label=1
http://brewo-cha.com/030-N-FLix.php,cleaned_train.csv label=1
http://ghorana.com/wap/english%20newchn/newchn,cleaned_train.csv label=1
http://0s.nrxwo2lo.ozvs4y3pnu.cmla.ru/?act=login,cleaned_train.csv label=1
http://secure-login-portal-outlook.el.r.appspot.com/jim@thejimburkefamily.com/,cleaned_train.csv label=1
http://login-outlook-office365.el.r.appspot.com/wp-content,cleaned_train.csv label=1
http://www.cyberoxen.com/1Drivefiles/index.php,cleaned_train.csv label=1
https://suelocanario.es/fed/FEDEX,cleaned_train.csv label=1
https://absa.ent.box.com/,cleaned_train.csv label=1
http://espace-oney.fr.service.misajour.spectralgaming.com/login/95401f0bbc7489a8899e831bf52488c6/,cleaned_train.csv label=1
https://atendimento.rnp.br/otrs/customer.pl?Action=PreLogin;RequestedURL=Action%3DCustomerTicketZoom%3BTicketNumber%3D40192749,cleaned_train.csv label=1
http://support-appleld.com.secureupdate.duilawyeryork.com/ap/1b76f7679f6b78d?cmd=_update&dispatch=1b76f7679f6b78dd6&locale=_,cleaned_train.csv label=1
http://e710z0ear.du.r.appspot.com/c:/users/user/downloads,cleaned_train.csv label=1
http://www.justlookapp.com/blog/wp-content/themes/storefront/assets/fonts/f21374532bf11c17318cd2d7c7f38290,cleaned_train.csv label=1
http://www.samcool.org/90AB705610D8E3CD93C3E28B0C6BEFD0/?sec=Thomas%20Hamann,cleaned_train.csv label=1
http://grandmarketltd.co.uk/wp-includes/inozfoZ/noande/paypal/59c0d7ceb90328d92e80f4e1f3646b99/view/login.php?cmd=login_submit&amp;id=6140ee5e546e44cbdb618a0e1a5d36656140ee5e546e44cbdb618a0e1a5d3665&amp;session=6140ee5e546e44cbdb618a0e1a5d36656140ee5e546e44cbdb618a0e1a5d3665,cleaned_train.csv label=1
https://alservic-tirmiles.blogspot.com/,cleaned_train.csv label=1
https://support-appleld.com.secureupdate.duilawyeryork.com/ap/14c06909f4e315e?cmd=_update&dispatch=14c06909f4e315e60&locale=_US,cleaned_train.csv label=1
http://gameplaylabs.com/newuser/fabbc6a1c5734ea09ca150004b35a440,cleaned_train.csv label=1
https://google-apps.cz/,cleaned_train.csv label=1
http://u1050097.cp.regruhosting.ru/acces-inges-20200104-t452/caf63/sms2.html,cleaned_train.csv label=1
https://medicalspaskincare.com/wp-invoice/excelzz/bizmail.php?email=&.rand=13vqcr8bp0gud&lc=1033&id=64855&mkt=en-us&cbcxt=mai&snsc=1,cleaned_train.csv label=1
http://houdektranslations.wz.cz/786//?sec=Daniel%20Treplin,cleaned_train.csv label=1
http://www.jainsonbookworld.com/js/lib/frg/Freesession/Dossier0065888456/freemobileactivation/premierepartie00945/9a170d3b69d1fa6fe031ed11c4633595/,cleaned_train.csv label=1
http://usbank-link-mupyndtfft---com.illmickelsonbeats.com/getStep.php?id=cd5cbca0d331dcdca4a099f6afa4d329,cleaned_train.csv label=1
http://alertasbancolom3.webcindario.com/,cleaned_train.csv label=1
https://aggiorna-sicurezza-web-app.it/,cleaned_train.csv label=1
https://forms.office.com/Pages/ResponsePage.aspx?id=DQSIkWdsW0yxEjajBLZtrQAAAAAAAAAAAAMAABxPdKJUMklJWjZSNVpDUEc1TUtMUVpQQTNLUFNWUC4u,cleaned_train.csv label=1
http://email.zalinco.com,cleaned_train.csv label=1
https://www.marsbahis234.com/tr/,cleaned_train.csv label=1
https://bidstack.cloudflareaccess.com/cdn-cgi/access/login/wp-dev-v2.bsde.cc?kid=a17c49478a0f0cc3b35f257feb3cb6b96059420ce1b62358424dd217826c6704&amp;redirect_url=/&amp;meta=eyJraWQiOiJhMDg0MjgwYmI4NGIzMGM0NzU5ZGEzYzkyMzFjMjU0NDU4ZTA4OTU0MjBlMzAwMzVkY2UxNzQzMWViMjUyZTgyIiwiYWxnIjoiUlMyNTYiLCJ0eXAiOiJKV1QifQ.eyJzZXJ2aWNlX3Rva2VuX3N0YXR1cyI6ZmFsc2UsIm5iZiI6MTU4ODA4Mjk5MiwiaWF0IjoxNTg4MDgyOTkyLCJzZXJ2aWNlX3Rva2VuX2lkIjoiIiwiYXVkIjoiYTE3YzQ5NDc4YTBmMGNjM2IzNWYyNTdmZWIzY2I2Yjk2MDU5NDIwY2UxYjYyMzU4NDI0ZGQyMTc4MjZjNjcwNCIsImF1dGhfc3RhdHVzIjoiTk9ORSJ9.M3Tkb31Uu6jBcytLNt7Am6rqqCdk_JE1Wx4GTzN1tO8UGtLEE2vgBH1Kdb9UpL8WSThmvbbLOCuni3PCqnLYxvwkNVfLSrtKw6TOlM21EEOpDwrZkM-188fh6CzW1ZrGv6OqnqJcgAiMHtGWX9kcUJ4n8wwl8xaZyg1HDLzxbkop_tujRs-Fl8Xve15g4-qCR_89XTthftkAvOpvKnqiyEaSbpDXrEdrSJ7qEorp5D-la8YW8CqPc3B8BP4el41JXSloItV9i-HCqqlbS9V20y2Ia-4xm6N-mP6WBMBf33aGZubVR8LelrvTNAMI8FQ4K_3uQ2mA9KyE8QeCE9LpKg&amp;v=5ea15727,cleaned_train.csv label=1
http://jvkj-ru.1gb.ru/,cleaned_train.csv label=1
https://copiar.facebaak.gq/sites/11/1595545178/,cleaned_train.csv label=1
http://liencs.fr/we4,cleaned_train.csv label=1
http://04de5a73-bfcf-4a49-95ed-e4f8c3f51fde.htmlcomponentservice.com/get_draft?id=96c871_39d1eee16c26eff7fabe1ba646529cb6.html,cleaned_train.csv label=1
http://etigroup.az/wp-content/plugins/revslider/languages/o/indexaa.php,cleaned_train.csv label=1
https://usid-4548.mixh.jp/,cleaned_train.csv label=1
https://aruba-di.blogspot.com/?m=1,cleaned_train.csv label=1
http://anjoe.com/js/www.loginalibaba.com/alibaba/,cleaned_train.csv label=1
https://support-appleld.com.secureupdate.duilawyeryork.com/ap/d9ba4cca67d93b7/?cmd=_update&dispatch=d9ba4cca67d93b756&locale=_US,cleaned_train.csv label=1
http://secureupdate.appleld.com.duilawyeryork.com/ap/79298e36b71b0eb,cleaned_train.csv label=1
http://comptesenlignelabanquepostale-fr.surge.sh/?wsost/OstBrokerWeb/loginform?TAM_OP=login&amp;ERROR_CODE=0x00000000&amp;URL=/voscomptes/canalXHTML/identif.ea?origin=particuliers,cleaned_train.csv label=1
http://eve292929.dothome.co.kr/1122/?sec=OberHinrich,cleaned_train.csv label=1
https://ybhr.or.id/wp-includes/Impots-gouv.fr/a/tn/,cleaned_train.csv label=1
https://microsoft-secure-online.oa.r.appspot.com/logi.html,cleaned_train.csv label=1
https://ee-paymentalert.com/account/index?ac=ee,cleaned_train.csv label=1
http://celtabets2020.blogspot.com,cleaned_train.csv label=1
http://jalfre.com/joomla16/administrator/d/,cleaned_train.csv label=1
http://mikilpi.cz/logs/csv/89,cleaned_train.csv label=1
http://dutchiedutch.com/zel/indexx.php,cleaned_train.csv label=1
http://northstaradvisorygroup.com/att/sbc/sbc/sbcglobal.net.htm,cleaned_train.csv label=1
http://kovolem.cz/4458A73BC08A11997B7121510F00D9B9/?sec=Alexandra%20Hentsche,cleaned_train.csv label=1
http://support-appleld.com.secureupdate.duilawyeryork.com/ap/54ddcc226870c7d,cleaned_train.csv label=1
https://irzaknetwork.org/sdsdhededed/eBa.e12011.m44.l1483.euid67569894a2744aea88d4f40e7d49ea9c.bu43204723001.segname20200712114353/,cleaned_train.csv label=1
https://useful-maxim-276319.uc.r.appspot.com/off365.html,cleaned_train.csv label=1
http://polesportsfrance-marseille.fr/wp-includes/opm/night,cleaned_train.csv label=1
http://customercommunityimh.com/access/telekom/,cleaned_train.csv label=1
http://www.hitsem.com/images/?http:/us.battle.net/login/en/?ref=http:/vwchlhcus.battle.net/d3/en/index,cleaned_train.csv label=1
http://google-apps.cz/,cleaned_train.csv label=1
https://snip.ly/www.netflix.com-signIn-account/?userid=UidAq0Y3,cleaned_train.csv label=1
http://mr-statucki.com/wp-content/uploads/2009/hotmail/hotmail.html,cleaned_train.csv label=1
